рішення,постачальник,схожість,мій_id,id_постачальника,мій_товар,товар_постачальника,моя_ціна,ціна_постачальника,причина
,vodospad,97.2,8.107,32356,Садовий секатор із наковаленкою LOWE Original 8.107,Садовий секатор із наковаленкою LOWE Original 8.107 (8.107),2990,2990,"назви схожі, перевірте"
,vodospad,97.1,BCL25IB,39101,Секатор акумуляторний Bahco BCL25IB,Акумуляторний секатор Bahco (BCL20IB),33750,16999,"назви схожі, перевірте"
,vodospad,95.7,BCL240,39101,Секатор акумуляторний Bahco BCL240,Акумуляторний секатор Bahco (BCL20IB),20025,16999,"назви схожі, але різні коди виробника"
,vodospad,95.6,PROF-H,42566,Шкіряний чохол Bahco PROF-H Бахо,Чохол шкіряний BAHCO (PROF-H),1350,1390,"назви схожі, різняться словами: бахо"
,plantsclub,95,5770/R,10823,Ніж для щеплення універсальний високовуглецева сталь хобі Антоніні / Antonini (5770/R) Італія,Ніж Antonini 5770/R для щеплення універсальний високовуглецева сталь хобі,450,450,"назви схожі, різняться словами: антоніні"
,plantsclub,94.7,702,15822,Секатор садовий обвідний Йошіока Хамоно / Yoshioka Hamono (702),Секатор Yoshioka Hamono 702 японський садовий обвідний (Йошіока Хамоно 702),1990,1990,"назви схожі, різняться словами: японський"
,plantsclub,94.7,701-1,15821,Секатор садовий обвідний Йошіока Хамоно / Yoshioka Hamono (701),Секатор Yoshioka Hamono 701 японський садовий обвідний (Йошіока Хамоно 701),1890,1890,"назви схожі, різняться словами: японський"
,plantsclub,94.7,5016/L,10810,Ніж для щеплення універсальний високовуглецева сталь Антоніні / Antonini (5016/L) Італія,Ніж Antonini 5016/L для щеплення універсальний високовуглецева сталь,1260,1130,"назви схожі, різняться словами: антоніні"
,plantsclub,94.7,5016/N,10812,Ніж для щеплення універсальний високовуглецева сталь Антоніні / Antonini (5016/N) Італія,Ніж Antonini 5016/N для щеплення універсальний високовуглецева сталь,1130,1130,"назви схожі, різняться словами: антоніні"
,plantsclub,94.7,5016/R,10813,Ніж для щеплення універсальний високовуглецева сталь Антоніні / Antonini (5016/R) Італія,Ніж Antonini 5016/R для щеплення універсальний високовуглецева сталь,1130,1130,"назви схожі, різняться словами: антоніні"
,vodospad,94.6,9.107,32327,LOWE Original 9.107 обхідний секатор Німеччина,Обхідний секатор LOWE 9.107 (Німеччина),3190,3190,"назви схожі, різняться словами: original"
,vodospad,94.6,9.104,32326,LOWE Original 9.104 Обхідний секатор Німеччина,Обхідний секатор LOWE 9.104 (Німеччина),3190,3190,"назви схожі, різняться словами: original"
,plantsclub,94.4,CT-42PRO,11182,Пила АРС Турбокат / ARS Turbocut (CT-42PRO) серповидна з кобурою Японія,Пила ARS TURBOCUT CT-42PRO серповидна з кобурою (АРС CT-42PRO ТУРБОКАТ),3990,3990,"назви схожі, перевірте"
,plantsclub,94.4,5017/L,10814,Ніж для щеплення універсальний нержавіюча сталь Антоніні / Antonini (5017/L) Італія,Ніж Antonini 5017/L для щеплення універсальний нержавіюча сталь,1169,1169,"назви схожі, різняться словами: антоніні"
,plantsclub,94.4,9496/N,15497,Ніж для обрізки і зачистки високовуглецева сталь Антоніні / Antonini (9496/N) Італія,Ніж Antonini 9496/N для обрізки і зачистки високовуглецева сталь,440,440,"назви схожі, різняться словами: антоніні"
,vodospad,93.9,15.107,32928,Секатор садовий LOWE Original 15.107,Секатор садовий LOWE Original 15.107 (Німеччина),1850,1850,"назви схожі, перевірте"
,plantsclub,93.3,VS-8XZ,11839,Секатор АРС / ARS (VS-8XZ) професійний обвідний Японія,Секатор ARS VS-8XZ професійний обвідний (АРС VS-8XZ),2299,2299,"назви схожі, але різні коди виробника"
,plantsclub,93.3,VS-7XZ,11836,Секатор АРС / ARS (VS-7XZ) професійний обвідний Японія,Секатор ARS VS-7XZ професійний обвідний (АРС VS-7ХZ),2099,2099,"назви схожі, але різні коди виробника"
,plantsclub,93.2,P6201,16017,Серп-коса для трави 32 см Фукс / Fux (P6201) Австрія,Серп-Коса 32 см FUX 1 для трави (Фукс P6201),2400,2400,"назви схожі, але різні коди виробника"
,plantsclub,93.1,4040,16167,Родентицид Капкан (парафінові брикети) 300 г Ukravit Укравіт Україна,"Родентицид Капкан парафінові брикети 300 г, Укравіт",98,117,"назви схожі, різняться словами: ukravit"
,plantsclub,93,1101,12719,Камінь точильний натуральний Due Buoi (1101) Італія,Точильний камінь Due Buoi натуральний,548,440,"назви схожі, перевірте"
,plantsclub,92.9,7247,9239,Добриво Терафлекс Terraflex Старт (11-40-11+2MgO+TE) 25 кг SmartGrow Бельгія,"Добриво Terraflex Старт 11-40-11+2MgO+TE (Терафлекс), 25 кг",4300,4407,код збігся з кількома товарами
,plantsclub,92.9,CT-32E,11180,Пила АРС / ARS (CT-32E) серповидна з кобурою Японія,Пила ARS CT-32E серповидна з кобурою (АРС CT-32E),1690,1690,"назви схожі, але різні коди виробника"
,plantsclub,92.7,981,9607,Засіб для видалення смоли Фелко / Felco 981 Швейцария,Засіб для видалення смоли Felco 981 (Фелко 981),559,559,"назви схожі, різняться словами: швейцария"
,plantsclub,92.6,7246,9241,Добриво Терафлекс Terraflex Фінал (4-8-36+3MgO+TE) 25 кг SmartGrow Бельгія,"Добриво Terraflex Фінал 4-8-36+3MgO+TE (Терафлекс), 25 кг",2982,3630,"назви схожі, різняться словами: smartgrow"
,vodospad,92.5,2626/N,40634,Ніж садовий кривий Antonini 18 см сталь - C67 (2626/N) Італія,"Ніж садовий кривий Antonini, 18 см, сталь - C67 (2626/R)",1285,1190,"назви схожі, але різні коди виробника"
,vodospad,92.4,8.104,32356,Садовий секатор з наковаленкою LOWE Original 8.104,Садовий секатор із наковаленкою LOWE Original 8.107 (8.107),2990,2990,"назви схожі, перевірте"
,vodospad,92.4,Sharkbag18,42290,Сумка-мішок Shark на спину для збору врожаю 18 л (Sharkbag18) Pluco Польща,"Сумка-мішок на спину для збору врожаю, 18л Sharkbag18",2150,2180,"назви схожі, різняться словами: pluco, shark"
,plantsclub,92.3,25/2Р. А,10807,Ніж для обрізки і щеплення високовуглецева сталь Антоніні / Antonini (25/2Р. А) Італія,Ніж Antonini 25/2P. A для обрізки і щеплення високовуглецева сталь,770,770,"назви схожі, різняться словами: антоніні"
,plantsclub,92.3,1100,12720,Камінь точильний штучний Due Buoi (1100) Італія,Точильний камінь Due Buoi штучний,579,496,"назви схожі, перевірте"
,plantsclub,91.8,200AP,10848,Ніж Due Buoi 200AP для щеплення універсальний Італія,Ніж Due Buoi 202AP для щеплення універсальний,1790,1690,"назви схожі, перевірте"
,plantsclub,91.7,PX-M3,11858,Секатор Bahco PX-M3 для обрізання саду,Секатор Bahco PX-M3 для обрізки саду,2950,2950,"назви схожі, різняться словами: обрізання, обрізки"
,plantsclub,91.6,Z-8,15820,Секатор садовий обвідний Камакі / Kamaki (Z-8) Японія,Секатор Kamaki Z-8 японський садовий обвідний (Камакі Z-8),1149,1139,"назви схожі, різняться словами: японський"
,plantsclub,91.5,PX-L3,11858,Секатор Bahco PX-L3 для обрізки саду Бахо,Секатор Bahco PX-M3 для обрізки саду,2990,2950,"назви схожі, різняться словами: бахо"
,plantsclub,91.3,GO-1,12361,Спрей для догляду за садовим інструментом ARS / АРС (GO-1) Японія,Спрей ARS GO-1 для догляду за інструментом (АРС GO-1),499,499,"назви схожі, різняться словами: садовим"
,vodospad,91.1,7.109,32746,Секатор садовий із наковаленкою Льове / Lowe Original (7.109) Німеччина,Садовий секатор із наковаленкою LOWE Original 7.109 (7.109),3300,3300,"назви схожі, різняться словами: льове"
,vodospad,90.9,903,32580,Точильний камінь алмаз 100 мм Felco 903,Точильний камінь (алмаз) 100 мм (Felco903),1199,1199,"назви схожі, різняться словами: felco"
,plantsclub,90.8,5036/L,15482,Ніж для копуліровки високовуглецева сталь Антоніні / Antonini (5036/L) Італія,Ніж Antonini 5026/L для копуліровки високовуглецева сталь,1035,995,"назви схожі, але різні об'єми або розміри"
,vodospad,90.6,2446,42600,Ніж Bahco 220 мм INOX (2446) Бахо Швеція,Ніж Bahco 220 мм INOX (2446),450,440,"назви схожі, різняться словами: бахо"
,plantsclub,90.6,9.109,11981,Секатор обвідний з поворотним руків'ям​​​​​​​ Льове / Lowe Original (9.109) Німеччина,Секатор Lowe 9.109 обвідний з поворотним руків'ям (Льове 9.109),3750,3750,"назви схожі, різняться словами: original"
,plantsclub,90.6,PM-24L,11192,Пила АРС / ARS (PM-24L) складна Японія,Пила складна ARS PM-24 (АРС PM-24),1920,1920,"назви схожі, але різні коди виробника"
,vodospad,90.5,910 Black,42575,Чохол для секатора Фелко / Felco 910 Black Швейцарія,Чохол для секатора (Felco 910 Black),1349,1349,"назви схожі, різняться словами: фелко"
,plantsclub,90.5,640,11216,Пила в кобурі 440 мм Фелко / Felco 640 Швейцарія,Пила в кобурі Felco 640 (Фелко 640),3490,3490,"назви схожі, перевірте"
,plantsclub,90.5,ddd10be1-abba-11ee-bf43-c87f546feb15,9622,Окуляри захисні,Захисні окуляри LESO-TR,,70,"назви схожі, різняться словами: lesotr"
,vodospad,90.4,605/11,32936,Щеплювальний ніж універсальний Тіна / Tina (605/11) Німеччина,Ніж універсальний TINA 605/11 (Німеччина),4999,4999,"назви схожі, різняться словами: тіна, щеплювальний"
,plantsclub,90.4,3604-21.B,11876,Секатор 210 мм універсальний Bellota (3604-21.B) Іспанія,Секатор Bellota 3604-21 універсальний,1989,1989,"назви схожі, але різні коди виробника"
,plantsclub,90.3,SR-BAG.L,16238,Сумка Смарт Рейн / Smart Rain 400 л (SR-BAG.L),Сумка Smart Rain 280 л SR-BAG (Смарт Рейн SR-BAG),995,695,"назви схожі, але різні об'єми або розміри"
,plantsclub,90.3,646283f3-abbb-11ee-bf43-c87f546feb15,11884,Секатор Due Buoi 175 см (1145/17.5) типу ножиці довгі леза Дю Буі,"Секатор Due Buoi 1145/17,5 типу ножиці довгі леза (Дуе Буаї)",419,496,"код збігся, але різні коди виробника"
,plantsclub,90.2,P6202,16018,Серп-коса для трави 37 см Фукс / Fux (P6202) Австрія,Серп-Коса 35 см FUX 2 для трави (Фукс P6202),2650,2650,"назви схожі, але різні об'єми або розміри"
,vodospad,90,606,32935,Щеплювальний ніж універсальний Тіна / Tina (606) Німеччина,Ніж універсальний TINA 606 (Німеччина),4799,4799,"назви схожі, різняться словами: тіна, щеплювальний"
,vodospad,90,605,32806,Щеплювальний ніж універсальний Тіна / Tina (605) Німеччина,Ніж універсальний TINA 605 (Німеччина),4799,4799,"назви схожі, різняться словами: тіна, щеплювальний"
,plantsclub,90,3512-21.B,11872,Секатор 210 мм професійний Bellota (3512-21.B) Іспанія,Секатор Bellota 3512-21 професійний,2798,2798,"назви схожі, але різні коди виробника"
,plantsclub,90,3510-21.B,11871,Секатор 210 мм професійний Bellota (3510-21.B) Іспанія,Секатор Bellota 3510-21 професійний,2649,2649,"назви схожі, але різні коди виробника"
,plantsclub,90,CAM-24LN,11177,Пила АРС / ARS (CAM-24LN) з кобурою Японія,Пила з кобурою ARS CAM-24LN (АРС CAM-24LN),1459,1459,"назви схожі, але різні коди виробника"
,plantsclub,89.9,VS-9XZ,11843,Секатор АРС / ARS (VS-9XZ) професійний обвідний Японія,Секатор ARS VS-9Z професійний обвідний (АРС VS-9Z),2519,1490,"назви схожі, але різні коди виробника"
,plantsclub,89.8,7104,9312,Добриво Монокалій фосфат 0-52-34 Nova Peak 25 кг ICL Ізраїль,"Добриво водорозчинне Монокалій фосфат ICL Novapeak 0-52-34 (Ізраїль), 25 кг",3798,3950,"назви схожі, різняться словами: водорозчинне"
,plantsclub,89.8,7242,9232,Добриво Терафлекс Ягідний Terraflex S (14-6-25 + 3.2 MgO + TЕ) 2 кг SmartGrow Бельгія,"Добриво Terraflex - S 14-6-25+3.2MgO+TE (Терафлекс), 2 кг",498,398,"назви схожі, різняться словами: smartgrow, ягідний"
,plantsclub,89.7,GR-18L,11189,Пила АРС / ARS (GR-18L) складна Японія,Пила складна ARS GR-18L (АРС GR-18L),1449,1449,"назви схожі, але різні коди виробника"
,vodospad,89.6,1.102,32739,Секатор з наковаленкою Льове / Lowe Original (1.102) Німеччина,Секатор з наковаленкою LOWE Original 1.102 (1.102),1045,1045,"назви схожі, різняться словами: льове"
,vodospad,89.5,8.109,32357,LOWE Original 8.109 Садовий секатор з наковаленкою Німеччина,Садовий секатор із наковаленкою LOWE Original 8.109 (8.109),3690,3690,"назви схожі, перевірте"
,plantsclub,89.3,KIKUWA-1090,16436,Диспенсер для олії камелії Kikuwa Honmamon (1090) Японія,"Диспенсер Kikuwa Honmamon для олії камелії (Кікува Хонмамон, 1090)",990,990,"назви схожі, різняться словами: кікува, хонмамон"
,plantsclub,89.3,m2013,14721,Інсектицид Прованто вернал 480 SC к.с. 2мл.,"Інсектицид Прованто Вернал (тіаклоприд 480 г/л) 480 SС К.С. 2 мл, SBM",24,40,"назви схожі, різняться словами: sbm, тіаклоприд"
,vodospad,89.2,203C,33191,Щеплювальний ніж Due Buoi 203C Італія,Окулювальний ніж Due Buoi 213C (Італія),2320,1190,"назви схожі, різняться словами: окулювальний, щеплювальний"
,plantsclub,89.2,630,11215,Пила в кобурі 500мм Felco / Фелко 630 Швейцарія,Пила в кобурі Felco 630 (Фелко 630),3590,3390,"назви схожі, перевірте"
,plantsclub,89.2,3101 MFV.B,10511,Лопата штикова садова Bellota 3101 MFV.B Іспанія,Лопата Bellota 3101 MFV штикова,1699,1699,"назви схожі, різняться словами: садова"
,vodospad,89.1,8007,32770,Lowe 8007 Набір для ремонту Німеччина,Набір для ремонту Lowe 8007 (8007),1050,1050,"назви схожі, перевірте"
,plantsclub,89,3520.B,11008,Ножиці для квітів 205 мм Bellota (3520.B) Іспанія,Ножиці для квітів Bellota 3520,755,755,"назви схожі, перевірте"
,plantsclub,89,3601-21.B,11875,Секатор 210 мм кований Bellota (3601-21.B) Іспанія,Секатор Bellota 3601-21 кований,581,580.79,"назви схожі, але різні коди виробника"
,plantsclub,89,m3002,15851,"Фунгіцид Магнікур Сенсейшн 500 SC к.с. 3,5мл","Фунгіцид Магнікур Сенсейшен 500 SC 3,5 мл, Bayer",60,65,"назви схожі, різняться словами: bayer, сенсейшен, сенсейшн"
,vodospad,88.8,2.107,32335,Секатор з ковадлом Льове / Lowe Original (2.107) Німеччина,Секатор з ковадлом LOWE Original 2.107 (2.107),2440,2440,"назви схожі, різняться словами: льове"
,vodospad,88.7,35-70,40540,Плодомір-калібратор для фруктів 35-70 мм (35-70) Eko-Plon Польща,Плодомір-калібратор для фруктів 8 шт 35-70 мм (35-70),359,359,"назви схожі, різняться словами: ekoplon"
,plantsclub,88.7,3555.B,11040,Ножиці для трави 350 мм Bellota (3555.B) Іспанія,Ножиці для трави Bellota 3555,1035,1035,"назви схожі, перевірте"
,plantsclub,88.6,205Р,10856,Щеплювальний ніж для окулірування Due Buoi 205P Італія,Ніж Due Buoi 205P для окулірування,1949,1949,"назви схожі, різняться словами: щеплювальний"
,vodospad,88.5,671,36357,Професійний спарений ніж для щеплення волоського горіха Тіна / Tina (671) Німеччина,Професійний стаціонарний спарений ніж для щеплення волоського горіха Tina 671 (671),12999,12999,"назви схожі, різняться словами: стаціонарний, тіна"
,plantsclub,88.5,7241,9232,"Добриво Терафлекс Ягідний Terraflex S (14-6-25 + 3,2 MgO + TЕ) 25 кг SmartGrow Бельгія","Добриво Terraflex - S 14-6-25+3.2MgO+TE (Терафлекс), 2 кг",4406,398,"назви схожі, але різні об'єми або розміри"
,plantsclub,88.5,3461-C.B,11019,Ножиці для обрізки кущів (3461-C.B) Bellota Іспанія,Ножиці для кущів Bellota 3461-C,2287,2287,"назви схожі, різняться словами: обрізки"
,plantsclub,88.5,3461-C.B.,11019,Ножиці для обрізки кущів Bellota (3461-C.B.) Іспанія,Ножиці для кущів Bellota 3461-C,1845,2287,"назви схожі, різняться словами: обрізки"
,vodospad,88.2,ddd10b7f-abba-11ee-bf43-c87f546feb15,38700,Садові ножиці,Садові ножиці ARS (310),,445,"назви схожі, різняться словами: ars"
,plantsclub,88.1,3510-21D.B,12061,Секатор 210 мм професійний для великих рук Bellota (3510-21D.B) Іспанія,Секатор професійний Bellota 3512-22.B для великих рук,2369,1909,"назви схожі, але різні коди виробника"
,plantsclub,88.1,3556.B,11047,Ножиці довгомірні для підрізування трави Bellota (3556.B) Іспанія,Ножиці довгомірні Bellota 3556.B для підрізки трави,2314,2314,"назви схожі, різняться словами: підрізки, підрізування"
,plantsclub,88.1,HT-R11,10979,Ніж для степлера HT-R1 MAX Tapener (комплект 2шт),Ніж для степлера HT-B MAX (комплект 3шт),250,289,"назви схожі, але різні об'єми або розміри"
,vodospad,88,3083.B,43391,Сапка рамкова без держака 150 мм Bellota (3083.B) Іспанія,Сапка рамкова Bellota 3083.B (плоскоріз) 150 мм без держака,485,469,"назви схожі, різняться словами: плоскоріз"
,plantsclub,88,611,11213,Пила в кобурі 500 мм Felco / Фелко 611 Швейцарія,Пила в кобурі Felco 611 (Фелко 611),2990,2990,"назви схожі, перевірте"
,vodospad,87.8,N9.107,43329,Секатор обвідний Lowe Natural Series (N9.107) дерев’яні ручки Німеччина,"Секатор обвідний LOWE N9.107 Natural Series, зріз 22 мм, дерев’яні ручки з гікорі",5499,5499,"назви схожі, різняться словами: гікорі, зріз"
,vodospad,87.8,N9.104,43323,Секатор обвідний Lowe Natural Series (N9.104) дерев’яні ручки Німеччина,"Секатор обвідний LOWE N9.104 Natural Series, зріз 22 мм, дерев’яні ручки з гікорі",5499,5499,"назви схожі, різняться словами: гікорі, зріз"
,vodospad,87.8,3580-CH.B,37700,Запасне контрлезо для гілкоріза 3580 (3580-CH.B) Bellota Іспанія,Запасне контрлезо 3580 Bellota (3580-CH),1259,1210,"назви схожі, але різні коди виробника"
,plantsclub,87.7,3344,12851,Фунгіцид Парацельс 100 мл Сімейний Сад Україна,Фунгіцид Парацельс К.С. (флутриафол) 100 мл Сімейний Сад,198,178,"назви схожі, різняться словами: флутриафол"
,plantsclub,87.6,3505-23.B,12061,Секатор 228 мм професійний для великих рук Bellota (3505-23.B) Іспанія,Секатор професійний Bellota 3512-22.B для великих рук,2054,1909,"назви схожі, але різні коди виробника"
,plantsclub,87.6,7238,9236,Добриво Терафлекс Пасльоновий Terraflex Т (15-8-25 + 3.5 MgO + TЕ) 2 кг SmartGrow Бельгія,"Добриво Terraflex T 15-8-25+3,5MgO+TE (Терафлекс), 2 кг",475,377,"назви схожі, різняться словами: smartgrow, пасльоновий"
,vodospad,87.5,9809,41796,Чохол шкіряний Lowe (9809) Льове Німеччина,Чохол шкіряний LOWE (9809),2090,2090,"назви схожі, різняться словами: льове"
,vodospad,87.4,7.107,32928,LOWE Original 7.107 Садовий секатор з наковаленкою Німеччина,Секатор садовий LOWE Original 15.107 (Німеччина),2850,1850,"назви схожі, різняться словами: наковаленкою"
,plantsclub,87.4,UVR-32PRO,11200,Пила АРС Супер Турбокат / ARS Super Turbocut (UVR-32PRO) з кобурою Японія,Пила з кобурою ARS UVR-32PRO Super Turbocut (АРС UVR-32PRO),3590,3590,"назви схожі, але різні коди виробника"
,vodospad,87.3,202P,33170,Щеплювальний ніж Італія Due Buoi 202P,Прищепний ніж Due Buoi 202P (Італія),1990,1990,"назви схожі, різняться словами: прищепний, щеплювальний"
,vodospad,87.3,990,32584,Мастило для секаторів FELCO 990,Мастило-смазка для секаторів FELCO 990-1 (30 мл),529,499,"назви схожі, різняться словами: смазка"
,vodospad,87.2,135/20,33212,Секатор Due Buoi 135/20 Італія,Секатор для обрізання дерев Due Buoi 135/20 (Італія),2550,2550,"назви схожі, різняться словами: дерев, обрізання"
,plantsclub,87.2,ddd10bb3-abba-11ee-bf43-c87f546feb15,11039,Ножиці для трави,Ножиці для трави Bahco GS-76,,990,"назви схожі, різняться словами: bahco"
,plantsclub,87.1,С 013,16108,Держак металевий для садового інструменту Смарт Рейн / Smart Rain (С 013) Україна,Держак Smart Rain металевий трисекційний для садового інструменту 215 см С 014 (Смарт Рейн С 014),745,745,"назви схожі, різняться словами: трисекційний"
,plantsclub,87,MF20ММ,10972,Ніж-кільце для обрізки кембрика металевий IMF 20 мм Італія,Ніж для обрізки кембрика металевий,290,150,"назви схожі, різняться словами: imf, кільце"
,plantsclub,86.9,1-500,14962,Садова замазка Balsam Pro / Бальзам Про 500 г Royal Mix,Садова замазка Balsam Pro Royal Mix 500 г (Роял Мікс),539,550,"назви схожі, різняться словами: бальзам, мікс, роял"
,plantsclub,86.9,1-250,14961,Садова замазка Balsam Pro / Бальзам Про 250 г Royal Mix,Садова замазка Balsam Pro Royal Mix 250 г (Роял Мікс),250,345,"назви схожі, різняться словами: бальзам, мікс, роял"
,vodospad,86.8,202AP,33187,Ніж Due Buoi 202AP для щеплення універсальний Італія,Ніж для щеплення Due Buoi 224P (Італія),1990,890,"назви схожі, різняться словами: універсальний"
,vodospad,86.8,12ANTAPL,40555,Ніж-кільце пластиковий на палець 20 / 24мм (12ANTAPL) Італія,Ніж-кільце на палець пластиковий 20/24мм cod.502 (12ANTAPL),195,195,"код збігся, але різні об'єми або розміри"
,plantsclub,86.8,3076.B,14024,Набір садових інструментів з алюмінію 3 предмети Bellota (3076.B) Іспанія,"Набір садових інструментів (3 од.) Bellota, 3076.B",1579,1579,"назви схожі, різняться словами: алюмінію, предмети"
,plantsclub,86.8,2C_387/20,11904,Секатор з храповим механізмом Due Cigni 200 мм (2C_387/20) Італія,Секатор Due Cigni 387/20 з храповим механізмом (Дуе Чіні),900,900,"назви схожі, різняться словами: чіні"
,plantsclub,86.7,2260,14076,Інсектицид Синерид 100 мл Сімейний Сад Україна,Інсектицид Синерид М.Д. (тіаклоприд) 100 мл Сімейний Сад,248,309,"назви схожі, різняться словами: тіаклоприд"
,vodospad,86.6,FAL00902,41178,Камінь точильний штучний 200х20х10 мм 240 Grit Falket / Фалкет (FAL00902) Італія,"Камінь точильний штучний, 200х20х10 мм, 240 GRIT, FALKET (00902)",480,480,"назви схожі, але різні коди виробника"
,plantsclub,86.6,150,14600,Садовий секатор обвідний Альпен / Alpen Gelbhorn 207 мм (150) Швейцарія,Садовий секатор Alpen Gelbhorn 150 обвідний (Альпен Гелбхорн 150),1299,1299,"назви схожі, різняться словами: гелбхорн"
,plantsclub,86.6,140,14599,Садовий секатор обвідний Альпен / Alpen Gelbhorn 193 мм (140) Швейцарія,Садовий секатор Alpen Gelbhorn 140 обвідний (Альпен Гелбхорн 140),780,780,"назви схожі, різняться словами: гелбхорн"
,vodospad,86.5,202L,33171,Щеплювальний ніж Due Buoi 202L Італія,Прищепний ніж Due Buoi 1202L (Італія),2190,2190,"назви схожі, але різні об'єми або розміри"
,plantsclub,86.5,UV-32E,11180,Пила АРС / ARS (UV-32E) серповидна з кобурою Японія,Пила ARS CT-32E серповидна з кобурою (АРС CT-32E),1690,1690,"назви схожі, але різні коди виробника"
,plantsclub,86.5,UV-32Е,11180,Пила АРС / ARS (UV-32E) серповидна з кобурою Японія,Пила ARS CT-32E серповидна з кобурою (АРС CT-32E),1549,1690,"назви схожі, але різні коди виробника"
,plantsclub,86.3,7237,9236,Добриво Терафлекс Пасльоновий Terraflex Т (15-8-25 + 3.5 MgO + TЕ) 25 кг SmartGrow Бельгія,"Добриво Terraflex T 15-8-25+3,5MgO+TE (Терафлекс), 2 кг",4320,377,"назви схожі, але різні об'єми або розміри"
,plantsclub,86.3,SR-L-800,16113,Планувальник грунту ручний без держака Смарт Рейн / Smart Rain (SR-L-800) Україна,Планувальник грунту Smart Rain ручний 890х390 мм без держака SR-L-890 (Смарт Рейн SR-L-890),1695,2650,"назви схожі, але різні коди виробника"
,vodospad,86.2,BCL23,39101,Секатор акумуляторний Bahco BCL23 Швеція,Акумуляторний секатор Bahco (BCL20IB),49500,16999,"назви схожі, перевірте"
,vodospad,86.2,B 180,37597,Секатор 180 мм Type B Ханакумагава / Hanakumagawa (B 180) Японія,Секатор TYPE B 180 мм Hanakumagawa,4090,4090,"назви схожі, різняться словами: ханакумагава"
,vodospad,86.2,6.104,32330,Lowe Original 6.104 Секатор з наковаленкою Німеччина,Секатор з наковаленкою LOWE Original 1.107 (1.107),2950,2220,"назви схожі, перевірте"
,vodospad,86.2,1100,33322,Камінь точильний штучний Due Buoi (1100) Італія,"Натуральний, точильний камінь Due Buoi 1101 (Італія)",579,548,"назви схожі, різняться словами: натуральний, штучний"
,plantsclub,86.2,9F-10,10781,Напилок для пилок ARS / АРС (9F-10) Японія,Напилок для пил ARS 9F-10 (АРС 9F-10),820,820,"назви схожі, різняться словами: пилок"
,plantsclub,86.2,С14,16108,Держак металевий для садового інструменту Смарт Рейн / Smart Rain (С14) Україна,Держак Smart Rain металевий трисекційний для садового інструменту 215 см С 014 (Смарт Рейн С 014),445,745,"назви схожі, різняться словами: трисекційний"
,plantsclub,86.2,3426,16080,Фунгіцид Мідний купорос (сульфат міді) 1 кг Садівник Україна,"Фунгіцид Мідний купорос (мідь сірчанокисла, сульфат міді) Садівник, 100 г",298,39,"назви схожі, але різні об'єми або розміри"
,vodospad,86.1,641/10,32808,Щеплювальний ніж Тіна / Tina (641/10) Німеччина,Ніж окулювальний TINA 641/10 (Німеччина),5999,5999,"назви схожі, різняться словами: окулювальний, тіна, щеплювальний"
,vodospad,86,gta-GY,43388,Фартух садовий для збору врожаю та кишенями для інструментів (gta-GY) Україна,"Фартух садовий з кишенями для інструментів і збору врожаю, зелений, арт. gta-GY",1299,1299,"назви схожі, різняться словами: зелений"
,vodospad,86,gta-GR,43338,Фартух садовий для збору врожаю та кишенями для інструментів (gta-GR) Україна,"Фартух садовий з кишенями для інструментів і збору врожаю, зелений, арт. GTA-GR",1299,1299,"назви схожі, різняться словами: зелений"
,vodospad,86,8002,41169,Змінне ковадло для секаторів Löwe 8 (8002),Змінна ковадло для секаторів Löwe 10.107 (10002),150,155,"назви схожі, різняться словами: змінна, змінне"
,plantsclub,86,12.109,11956,Секатор обвідний з поворотною ручкою Льове / Lowe Original (12.109) Німеччина,Секатор LOWE 12.109 з поворотною ручкою (Льове 12.109),3190,3190,"назви схожі, але різні коди виробника"
,plantsclub,85.9,180ZR-3.0-5,11813,Секатор АРС / ARS (180ZR-3.0-5) телескопічний на штанзі 1.8–3 м поворотна голова Японія,"Секатор ARS 180 ZR-3.0-5 телескопічний на штанзі 1,8 - 3 м поворотна голова (висоторіз АРС 180 ZR-3.0-5)",4945,4949,"назви схожі, різняться словами: висоторіз"
,plantsclub,85.9,4006,16167,Родентицид Капкан (парафінові брикети) 6 кг Ukravit Укравіт Україна,"Родентицид Капкан парафінові брикети 300 г, Укравіт",998,117,"назви схожі, але різні об'єми або розміри"
,plantsclub,85.9,720D,15816,Секатор типу ножиці Камакі / Kamaki (720D) Японія,Секатор Kamaki 710S японський типу ножиці (Камакі 710S),590,549,"назви схожі, різняться словами: японський"
,vodospad,85.8,T-16,42633,Ножиці для топіарної стрижки 270 мм Hidehisa Toyama Hamono (T-16) Японія,"Ножиці для топіарної стрижки 270 мм, модель T-16 (леза 130 мм, YCS-3 61HRC) HIDEHISA Toyama Hamono",10990,10990,"назви схожі, різняться словами: леза, модель"
,vodospad,85.8,149/AB,40821,Секатор обвідний 220 см Due Buoi (149/AB) Італія,Секатор обвідний Due Buoi 22 см (149/22),890,890,"назви схожі, але різні об'єми або розміри"
,plantsclub,85.8,SR-SH,16109,Лопата для газону (пробовідбірник ґрунту) Смарт Рейн / Smart Rain (SR-SH) Україна,Лопата Smart Rain для газону SR-SH (Смарт Рейн SR-SH),3950,3950,"назви схожі, різняться словами: пробовідбірник, ґрунту"
,plantsclub,85.8,MAX_blade,10979,Ніж для степлера HT-B MAX (комплект) (MAX_blades) Японія,Ніж для степлера HT-B MAX (комплект 3шт),289,289,"назви схожі, різняться словами: blades"
,vodospad,85.7,BCL235,39101,Секатор акумуляторний Bahco​​​​​​​ BCL235 Швеція,Акумуляторний секатор Bahco (BCL20IB),15975,16999,"назви схожі, але різні коди виробника"
,vodospad,85.7,BCL226,39101,Секатор акумуляторний Bahco BCL226 Швеція,Акумуляторний секатор Bahco (BCL20IB),11250,16999,"назви схожі, але різні коди виробника"
,vodospad,85.7,201AP,36462,Ніж Due Buoi 201AP для щеплення універсальний Італія,Ніж для щеплення Due Buoi 247P (Італія),1990,1990,"назви схожі, різняться словами: універсальний"
,vodospad,85.7,200AP,36462,Ніж Due Buoi 200AP для щеплення універсальний Італія,Ніж для щеплення Due Buoi 247P (Італія),1790,1990,"назви схожі, різняться словами: універсальний"
,vodospad,85.7,120EU,33890,Секатор АРС / ARS (120EU) садовий обвідний Японія,Садовий секатор ARS (120EU),1176,1179,"назви схожі, різняться словами: обвідний"
,plantsclub,85.7,133/20,11887,Секатор кований Due Buoi 133/20 Італія,Секатор Due Buoi 133/20 італійський кований (Дуе Буоі),2550,2550,"назви схожі, різняться словами: італійський, буоі"
,plantsclub,85.7,3001.B,12295,Совок для пересадки 80 мм Bellota (3001.B) Іспанія,Совок садовий Bellota 3001 (80 мм) для пересадки,459,455,"назви схожі, різняться словами: садовий"
,plantsclub,85.7,3000.B,12297,Совок для пересадки 60 мм Bellota (3000.B) Іспанія,Совок для пересадки вузький Bellota 3000 (60 мм),459,455,"назви схожі, різняться словами: вузький"
,plantsclub,85.7,6d0ae69e-75b2-11ef-803e-e89c257d8b8f,12295,Совок для пересадки 80 мм Bellota (3001.B) Іспанія,Совок садовий Bellota 3001 (80 мм) для пересадки,429,455,"назви схожі, різняться словами: садовий"
,plantsclub,85.7,3001.В,12295,Совок для пересадки 80 мм Bellota 3001.В. Іспанія,Совок садовий Bellota 3001 (80 мм) для пересадки,375,455,"назви схожі, різняться словами: садовий"
,vodospad,85.6,M-TRIM,43328,Килимок для стрижки рослин на затяжках та липучках​​​​​​​ 150×150 см Oxford 85D (M-TRIM) Україна,Килимок для стрижки рослин 150×150 см з полієстеру Oxford 85D на затяжках та липучках (зелений),999,999,"назви схожі, різняться словами: mtrim, зелений, полієстеру"
,vodospad,85.5,3408.B.,42277,Секатор 195 мм Bellota (3408.B.) Іспанія,"Секатор 195 мм, Bellota (3409)",729,625,"назви схожі, перевірте"
,vodospad,85.5,75106-9/L.B.,39927,Рукавички садові Protect Bellota розмір L (75106-9/L.B.) Іспанія,Рукавички садові Bellota (75106-9/L),529,529,"назви схожі, але різні коди виробника"
,vodospad,85.5,75106-8/M.B.,39926,Рукавички садові Protect Bellota розмір М (75106-8/M.B.) Іспанія,Рукавички садові Bellota (75106-8/M),529,529,"назви схожі, але різні коди виробника"
,plantsclub,85.5,2994.B,14023,Набір садових інструментів із скловолокна 3 предмета Bellota (2994.B) Іспанія,"Набір садових інструментів (3 од.) Bellota, 2994.B",799,799,"назви схожі, різняться словами: предмета, скловолокна"
,vodospad,85.4,75106-10/XL.B.,39928,Рукавички садові Protect Bellota розмір XL (75106-10/XL.B.) Іспанія,Рукавички садові Bellota (75106-10/XL),529,529,"назви схожі, але різні коди виробника"
,vodospad,85.3,CB-9Z,38706,Секатор АРС / ARS (CB-9Z) садовий обвідний Японія,Садовий секатор ARS (CB-9Z),1880,1880,"назви схожі, різняться словами: обвідний"
,vodospad,85.3,CB-8Z,38704,Секатор АРС / ARS (CB-8Z ) садовий обвідний Японія,Садовий секатор ARS (CB-8Z),1730,1730,"назви схожі, різняться словами: обвідний"
,plantsclub,85.3,1000685,10364,Ручний культиватор Fiskars QuikFit 136517 (1000685) Фінляндія,Культиватор Fiskars QuikFit 136511 ручний,1049,480,"назви схожі, але різні коди виробника"
,plantsclub,85.3,1-3000,16398,Садова замазка з фунгіцидом Арбосан / Arbosan 350 г Bio Plantella Словенія,"Лак-бальзам Bio Plantella Arbosan з фунгіцидом садова замазка з пензликом, 350 г (Арбосан Біо)",349,349,"назви схожі, різняться словами: бальзам, пензликом, словенія"
,plantsclub,85.2,m0007,14752,Фунгіцид Тіовіт Джет 80 в.г. 40г,"Фунгіцид Тіовіт Джет 80 (сірка 800 г/кг) WG в.г. 40 г, Syngenta",28,39,"назви схожі, різняться словами: syngenta, wg, сірка"
,vodospad,85.1,VA-8Z,41100,Секатор АРС / ARS (VA-8Z) професійний з коваделком Японія,Секатор ARS VA-8Z професійний з ковадлом (VA-8Z),2299,2299,"назви схожі, різняться словами: коваделком, ковадлом"
,vodospad,85.1,VA-7Z,41099,Секатор АРС / ARS (VA-7Z) професійний з коваделком Японія,Секатор ARS VA-7Z професійний з ковадлом (VA-7Z),2195,2195,"назви схожі, різняться словами: коваделком, ковадлом"
,plantsclub,85.1,3234,15606,Фунгіцид Мідний купорос сульфат міді 25 кг Україна,"Фунгіцид Мідний купорос (мідь сірчанокисла, сульфат міді), 1 кг",5248,240,"назви схожі, але різні об'єми або розміри"
,plantsclub,85.1,2262,9824,Інсектицид Альфа-Супер 500 мл Сімейний Сад Україна,Інсектицид Альфа Супер К.Е. (альфа-циперметрин) 500 мл Сімейний Сад,410,475,"назви схожі, різняться словами: циперметрин"
,plantsclub,84.9,7244,9234,Добриво Терафлекс Квітковий Terraflex F (18-6-19 + 3 MgO + TЕ) 2 кг SmartGrow Бельгія,"Добриво Terraflex F 18-6-19+3MgO+TE (Терафлекс), 2 кг",475,374,"назви схожі, різняться словами: mgo, smartgrow, квітковий"
,plantsclub,84.9,8091,13641,Добриво Osmocote / Хобі Осмокот для квітучих рослин 12-7-18 (2-3 М) ICL 1 кг Ізраїль,"Добриво тривалої дії Хобі Осмокот для квітучих рослин 12-7-18+Te (2-3 місяця), 1 кг - Osmocote",459,280,"назви схожі, різняться словами: icl, місяця, тривалої"
,vodospad,84.8,ddd10bb3-abba-11ee-bf43-c87f546feb15,39929,Ножиці для трави,Ножиці для трави Bellota (3555/B),,1029,"назви схожі, різняться словами: bellota"
,plantsclub,84.8,260,14602,Гілкоріз обвідний Альпен Вейссхорн / Alpen Weisshorn (260) Швейцарія,Сучкоріз Alpen Weisshorn 260 обвідний (Альпен Вейссхорн 260),2075,2075,"назви схожі, різняться словами: гілкоріз, сучкоріз"
,plantsclub,84.7,630/11,10941,Ніж садовий для обрізки Тіна / Tina (630/11) Німеччина,Ніж Tina 630/11 для обрізки,6999,6999,"назви схожі, різняться словами: садовий, тіна"
,plantsclub,84.7,626/11,10940,Ніж садовий для обрізки Тіна / Tina (626/11) Німеччина,Ніж Tina 626/11 для обрізки,6599,6599,"назви схожі, різняться словами: садовий, тіна"
,plantsclub,84.7,K-900Z,11015,Ножиці для кущів АРС / ARS (К-900Z) Японія,Ножиці для кущів ARS K-800 (АРС K-800),3690,2389,"назви схожі, але різні коди виробника"
,plantsclub,84.7,3612.B,11877,Секатор довгомірний телескопічний 1500 мм Bellota (3612.B) Іспанія,Секатор Bellota 3612 телескопічний,3429,3429,"назви схожі, різняться словами: довгомірний"
,plantsclub,84.7,613/20,11022,Ножиці для кущів Due Buoi 613/20 Італія,Ножиці для кущів Due Buoi 613/20 (Дюе Буаі),1990,1990,"назви схожі, різняться словами: буаі"
,plantsclub,84.7,2021,14086,Інсектицид Турбо Престо 500 мл Сімейний Сад,Інсектицид Турбо Престо М.Д. (клотіанідін + лямбда-цигалотрин + ПЕГ) 500 мл Сімейний Сад,775,856,"назви схожі, різняться словами: клотіанідін, лямбда, цигалотрин"
,vodospad,84.6,247P,33174,Щеплювальний ніж Due Buoi 247P Італія,Окулювальний ніж Due Buoi 214P-SP-OT (Італія),1990,870,"назви схожі, різняться словами: окулювальний, щеплювальний"
,plantsclub,84.6,980,12362,Спрей для очищення і захисту​​​​​​​ Фелко / Felco 980 Швейцарія,Спрей для очищування і захисту Felco 980 (Фелко 980),669,669,"назви схожі, різняться словами: очищення, очищування"
,plantsclub,84.6,1-200,14962,Садова замазка Balsam Pro / Бальзам Про 200 г Royal Mix,Садова замазка Balsam Pro Royal Mix 500 г (Роял Мікс),329,550,"назви схожі, але різні об'єми або розміри"
,vodospad,84.5,1.107,32335,Секатор з ковадлом Льове / Lowe Original (1.107) Німеччина,Секатор з ковадлом LOWE Original 2.107 (2.107),2220,2440,"назви схожі, різняться словами: льове"
,plantsclub,84.4,m20002,14714,"Інсектицид Актара 25 WG в.г. 1,4г.","Інсектицид Актара 25 (тіаметоксам 250 г/кг) WG в.г. 1,4 г, Syngenta",14,19,"назви схожі, різняться словами: syngenta, тіаметоксам"
,plantsclub,84.3,930,14624,Набір для догляду за інструментом Felco / Фелко 930 Швейцарія,Набір Felco 930 для догляду за інструментом (Фелко 903 + 980 + 990 + ключі),3560,3560,"назви схожі, різняться словами: ключі"
,plantsclub,84.3,2286,14078,Грунтовий інсектицид Твікс 100 мл Сімейний Сад Україна,Інсектицид Твікс К.Е. (хлорпирифос + циперметрин) грунтовий 100 мл Сімейний Сад,148,147,"назви схожі, різняться словами: хлорпирифос, циперметрин"
,plantsclub,84.2,210/30,11292,Пила пряма в кобурі Due Buoi RS 210/30 Італія,Пила пряма в кобурі Due Buoi RS 210/30 (Дуе Буаі 210/30),1190,1190,"назви схожі, різняться словами: буаі"
,vodospad,84.1,ddd10be1-abba-11ee-bf43-c87f546feb15,32509,Окуляри захисні,Окуляри захисні Estwing N6 (N6),,275,"назви схожі, різняться словами: estwing"
,plantsclub,84.1,266L,9841,Ніж для щеплення горіха Due Buoi 266L Італія,Інструмент Due Buoi 266L для щеплення горіха,1725,1725,"назви схожі, різняться словами: інструмент"
,plantsclub,84.1,88832,12283,Скоби для садового степлера (10000 шт) Flo (88832),Скоби до степлера садового TITAN (10000 шт),100,99,"назви схожі, але різні бренди"
,vodospad,84,M-TRIM-ROW,43346,Килимок для стрижки рослин в ряд з сумкою 135+140×500 см з полієстеру Oxford 350D (M-TRIM-ROW) Україна,Килимок для стрижки рослин в ряд 135+140×500 см з полієстеру Oxford 350D на затяжках та кнопках (темно-зелений) з сумкою,3849,3849,"назви схожі, різняться словами: mtrimrow, затяжках, зелений та ще 2"
,vodospad,84,5.107,32337,Секатор з ковадлом Льове / Lowe Original (5.107) Німеччина,Маленький секатор з ковадлом LOWE Original 5.107 (5.107),1900,1900,"назви схожі, різняться словами: льове, маленький"
,plantsclub,84,16.104,11961,Секатор садовий для троянд Льове / Lowe Original (16.104) Німеччина,Секатор Lowe 16.104 для троянд (Льове 16.104),2390,2390,"назви схожі, але різні коди виробника"
,plantsclub,84,16.107,11962,Секатор садовий для троянд Льове / Lowe Original (16.107) Німеччина,Секатор Lowe 16.107 для троянд (Льове 16.107),2390,2390,"назви схожі, але різні коди виробника"
,plantsclub,84,41-041,13915,Пила садова складна Целлфаст / Cellfast ERGO 25 см 300 г (41-041) Польща,Пила складна садова Cellfast Ergo 41-041 (Целфаст Ерго),990,1645,"назви схожі, різняться словами: ерго, целлфаст, целфаст"
,plantsclub,84,3410.B,16154,Секатор 195 мм з коваделком Bellota Smart (3410.B) Іспанія,Секатор Bellota 3410 з коваделком 195 мм (Беллота 3410),685,685,"назви схожі, але різні коди виробника"
,plantsclub,84,8118,14772,Добриво Агрeкол / Agrecol осіннє універсальне 0-16-20 1.2 кг Польща,"Добриво універсальне осіннє 3-12-24 Польща, 1 кг",352,75,"назви схожі, але різні об'єми або розміри"
,plantsclub,83.9,SR-Light,16113,Планувальник грунту ручний без держака Смарт Рейн / Smart Rain (SR-Light) Україна,Планувальник грунту Smart Rain ручний 890х390 мм без держака SR-L-890 (Смарт Рейн SR-L-890),1695,2650,"назви схожі, різняться словами: srlight"
,vodospad,83.8,615/12,32811,Щеплювальнй садовий ніж Тіна / Tina (615/12 ) Німеччина,Ніж середній садовий TINA 615/12 (Німеччина),5899,5899,"назви схожі, різняться словами: середній, тіна, щеплювальнй"
,vodospad,83.8,5.104,32336,Секатор із наковаленкою Льове / Lowe Original (5.104) Німеччина,Маленький секатор із наковаленкою LOWE Original 5.104 (5.104),1900,1900,"назви схожі, різняться словами: льове, маленький"
,plantsclub,83.8,180-2.4,11815,Секатор АРС / ARS (180-2.4) на штанзі 2.4 м Японія,"Секатор ARS 180-2.4, на штанзі 2,4 м (висоторіз АРС 180-2.4)",4680,4680,"назви схожі, різняться словами: висоторіз"
,plantsclub,83.8,180-1.8,11814,Секатор АРС / ARS (180-1.8) на штанзі 1.8м Японія,"Секатор ARS 180-1.8 на штанзі 1,8 м (висоторіз АРС 180-1.8)",3990,3990,"назви схожі, різняться словами: висоторіз"
,plantsclub,83.7,3504-23.B,11869,Секатор 230 мм кований професійний Bellota (3504-23.B) Іспанія,Секатор Bellota 3504-23 кований,2179,2179,"назви схожі, але різні коди виробника"
,plantsclub,83.7,7240,9230,Добриво Терафлекс Баштанний Terraflex С (17-7-21 + 3 MgO + TЕ) 2 кг SmartGrow Бельгія,"Добриво Terraflex - C 17-7-21+3MgO+TE (Терафлекс), 2 кг",475,371,"назви схожі, різняться словами: mgo, smartgrow, баштанний"
,plantsclub,83.7,m20014,14715,Інсектицид Актара 25 WG в.г. 6 г,"Інсектицид Актара 25 (тіаметоксам 250 г/кг) WG в.г. 6 г, Syngenta",,66,"назви схожі, різняться словами: syngenta, тіаметоксам"
,vodospad,83.6,111670,32132,Секатор із храповим механізмом Фіскарс / Fiskars PowerStep P83 (111670) Фінляндія,Секатор з храповим механізмом Fiskars PowerStep Р83 (1000575),2049,1399,"назви схожі, але різні коди виробника"
,plantsclub,83.6,8001/В,10444,Змінне лезо для секаторів LOWE 8 (8001/В),Лезо для секатора Lowe 8 (8001),850,680,"назви схожі, різняться словами: змінне, секаторів, секатора"
,plantsclub,83.6,1062,14064,Гербіцид Дабл Трай 500 мл Сімейний Сад Україна,Гербіцид Дабл Трай К.Е. (метолахлор) 500 мл Сімейний Сад,575,666,"назви схожі, різняться словами: метолахлор"
,plantsclub,83.6,m1001,16415,Гербіцид Ураган Форте 500 SL в.р.к. 300мл,"Гербіцид Ураган Форте 500 (калійна сіль гліфосату, 500 г/л) SL в.р.к. 300 мл, Syngenta",225,295,"назви схожі, різняться словами: syngenta, гліфосату, калійна та ще 1"
,vodospad,83.5,640/10,32808,Щеплювальний ніж Тіна / Tina (640/10) Німеччина,Ніж окулювальний TINA 641/10 (Німеччина),5699,5999,"назви схожі, різняться словами: окулювальний, тіна, щеплювальний"
,vodospad,83.5,5.127,32335,Секатор з ковадлом Льове / Lowe Original (5.127) Німеччина,Секатор з ковадлом LOWE Original 2.107 (2.107),1950,2440,"назви схожі, різняться словами: льове"
,vodospad,83.5,gta-SA,43389,Фартух садовий для збору врожаю та кишенями для інструментів (gta-SA) Україна,"Фартух садовий з кишенями для інструментів і збору врожаю, пісочного кольору, арт. gta-SA",1299,1299,"назви схожі, різняться словами: кольору, пісочного"
,vodospad,83.5,2446-LAP,42600,Ніж Bahco 220 мм INOX (2446-LAP) Бахо Швеція,Ніж Bahco 220 мм INOX (2446),440,440,"назви схожі, різняться словами: бахо"
,plantsclub,83.4,3135,15606,Фунгіцид Мідний купорос сульфат міді 25 кг Туреччина,"Фунгіцид Мідний купорос (мідь сірчанокисла, сульфат міді), 1 кг",5250,240,"назви схожі, але різні об'єми або розміри"
,plantsclub,83.4,7243,9234,Добриво Терафлекс Квітковий Terraflex F (18-6-19 + 3 MgO + TЕ) 25 кг SmartGrow Бельгія,"Добриво Terraflex F 18-6-19+3MgO+TE (Терафлекс), 2 кг",4161,374,"назви схожі, але різні об'єми або розміри"
,vodospad,83.2,640/10.5,32934,Щеплювальний ніж Тіна / Tina (640/10.5 ) Німеччина,"Прищепний ніж TINA 640/10,5 (Німеччина)",5699,5699,"назви схожі, різняться словами: прищепний, тіна, щеплювальний"
,plantsclub,83.2,3582.B,11053,Ножиці для обрізання кущів із загнутими ручками Bellota (3582.B) Іспанія,Ножиці садові Bellota 3582.B для обрізки кущів із загнутими ручками професійні,3199,3199,"назви схожі, різняться словами: обрізання, обрізки, професійні та ще 1"
,vodospad,83.1,3305,36832,Секатор з ковадлом Lowe 3305 Німеччина,Секатор LÖWE 3305 з ковадлом (3305),2650,2650,"назви схожі, перевірте"
,vodospad,83.1,0022,41069,Точилка карбід-вольфраму LOWE (0022) Льове Німеччина,Точилка карбід-вольфраму LÖWE 0022 (0022),875,875,"назви схожі, різняться словами: льове"
,plantsclub,82.9,40-100,13750,Граблі універсальні Целлфаст / Cellfast ERGO 152 см (40-100) Польша,Граблі металеві універсальні ERGO Cellfast 40-100 (Целфаст Ерго),1592,1592,"назви схожі, різняться словами: ерго, металеві, польша та ще 2"
,plantsclub,82.9,m3011,14765,Фунгіцид Хорус 75 WG в.г. 3г.,"Фунгіцид Хорус 75 (ципродиніл 750 г/кг) WG в.г. 3 г, Syngenta",30,49,"назви схожі, різняться словами: syngenta, ципродиніл"
,plantsclub,82.8,PG-M2-F,11858,"Секатор Bahco (M) PG-M2-F для обрізки саду, винограду, троянд",Секатор Bahco PX-M3 для обрізки саду,1875,2950,"назви схожі, різняться словами: винограду, троянд"
,plantsclub,82.8,PG-L2-F,11846,"Секатор Bahco (L) PG-L2-F для обрізки саду, винограду, троянд",Секатор Bahco P1-23 для обрізки саду,1570,1660,"назви схожі, різняться словами: винограду, троянд"
,plantsclub,82.7,2285,14088,Акарицид Міральд 100 мл Сімейний Сад Україна,Інсекто-акарицид Міральд К.Е. (фенпіроксимат) 100 мл Сімейний Сад,148,160,"назви схожі, різняться словами: інсекто, фенпіроксимат"
,plantsclub,82.6,P280-SL-60,15795,Гілкоріз Bahco P280-SL-60,Сучкоріз Bahco P280-SL-80,2925,3090,"назви схожі, але різні коди виробника"
,vodospad,82.4,1-200V,42918,Садовий бальзам Вокс / Voks 200 г Агрохімпак Україна,"Садовий бальзам VOKS (Вокс), 200 г в тубі",148,179,"назви схожі, різняться словами: агрохімпак, тубі"
,plantsclub,82.4,40-020,13730,Вила для копання Целлфаст / Cellfast ERGO 123 см 2.1 кг (40-020) Польша,Вила для копання ERGO Cellfast 40-020 (Целфаст Ерго),1962,1962,"назви схожі, різняться словами: ерго, польша, целлфаст та ще 1"
,vodospad,82.3,300/21,33189,Секатор для щеплення Due Buoi 300/21 Італія,Ніж для щеплення Due Buoi 226C (Італія),3999,940,"назви схожі, різняться словами: секатор"
,vodospad,82.3,133/20,33213,Секатор кований Due Buoi 133/20 Італія,Секатор для обрізання дерев Due Buoi 133/20 (Італія),2550,2550,"назви схожі, різняться словами: дерев, кований, обрізання"
,vodospad,82.3,990-1,32584,Мастило для секаторів Felco (990-1) Швейцарія,Мастило-смазка для секаторів FELCO 990-1 (30 мл),499,499,"назви схожі, різняться словами: смазка"
,plantsclub,82.3,P1-20,11846,"Секатор Bahco P1-20 для обрізки саду, троянд, винограду, Швеція",Секатор Bahco P1-23 для обрізки саду,1665,1660,"назви схожі, різняться словами: винограду, троянд"
,plantsclub,82.3,3395,15606,Фунгіцид Мідний купорос сульфат міді 1 кг (розсип) Україна,"Фунгіцид Мідний купорос (мідь сірчанокисла, сульфат міді), 1 кг",298,240,"назви схожі, різняться словами: мідь, розсип, сірчанокисла"
,vodospad,82.2,K-800,41920,Ножиці для кущів АРС / ARS (K-800) Японія,Ножиці для кущів ARS (К-1000),2389,3566,"назви схожі, перевірте"
,vodospad,82.2,PROF-SEC,33876,Чохол Bahco PROF-SEC,Чохол для секатора BAHCO PROF-SEC (PROF-SEC),1202,990,"назви схожі, різняться словами: секатора"
,vodospad,82.1,7.104,32330,Секатор із наковаленкою Льове / Lowe Original (7.104) Німеччина,Секатор з наковаленкою LOWE Original 1.107 (1.107),2850,2220,"назви схожі, різняться словами: льове"
,plantsclub,82.1,7239,9230,Добриво Терафлекс Баштанний Terraflex С (17-7-21 + 3 MgO + TЕ) 25 кг SmartGrow Бельгія,"Добриво Terraflex - C 17-7-21+3MgO+TE (Терафлекс), 2 кг",4063,371,"назви схожі, але різні об'єми або розміри"
,plantsclub,82.1,11.109,11956,Секатор садовий з поворотною ручкою Льове / Lowe Original (11.109) Німеччина,Секатор LOWE 12.109 з поворотною ручкою (Льове 12.109),3495,3190,"назви схожі, але різні коди виробника"
,plantsclub,82.1,3217,14097,Фунгіцид Мобіль 300 г Сімейний Сад Україна,Фунгіцид Мобіль В.Г. (ципродиніл) 300 г Сімейний Сад,848,1426,"назви схожі, різняться словами: ципродиніл"
,plantsclub,82.1,1161,8876,Гербіцид Напалм Форте 1 л Сімейний Сад Україна,Гербіцид Напалм Форте (гліфосат) 100 мл Сімейний Сад,548,108,"назви схожі, але різні об'єми або розміри"
,vodospad,82,1070679,39646,Вила садові Фіскарс / Fiskars Ergonomic (1070679) Фінляндія,Садові вила Fiskars Ergonomic (1001695),2699,1499,"назви схожі, але різні коди виробника"
,vodospad,82,3622 INOX.B,42219,Секатор для збирання винограду Bellota (3622 INOX.B) Іспанія,Секатор Bellota для збирання врожаю Bellota (3622),585,585,"назви схожі, різняться словами: inox, винограду, врожаю"
,plantsclub,82,1015619,12315,Універсальна сокира Фіскарс Fiskars S X10 121443 (1015619) Фінляндія,Сокира Fiskars Х10 універсальна,2399,1407,"назви схожі, різняться словами: фінляндія, фіскарс"
,plantsclub,82,2182,14081,Інсектицид Турбо Престо 3 Active (Актив) 500 мл Сімейний Сад,Інсектицид Турбо Престо 3 Active К.С. (клотіанідін + лямбда-цигалотрин + ППБ) 50 мл Сімейний Сад,1142,176,"назви схожі, але різні об'єми або розміри"
,vodospad,81.9,613/10.5,32810,Щеплювальний садовий ніж Тіна / Tina (613/10.5) Німеччина,"Ніж легкий садовий TINA 613/10,5 (Німеччина)",5099,5099,"назви схожі, різняться словами: легкий, тіна, щеплювальний"
,plantsclub,81.9,BCL240,12033,Секатор акумуляторний Bahco BCL240,Секатор акумуляторний з електроприводом Bahco BCL21,20025,49900,"назви схожі, різняться словами: електроприводом"
,plantsclub,81.9,R160A,10270,Запасне лезо для сучкоріза Bahco P-160 R160A,Контр-лезо до сучкоріза Bahco P160 (R260A),1160,1090,"назви схожі, різняться словами: запасне, контр"
,plantsclub,81.9,3345,14106,Фунгіцид Фрідом 100 мл Сімейний Сад Україна,Фунгіцид Фрідом Sano К.С. (флуазинам + диметоморф) 100 мл Сімейний Сад,298,310,"назви схожі, різняться словами: sano, диметоморф, флуазинам"
,plantsclub,81.8,5010003N,10610,Мастика Арборін / Arborinn 1 кг для холодного щеплення (5010003N) AgriChem Італія,"Мастика для холодного щеплення (лак-бальзам) Arborinn, 1 кг / Арборін, 1 кг",760,750,"назви схожі, різняться словами: agrichem, бальзам"
,vodospad,81.7,PS-23,42784,Секатор-ножиці 200 мм Тобішо / Tobisho (PS-23) Японія,"Секатор-ножиці TOBISHO PS-23, 200 мм, сталь YCS-3",5999,5999,"назви схожі, різняться словами: сталь, тобішо"
,plantsclub,81.7,396-HP,12276,Пила складна обрізна Bahco 396-HP,Складна садова пила закалена Bahco 396-HP,1530,1187.5,"назви схожі, різняться словами: закалена, обрізна, садова"
,plantsclub,81.7,BT5/25,11348,Стрічка - плівка для щеплення та окулірування BuddyTape (1 рулон) (без перфорації) 5 м х 25 мм BT5/25 Aglis Японія,"Плівка для щеплення Buddy Tape без перфорації 25мм х 5м, 1 рулон, стрічка Баді Тейп",520,550,"назви схожі, але різні бренди"
,vodospad,81.6,55-90,40540,Плодомір-калібратор для фруктів 55-90 мм (55-90) Eko-Plon Польща,Плодомір-калібратор для фруктів 8 шт 35-70 мм (35-70),359,359,"назви схожі, але різні об'єми або розміри"
,plantsclub,81.6,180ZF-3.0-5,11812,Секатор АРС / ARS (180ZF-3.0-5) телескопічний на штанзі 1.7–3 м Японія,"Секатор ARS 180 ZF-3.0-5 телескопічний на штанзі 1,7-3 м (висоторіз АРС 180 ZF-3.0-5)",4870,4870,"назви схожі, але різні об'єми або розміри"
,plantsclub,81.6,40-002,13871,Лопата штикова Целлфаст / Cellfast ERGO 123 см 2.1кг (40-002) Польща,Лопата штикова Cellfast Ergo 40-002 (Целфаст Ерго),1794,1794,"назви схожі, різняться словами: ерго, целлфаст, целфаст"
,plantsclub,81.6,1-501,14962,Садова замазка Balsam Pro / Бальзам Про 1 кг Royal Mix,Садова замазка Balsam Pro Royal Mix 500 г (Роял Мікс),848,550,"назви схожі, але різні об'єми або розміри"
,plantsclub,81.5,1066707,10543,Лопата штикова Fiskars Ergonomic Pro XL (1066707) Фінляндія,Лопата Fiskars Ergonomic 131410 штикова,2899,1699,"назви схожі, але різні коди виробника"
,plantsclub,81.5,P1-23,11846,"Секатор Bahco P1-23 для обрізання саду, троянд, винорга",Секатор Bahco P1-23 для обрізки саду,1660,1660,"назви схожі, різняться словами: винорга, обрізання, обрізки та ще 1"
,vodospad,81.2,1066712,37372,Лопата совкова Фіскарс / Fiskars Ergonomic (1066712) Фінляндія,Лопата совкова Fiskars Ergonomic (1001579),2599,1499,"назви схожі, але різні коди виробника"
,vodospad,81.2,PROF-LOPP,33877,Чохол Bahco PROF-LOPP,Чохол для сучкорізів BAHCO PROF-LOPP (PROF-LOPP),1590,1590,"назви схожі, різняться словами: сучкорізів"
,vodospad,81.2,910,33928,Чохол для секатора шкіряний Фелко / Felco 910 Швейцарія,Шкіряний чохол Felco (910+),1399,1399,"назви схожі, різняться словами: секатора, фелко"
,vodospad,81.2,150,43382,Садовий секатор обвідний Альпен / Alpen Gelbhorn 207 мм (150) Швейцарія,"Садовий секатор ALPEN Gelbhorn 150, обвідний, 205 мм, зріз до 20 мм",1299,1299,"назви схожі, але різні об'єми або розміри"
,plantsclub,81.2,1000L,15810,Кущоріз телескопічний 68-103 см Камакі / Kamaki (1000L) Японія,Садові ножиці Kamaki 1000L японські телескопічні 68-103 см (кущорізи Камакі 1000L),3099,3099,"назви схожі, різняться словами: кущоріз, кущорізи, ножиці та ще 4"
,plantsclub,81.2,1066712,10544,Лопата совкова Фіскарс / Fiskars Ergonomic (1066712) Фінляндія,Лопата Fiskars Ergonomic 132400 совкова,2599,958.3,"назви схожі, але різні коди виробника"
,vodospad,81.1,125/21S,33232,Секатор Due Buoi (125/21S) Італія,Прищепний секатор Due Buoi 303/21 (Італія),1960,1999,"назви схожі, різняться словами: прищепний"
,vodospad,81.1,125/18S,33232,Секатор Due Buoi (125/18S) Італія,Прищепний секатор Due Buoi 303/21 (Італія),1949,1999,"назви схожі, різняться словами: прищепний"
,plantsclub,81.1,SR-L-ECO-770,16113,Планувальник грунту ручний з держаком Смарт Рейн / Smart Rain (SR-L-ECO-770),Планувальник грунту Smart Rain ручний 890х390 мм без держака SR-L-890 (Смарт Рейн SR-L-890),2695,2650,"назви схожі, але різні коди виробника"
,plantsclub,81.1,2160,9837,Інсектицид Твікс 500 мл Сімейний Сад Україна,Інсектицид Твікс К.Е. (хлорпирифос + циперметрин) 500 мл Сімейний Сад,548,220,"назви схожі, різняться словами: хлорпирифос, циперметрин"
,vodospad,81,5796/N,40625,Садовий ніж для щеплення Антоніні / Antonini 17 см (5796/N) Італія,"Ніж садовий для щеплення Antonini, 17 см, сталь - C67 (5776/N)",430,550,"назви схожі, але різні коди виробника"
,plantsclub,81,1082130,12315,Універсальна сокира Fiskars Ultra XU14 (1082130) Фінляндія,Сокира Fiskars Х10 універсальна,4499,1407,"назви схожі, різняться словами: ultra, фінляндія"
,plantsclub,81,3402.B,16154,Секатор 195 мм з коваделком Bellota (3402.B) Іспанія,Секатор Bellota 3410 з коваделком 195 мм (Беллота 3410),969,685,"назви схожі, але різні коди виробника"
,plantsclub,81,Alpen-910,14594,Мастило Альпен Тамбо / Alpen Tambo (910) Швейцарія,Мастило Alpen Tambo 910 синтетичне (Альпен Тамбо 910),410,410,"назви схожі, різняться словами: синтетичне"
,plantsclub,81,7252,9219,Добриво Плодоношення 1 л SmartGrow Україна,"Добриво SmartGrow ПЛОДОНОШЕННЯ, 25 мл Смарт Гроу",231,20,"назви схожі, але різні об'єми або розміри"
,plantsclub,81,121000333202,14594,Мастило Альпен Тамбо / Alpen Tambo (910) Швейцарія,Мастило Alpen Tambo 910 синтетичне (Альпен Тамбо 910),,410,"назви схожі, різняться словами: синтетичне"
,plantsclub,80.9,1057912,12314,Набір для кемпінгу Fiskars Сокира XXS X5 + Ніж + Пила (1057912) Фінляндія,Сокира Fiskars X5 для кемпінгу,4999,1147.09,"назви схожі, різняться словами: xxs, набір, пила та ще 1"
,plantsclub,80.9,PX-M2,11857,Секатор Bahco PX-M2 Бахо,Секатор Bahco PX-M2 ергономічний,2475,1605,"назви схожі, різняться словами: бахо, ергономічний"
,plantsclub,80.9,12.104,11979,Секатор обвідний Льове / Lowe Original (12.104) Німеччина,Секатор Lowe 9.104 обвідний (Льове 9.104),2440,3190,"назви схожі, але різні коди виробника"
,vodospad,80.8,P11,32016,Ніж для щеплення P11 Bahco,Підрубний ніж Bahco 2448 (для щеплення,1559,1450,"назви схожі, різняться словами: підрубний"
,plantsclub,80.8,BCL25IB,12033,Секатор акумуляторний Bahco BCL25IB,Секатор акумуляторний з електроприводом Bahco BCL21,33750,49900,"назви схожі, різняться словами: електроприводом"
,plantsclub,80.8,40-220,13731,Вила для копання Целлфаст / Cellfast IDEAL 120 см 1.8 кг (40-220) Польща,"Вила для копання IDEAL LINE Cellfast, 40-220",698,1134.24,"назви схожі, різняться словами: line, целлфаст"
,plantsclub,80.8,m3004,15843,Фунгіцид Квадріс SC к.с. 6мл.,"Фунгіцид Квадріс 250 (азоксистробін 250 г/л) SC к.с. 6 мл, Syngenta",40,53,"назви схожі, різняться словами: syngenta, азоксистробін"
,vodospad,80.7,904,41513,Точильний інструмент Фелко / Felco 904,Точильний інструмент Felco (Felco905),1655,1479,"назви схожі, різняться словами: фелко"
,plantsclub,80.7,1071936,8695,Вила для компосту Фіскарс / Fiskars Solid (1071936) Фінляндія,Вила Fiskars Solid (133433) для компосту,2549,697,"назви схожі, але різні коди виробника"
,plantsclub,80.7,1070676,8691,Вила садові Фіскарс / Fiskars Solid (1070676) Фінляндія,Вила Fiskars (133400) садові (Фіскарс),1999,958.3,"назви схожі, але різні коди виробника"
,plantsclub,80.7,1070673,8691,Вила садові Фіскарс / Fiskars Solid (1070673) Фінляндія,Вила Fiskars (133400) садові (Фіскарс),1899,958.3,"назви схожі, але різні коди виробника"
,plantsclub,80.7,1070674,8695,Вила для компосту Фіскарс / Fiskars Solid (1070674) Фінляндія,Вила Fiskars Solid (133433) для компосту,1899,697,"назви схожі, але різні коди виробника"
,plantsclub,80.7,1160,14067,Гербіцид Напалм 1 л Сімейний Сад Україна,Гербіцид Напалм (гліфосат) 20 л Сімейний Сад,448,9850,"назви схожі, але різні об'єми або розміри"
,plantsclub,80.7,3248,15606,Фунгіцид Мідний купорос сульфат міді 1 кг (розсип) Туреччина,"Фунгіцид Мідний купорос (мідь сірчанокисла, сульфат міді), 1 кг",298,240,"назви схожі, різняться словами: мідь, розсип, сірчанокисла"
,vodospad,80.6,FAL00903,41192,Чохол шкіряний для секатора Falket / Фалкет (FAL00903) Італія,"Чохол шкіряний для секаторів, FALKET (00903)",680,680,"назви схожі, але різні коди виробника"
,vodospad,80.6,MS93303,33291,Скоби для степлера Tapener 3000 шт (MS93303) Японія,Скоби для степлера Tapener Max Японія MS93305 (Оригінал),140,130,"назви схожі, але різні коди виробника"
,plantsclub,80.6,PG-12-F,11854,Секатор Bahco PG-12-F Швеція,Секатор Bahco PG-S1-F,650,1035,"назви схожі, перевірте"
,plantsclub,80.6,m20007,14737,Інсектицид Проклейм SG в.г. 4г.,"Інсектицид Проклейм 5 (емамектину бензоат 50 г/кг) SG в.г. 4 г, Syngenta",27,38,"назви схожі, різняться словами: syngenta, бензоат, емамектину"
,plantsclub,80.5,m3007,16170,Фунгіцид Ридоміл Голд R 162 WG в.г. 50г,"Фунгіцид Ридоміл Голд R 162 (металаксил-М 20 г/кг + оксид міді 142 г/кг) WG в.г. 50 г, Syngenta",50,65,"назви схожі, різняться словами: syngenta, міді, металаксил та ще 1"
,vodospad,80.4,140,43383,Садовий секатор обвідний Альпен / Alpen Gelbhorn 193 мм (140) Швейцарія,"Садовий секатор ALPEN Gelbhorn 140, обвідний, 200 мм, зріз до 18 мм",780,789,"назви схожі, але різні об'єми або розміри"
,vodospad,80.4,ddd10ba7-abba-11ee-bf43-c87f546feb15,33232,Прищепний Секатор,Прищепний секатор Due Buoi 303/21 (Італія),,1999,"назви схожі, різняться словами: buoi, due"
,vodospad,80.3,3409.B,42277,Секатор 200 мм Bellota Smart (3409.B) Іспанія,"Секатор 195 мм, Bellota (3409)",650,625,"назви схожі, але різні об'єми або розміри"
,plantsclub,80.3,Felco 2+Beanie,15678,Подарунковий набір Felco (Секатор Фелко 2 + Фірмова Шапка) Швейцарія,FELCO 6 + (Секатор + Фірмова Шапка Фелко в подарунковій коробці),3090,2849,"назви схожі, різняться словами: коробці, набір, подарунковій та ще 1"
,plantsclub,80.3,1066708,10543,Лопата штикова Фіскарс Fiskars Ergonomic 1001568 (1066708) Фінляндія,Лопата Fiskars Ergonomic 131410 штикова,1999,1699,"назви схожі, але різні коди виробника"
,plantsclub,80.3,40-204,13873,Лопата штикова Целлфаст / Cellfast Ideal Pro 120 см 1.8 кг (40-204) Польща,Лопата штикова Cellfast Ideal Pro 40-204 (Целфаст Ідеал Про),998,1261,"назви схожі, різняться словами: ідеал, целлфаст, целфаст"
,plantsclub,80.3,m3010,14764,Фунгіцид Топаз 100 EC к.е. 3мл.,"Фунгіцид Топаз 100 (пенконазол 100 г/л) ЕС к.е. 3 мл, Syngenta",20,26,"назви схожі, але різні бренди"
,vodospad,80.2,303/21,33232,Щеплювальний секатор Due Buoi 303/21 Італія,Прищепний секатор Due Buoi 303/21 (Італія),1999,1999,"назви схожі, різняться словами: прищепний, щеплювальний"
,plantsclub,80.2,40-215,13873,Лопата штикова Целфаст / Cellfast Ideal Pro 129 см 1.9 кг (40-215) Польща,Лопата штикова Cellfast Ideal Pro 40-204 (Целфаст Ідеал Про),895,1261,"назви схожі, різняться словами: ідеал"
,plantsclub,80.2,990,16443,Мастило для секаторів FELCO 990,Змазка для секаторів Felco 990-1 (синтетичне мастило Фелко 990-1),529,499,"назви схожі, різняться словами: змазка, синтетичне, фелко"
,plantsclub,80.2,1159,14073,Гербіцид Харума 500 мл Сімейний Сад Україна,Гербіцид Харума К.Е. (хізалофоп-П-етил) 500 мл Сімейний Сад,475,571,"назви схожі, різняться словами: етил, хізалофоп"
,plantsclub,80.2,HMC1000.B.,16155,Совок для пересадки 300 мм Bellota (HMC1000.B.) Іспанія,Совок для пересадки Bellota HMC1000.B 75 мм (Беллота HMC1000.B),449,435,"код збігся, але різні об'єми або розміри"
,vodospad,80.1,9808,41796,Чохол шкіряний Lowe (9808) Льове Німеччина,Чохол шкіряний LOWE (9809),1190,2090,"назви схожі, різняться словами: льове"
,vodospad,80.1,75104-8.B.,37161,Рукавички садові Unіversal Bellota розмір М (75104-8.B.) Іспанія,Рукавиці садові Bellota Universal 75104-8 (75104-8),319,309,"назви схожі, але різні коди виробника"
,plantsclub,80.1,2.104,11963,Секатор з ковадлом Льове / Lowe (2.104) Німеччина,Секатор Lowe 2.104 з коваделцем (Льове 2.104),2440,2440,"назви схожі, різняться словами: коваделцем, ковадлом"
,plantsclub,80.1,3006.B,8955,Грабельки-культиватор 302 мм Bellota 3006.B Іспанія,Граблі культиватор 302 мм Bellota 3006.B (Беллота),484,484,"назви схожі, різняться словами: беллота, грабельки, граблі"
,plantsclub,80.1,m5000,14738,Протруйник Максим 025 FS к.с. 100 мл Syngenta,"Протруювач Максим 025 (флудиоксоніл 25 г/л) FS т.к.с. 100 мл, Syngenta",165,205,"назви схожі, різняться словами: протруйник, протруювач, флудиоксоніл"
,vodospad,80,75105-9/L.B.,39927,Рукавички садові 4х4 Bellota розмір L (75105-9/L.B.) Іспанія,Рукавички садові Bellota (75106-9/L),379,529,"назви схожі, але різні об'єми або розміри"
,vodospad,80,75105-8/M.B.,39926,Рукавички садові 4х4 Bellota розмір М (75105-8/M.B.) Іспанія,Рукавички садові Bellota (75106-8/M),379,529,"назви схожі, але різні коди виробника"
,plantsclub,80,1057913,12314,Набір для кемпінгу Fiskars Сокира XXS X5 + Точилка+ Ніж (1057913) Фінляндія,Сокира Fiskars X5 для кемпінгу,5499,1147.09,"назви схожі, різняться словами: xxs, набір, точилка та ще 1"
,plantsclub,79.9,P-300,15799,Садова пила Kamaki P-300 пряма з кобурою Японія,Пила Kamaki P-300 японська пряма з кобурою (Камакі P-300),1845,1845,"назви схожі, різняться словами: камакі, садова, японська"
,plantsclub,79.9,SR-770ECO,16112,Планувальник грунту без держака Смарт Рейн / Smart Rain (SR-770ECO) Україна,Планувальник грунту Smart Rain ручний 590х230 мм без держака SR-L-590 (Смарт Рейн SR-L-590),1695,1899,"назви схожі, але різні коди виробника"
,plantsclub,79.9,SR-740ECO,16112,Планувальник грунту без держака Смарт Рейн / Smart Rain (SR-770ECO) Україна,Планувальник грунту Smart Rain ручний 590х230 мм без держака SR-L-590 (Смарт Рейн SR-L-590),1695,1899,"назви схожі, але різні коди виробника"
,plantsclub,79.9,P-270,15798,Садова пила Kamaki P-270 пряма з кобурою Японія,Пила Kamaki P-270 японська пряма з кобурою (Камакі P-270),1650,1650,"назви схожі, різняться словами: камакі, садова, японська"
,plantsclub,79.9,901,14604,Точилка Альпен Тамбо / Alpen Tambo (901) Швейцарія,Точилка Alpen Tambo 901 твердосплавна (Альпен Тамбо 901),489,489,"назви схожі, різняться словами: твердосплавна"
,plantsclub,79.9,8116,13420,Добриво Агрeкол / Agrecol для газонів та боротьби з мохом 15-0-0 1.2 кг Польща,"Добриво мінеральне гранульоване Agrecol для газону та боротьби з мохом 15-0-0, 1,2 кг",352,345,"назви схожі, різняться словами: газонів, газону, гранульоване та ще 1"
,vodospad,79.8,23GAB,41047,Котушка з сталевим дротом в паперовій оболонці для підв`язки 100 м Cordioli 23GAB (T4220) Італія,"Котушка з паперовим дротом для підв`язки 100 метрів, CORDIOLI (23GAB)",135,130,"назви схожі, різняться словами: метрів, оболонці, паперовій та ще 2"
,plantsclub,79.8,1200L,15811,Кущоріз телескопічний 80-123 см Камакі / Kamaki (1200L) Японія,Садові ножиці Kamaki 1200L японські телескопічні 78-123 см (кущорізи Камакі 1200L),3499,3499,"назви схожі, але різні об'єми або розміри"
,vodospad,79.7,6.107,32342,LOWE Original 6.107 Cекатор з ковадлом Німеччина,Cекатор з наковаленкою LOWE Original 6.107 (6.107),2950,2950,"назви схожі, різняться словами: ковадлом, наковаленкою"
,vodospad,79.7,1066711,37372,Лопата совкова Фіскарс / Fiskars Ergonomic Pro (1066711) Фінляндія,Лопата совкова Fiskars Ergonomic (1001579),2899,1499,"назви схожі, але різні коди виробника"
,vodospad,79.7,1066713,37372,Лопата совкова Фіскарс / Fiskars Ergonomic Pro (1066713) Фінляндія,Лопата совкова Fiskars Ergonomic (1001579),2899,1499,"назви схожі, але різні коди виробника"
,plantsclub,79.7,1066711,10544,Лопата совкова Фіскарс / Fiskars Ergonomic Pro (1066711) Фінляндія,Лопата Fiskars Ergonomic 132400 совкова,2899,958.3,"назви схожі, але різні коди виробника"
,plantsclub,79.7,1066713,10544,Лопата совкова Фіскарс / Fiskars Ergonomic Pro (1066713) Фінляндія,Лопата Fiskars Ergonomic 132400 совкова,2899,958.3,"назви схожі, але різні коди виробника"
,plantsclub,79.7,1001621,11218,Пила лучкова Фіскарс / Fiskars SW30 124800 (1001621) Фінляндія,Пила Fiskars 21 SW30 лучкова,1099,464.6,"назви схожі, різняться словами: фінляндія, фіскарс"
,plantsclub,79.7,4212-14-6T,11707,Садова обрізна пила Bahco 4212-14-6T (з переточуваними зубами) 360 мм,"Садова обрізна пила Bahco 4211-14-6T (калений зуб), 360 мм",1013,1010,"назви схожі, але різні коди виробника"
,plantsclub,79.6,TC90045,10979,Ніж для степлера (комплект) Tapener HT-R1 MAX (TC90045),Ніж для степлера HT-B MAX (комплект 3шт),325,289,"назви схожі, але різні коди виробника"
,plantsclub,79.5,322,11911,Ножиці для збору плодів Фелко / Felco 322 Швейцарія,Секатор-ножиці FELCO 322 довгі леза для збору плодів (Фелко 322),1099,1099,"назви схожі, різняться словами: довгі, леза, секатор"
,plantsclub,79.4,41-040,13914,Пила садова Целлфаст / Cellfas ERGO 30 см 340 г (41-040) Польща,Пила садова Cellfast Ergo 41-040 (Целфаст Ерго),875,1434,"назви схожі, різняться словами: ерго, целлфаст, целфаст"
,vodospad,79.3,3604-21.B,42458,Секатор 210 мм універсальний Bellota (3604-21.B) Іспанія,Секатор Bellota 3604-21,1989,1839,"назви схожі, але різні коди виробника"
,vodospad,79.3,1067518,37396,Лопата совкова Фіскарс Fiskars Solid (1067518) Фінляндія,Лопата совкова Fiskars Solid (1003457),1899,949,"назви схожі, але різні коди виробника"
,plantsclub,79.3,1067518,10547,Лопата совкова Фіскарс Fiskars Solid (1067518) Фінляндія,Лопата Fiskars Solid 132403 совкова,1899,726,"назви схожі, але різні коди виробника"
,plantsclub,79.3,8119,13421,Добриво Агрeкол / Agrecol для газонів та боротьби з мохом 15-0-0 5 кг Польща,"Добриво мінеральне гранульоване Agrecol для газону та боротьби з мохом 15-0-0, 5 кг",1112,1095,"назви схожі, різняться словами: газонів, газону, гранульоване та ще 1"
,plantsclub,79.3,2710005L,10611,Мастика Іннестіссімо / Innestissimo 1 кг для щеплення AgriChem Італія,"Мастика для щеплення плодових (лак-бальзам) Innestissimo, 1кг / Іннестіссімо, 1кг",495,539,"назви схожі, різняться словами: agrichem, бальзам, плодових"
,vodospad,79.2,Felco 2+Beanie,42842,Подарунковий набір Felco (Секатор Фелко 2 + Фірмова Шапка) Швейцарія,Садовий секатор FELCO 8 + Фірмова шапка (Подарунковий набір) (Felco8),3090,2599,"назви схожі, різняться словами: садовий, фелко"
,vodospad,79.2,121001004985,42842,Подарунковий набір Felco (Секатор Фелко 2 + Фірмова Шапка) Швейцарія,Садовий секатор FELCO 8 + Фірмова шапка (Подарунковий набір) (Felco8),3090,2599,"назви схожі, різняться словами: садовий, фелко"
,plantsclub,79.1,PG-19-F,12487,Гілкоріз телескопічний Bahco PG-19-F Bahco 700 до 900 мм Бахо,Телескопічний сучкоріз Bahco PG-19-F (Бахо PG-19-F),2992,1905,"назви схожі, різняться словами: гілкоріз, сучкоріз"
,plantsclub,79.1,1070679,8691,Вила садові Фіскарс / Fiskars Ergonomic (1070679) Фінляндія,Вила Fiskars (133400) садові (Фіскарс),2699,958.3,"назви схожі, але різні коди виробника"
,plantsclub,79.1,8110,9277,Добриво Агрeкол / Agrecol для хвойних рослин 0-0-25 5 кг Польща,"Добриво Yara Vila для хвойних рослин, 5 кг",1112,812,"назви схожі, але різні бренди"
,plantsclub,79.1,1158,14071,Гербіцид Примус 500 мл Сімейний Сад Україна,Гербіцид Примус К.Е. (2-етилгексиловий ефір + флорасулам) 500 мл Сімейний Сад,375,475,"назви схожі, різняться словами: ефір, флорасулам"
,plantsclub,79.1,m3015,14746,Фунгіцид Ридоміл Голд МЦ 68 WG в.г. 50г.,"Фунгіцид Ридоміл Голд МЦ 68 (манкоцеб 640 г/к + металаксил–М 40 г/кг) WG в.г. 25 г, Syngenta",80,58,"назви схожі, але різні об'єми або розміри"
,vodospad,79,75104-10/XL.B.,37161,Рукавички садові Unіversal Bellota (75104-10/XL.B.) Іспанія,Рукавиці садові Bellota Universal 75104-8 (75104-8),319,309,"назви схожі, але різні коди виробника"
,plantsclub,79,8109,13448,Добриво Агрекол / Agrecol універсальне 0-13-27 5 кг Польща,"Добриво мінеральне гранульоване Agrecol осіннє універсальне 0-13-27, 5 кг",1112,895,"назви схожі, різняться словами: агрекол, гранульоване, мінеральне та ще 1"
,plantsclub,79,P129-19,11037,Ножниці для збору винограду P129-19 Bahco,Ножиці для обрізки винограду Bahco P128-19,585,570,"назви схожі, але різні коди виробника"
,vodospad,78.9,FAL1850/A,41941,Ножиці для винограду 19 см Falket / Фалкет (FAL1850/A) Італія,"Ножиці для винограду 19 см, 92 г, FALKET (1850/A)",200,200,"назви схожі, але різні коди виробника"
,plantsclub,78.9,1015640,12331,Сокира-колун Фіскарс Fiskars S X11 122443 (1015640) Фінляндія,Сокира колун Fiskars Х11,3799,1450.6,"назви схожі, різняться словами: фінляндія, фіскарс"
,vodospad,78.8,981,41512,Засіб для видалення смоли Фелко / Felco 981 Швейцария,Засіб для видалення смоли (Felco981),559,559,"назви схожі, різняться словами: felco, фелко, швейцария"
,vodospad,78.8,123040100,32812,Точильний камінь 400/1000 S&R (123040100) Німеччина,Точильний камінь TINA 940 (Німеччина),475,1370,"назви схожі, різняться словами: tina"
,plantsclub,78.8,121-24,11234,Складна пила Silky Gomboy 240-10 (121-24) Японія,Пила Silky Gomboy 240-10 складна (Сілкі Гомбой),2990,2990,"назви схожі, різняться словами: гомбой, сілкі"
,plantsclub,78.8,3.91.16,10969,Ніж для щеплення Victorinox 3.91.16 Швейцарія,Ніж для щеплення Victorinox 3.91.16 (Вікторінокс 3.91.16),1990,1990,"назви схожі, різняться словами: вікторінокс"
,plantsclub,78.8,3.90.40,10964,Ніж для щеплення Victorinox 3.90.40 Швейцарія,Ніж для щеплення Victorinox 3.90.40 (Вікторінокс 3.90.40),1290,1290,"назви схожі, різняться словами: вікторінокс"
,plantsclub,78.8,3.90.50,10965,Ніж для щеплення Victorinox 3.90.50 Швейцарія,Ніж для щеплення Victorinox 3.90.50 (Вікторінокс 3.90.50),919,919,"назви схожі, різняться словами: вікторінокс"
,plantsclub,78.8,3.90.60,10967,Ніж для щеплення Victorinox 3.90.60 Швейцарія,Ніж для щеплення Victorinox 3.90.60 (Вікторінокс 3.90.60),919,919,"назви схожі, різняться словами: вікторінокс"
,plantsclub,78.8,Z-581,8734,Віск для щеплення зелений Чірфлекс / Cirflex (Z-581) 1 кг Awax Італія,"Віск для щеплення CIRFLEX пластина 1 кг, зелений (Сірфлекс)",430,430,"назви схожі, різняться словами: awax, пластина, сірфлекс та ще 1"
,plantsclub,78.8,1.90.50,10959,Ніж для щеплення Victorinox 1.90.50 Швейцарія,Ніж для щеплення Victorinox 1.90.50 (Вікторінокс 1.90.50),325,329,"назви схожі, різняться словами: вікторінокс"
,vodospad,78.7,3402.B,42277,Секатор 195 мм з коваделком Bellota (3402.B) Іспанія,"Секатор 195 мм, Bellota (3409)",969,625,"назви схожі, різняться словами: коваделком"
,vodospad,78.7,1-3000,43325,Садова замазка з фунгіцидом Арбосан / Arbosan 350 г Bio Plantella Словенія,"Замазка садова ARBOSAN Bio Plantella для рослин, 350 г з пензликом (Словенія)",349,349,"назви схожі, різняться словами: арбосан, пензликом, рослин та ще 1"
,plantsclub,78.7,717-30,11238,Пила складна Silky Gomboy 300 мм (717-30) Японія,Пила Silky Gomboy 300-10 складна (Сілкі Гомбой),3790,3590,"назви схожі, різняться словами: гомбой, сілкі"
,plantsclub,78.7,m20005,15788,Вертімек 018 EC к.е. 10мл.,"Інсектицид Вертімек 018 (абамектин 18 г/л) EC к.е. 10 мл, Syngenta",50,62,"назви схожі, різняться словами: syngenta, інсектицид, абамектин"
,plantsclub,78.7,m3009,14751,Фунгіцид Скор 250 EC к.е. 2мл.,"Фунгіцид Скор 250 (дифеноконазол 250 г/л) ЕС к.е. 2 мл, Syngenta",22,29,"назви схожі, але різні бренди"
,vodospad,78.6,M-TRIM33,43337,Килимок для стрижки рослин з сумкою 300×300 см Oxford 350D (M-TRIM33) Україна,Килимок для стрижки рослин 300×300 см з полієстеру Oxford 350D на затяжках та кнопках (сірий) з сумкою,2749,2749,"назви схожі, різняться словами: затяжках, кнопках, полієстеру та ще 1"
,vodospad,78.6,M-TRIM22,43374,Килимок для стрижки рослин з сумкою 200×200 см Oxford 350D (M-TRIM22) Україна,Килимок для стрижки рослин 200×200 см з полієстеру Oxford 350D на затяжках та кнопках (сірий) з сумкою,2099,2099,"назви схожі, різняться словами: затяжках, кнопках, полієстеру та ще 1"
,vodospad,78.6,5010005,37474,Мастика Арборін / Arborinn 500 г для холодного щеплення (5010005) AgriChem Італія,Мастика для холодного щеплення ARBORINN_0.5 кг (5010005N),435,435,"назви схожі, але різні коди виробника"
,plantsclub,78.6,1015643,12333,Сокира-колун Фіскарс Fiskars X25 XL 122483 (1015643) Фінляндія,Сокира колун Fiskars Х25,3999,2250.6,"назви схожі, різняться словами: xl, фінляндія, фіскарс"
,plantsclub,78.6,1015641,12332,Сокира-колун Фіскарс Fiskars X17 M 122 463 (1015641) Фінляндія,Сокира колун Fiskars Х17,3299,1813.6,"назви схожі, різняться словами: фінляндія, фіскарс"
,plantsclub,78.6,9387/19LN,10841,Ніж грибника Антоніні / Antonini 19.8 см Old Bear (9387/19LN) Італія,Ніж Antonini OLD BEAR 9307/21LN (Антоніні 9307/21LN),1490,1369,"назви схожі, але різні коди виробника"
,plantsclub,78.6,7290,9312,Монокалій фосфат 0-52-34 Nova Peak 1 кг (розсип) ICL Ізраїль,"Добриво водорозчинне Монокалій фосфат ICL Novapeak 0-52-34 (Ізраїль), 25 кг",200,3950,"назви схожі, але різні об'єми або розміри"
,vodospad,78.5,СВ-9,38706,Секатор АРС / ARS (СВ-9) садовий обвідний Японія,Садовий секатор ARS (CB-9Z),1792,1880,"назви схожі, різняться словами: обвідний"
,vodospad,78.5,CB-8,41937,Секатор АРС / ARS (CB-8) садовий обвідний Японія,Садовий секатор ARS (CBR-8),1649,1711,"назви схожі, різняться словами: обвідний"
,plantsclub,78.5,1066716,10546,Лопата штикова Фіскарс Fiskars Solid 1003455 (1066716) Фінляндія,Лопата Fiskars Solid 131413 штикова,1399,1199,"назви схожі, але різні коди виробника"
,plantsclub,78.5,6b066216-abbb-11ee-bf43-c87f546feb15,10546,Лопата штикова Фіскарс Fiskars Solid 1024542 (1014808) Фінляндія,Лопата Fiskars Solid 131413 штикова,998,1199,"назви схожі, але різні коди виробника"
,plantsclub,78.5,1014808,10546,Лопата штикова Фіскарс Fiskars Solid 1014808 (1024542) Фінляндія,Лопата Fiskars Solid 131413 штикова,998,1199,"назви схожі, але різні коди виробника"
,plantsclub,78.5,1054,14066,Гербіцид Дикамба Форте 500 мл Сімейний Сад Україна,Гербіцид Дикамба Форте В.К. (дихлорфеноцтова кислота + дикамба) 500 мл Сімейний Сад,425,475,"назви схожі, різняться словами: дихлорфеноцтова, кислота"
,plantsclub,78.4,40-001,13871,Лопата штикова Целлфаст / Cellfast ERGO 123 см 2.1 кг (40-001) Польша,Лопата штикова Cellfast Ergo 40-002 (Целфаст Ерго),1348,1794,"назви схожі, різняться словами: ерго, польша, целлфаст та ще 1"
,plantsclub,78.4,40-202,13872,Лопата штикова Целлфаст / Cellfast IDEAL LINE 116 см 1.8 кг (40-202) Польща,Лопата штикова Cellfast Ideal Line 40-202 (Целфаст Ідеал Лайн),795,1067.22,"назви схожі, різняться словами: ідеал, лайн, целлфаст та ще 1"
,plantsclub,78.4,7227,9282,Добриво Кеміра Універсальне NPK 18-18-18 1кг Yara Яра Норвегія,"Добриво Yara Vila універсальне, 1 кг",225,190,"назви схожі, різняться словами: npk, vila, кеміра та ще 1"
,plantsclub,78.3,1070716,8691,Вила садові великі Фіскарс / Fiskars Xact (1070716) Фінляндія,Вила Fiskars (133400) садові (Фіскарс),3799,958.3,"назви схожі, але різні коди виробника"
,plantsclub,78.3,7369,9312,Добриво Монокалій фосфат Хайфа / Haifa МКР 0-52-34 25 кг Haifa Ізраїль,"Добриво водорозчинне Монокалій фосфат ICL Novapeak 0-52-34 (Ізраїль), 25 кг",3798,3950,"назви схожі, але різні бренди"
,plantsclub,78.3,m3012,14793,Фунгіцид Медян Екстра 350 SC к.с.20мл,"Фунгіцид Медян Екстра 350 (хлорокис міді 350 г/л) SC к.с. 20 мл, Самміт-Агро",24,36,"назви схожі, різняться словами: агро, міді, самміт та ще 1"
,plantsclub,78.2,1015644,12334,Сокира-колун Фіскарс Fiskars X27 XXL 122503 (1015644) Фінляндія,Сокира колун Fiskars Х27,5699,2453.9,"назви схожі, різняться словами: xxl, фінляндія, фіскарс"
,plantsclub,78.2,121-30,11241,Садова пила складна Silky Gomboy 300-10 (121-30) Японія,Пила Silky Gomboy 7 300-10,3590,2210,"назви схожі, різняться словами: садова, складна"
,plantsclub,78.2,1020126,9844,Інструмент для видалення бур’янів Фіскарс / Fiskars Xact 139950 (1020126) Фінляндія,Інструмент для видалення бур'янів Fiskars QuikFit 139970,2999,504,"назви схожі, але різні коди виробника"
,plantsclub,78.2,8007,10742,Lowe 8007 Набір для ремонту Німеччина,Набір для ремонту секатора Lowe 8 (8007),1050,1050,"назви схожі, різняться словами: секатора"
,plantsclub,78.2,HMC1001.B.,16156,Совок для пересадки 300 мм Bellota (HMC1001.B.) Іспанія,Совок для пересадки Bellota HMC1001.B 60 мм вузький (Беллота HMC1001.B),449,435,"код збігся, але різні об'єми або розміри"
,vodospad,78.1,PX-M2,31919,Секатор Bahco PX-M2 Бахо,Секатор Bahco PG-M2-F (PG-M2-F),2475,1035,"назви схожі, різняться словами: бахо"
,plantsclub,78.1,40-416,13955,Висоторіз Cellfast IDEAL 2 м (40-416) Польща,"Секатор-висоторіз з пилкою та телескопічною ручкою 2 м IDEAL Cellfast, 40-416",3682,4682,"назви схожі, різняться словами: пилкою, ручкою, секатор та ще 1"
,plantsclub,78.1,8,11914,Секатор Фелко / Felco 8 Швейцарія,Секатор Felco 8 СС,2990,5170,"назви схожі, різняться словами: фелко"
,plantsclub,78.1,6,11913,Секатор Фелко / Felco 6 Швейцарія,Секатор Felco 6 СС,2849,6760,"назви схожі, різняться словами: фелко"
,plantsclub,78.1,9387/19LU,10831,Ніж грибника Old Bear M 19 см Antonini (9387/19LU) Італія,"Ніж Antonini OLD BEAR 9307/19LN, 19 см, горіх",1650,1190,"назви схожі, але різні коди виробника"
,plantsclub,78.1,3011.B,11171,Ножівка для коренів і гілок 165 мм Bellota (3011.B) Іспанія,Пила (ножівка) Bellota 3011.B для коріння та гілок,899,899,"назви схожі, різняться словами: коріння, коренів, пила"
,plantsclub,78,HMC1004.B.,16155,Совок для пересадки 335 мм Bellota (HMC1004.B.) Іспанія,Совок для пересадки Bellota HMC1000.B 75 мм (Беллота HMC1000.B),399,435,"назви схожі, але різні об'єми або розміри"
,vodospad,77.9,683,32809,Щеплювальний ніж Тіна / Tina (683) Німеччина,Ніж окулювальний TINA 645F/9 (Німеччина),2399,6399,"назви схожі, різняться словами: окулювальний, тіна, щеплювальний"
,vodospad,77.9,5.109,32338,Секатор із наковаленкою та поворотною ручкою Льове / Lowe Original (5.109) Німеччина,Маленький секатор із наковаленкою LOWE Original 5.109 (5.109),2390,2390,"назви схожі, різняться словами: льове, маленький, поворотною та ще 1"
,vodospad,77.9,646283f3-abbb-11ee-bf43-c87f546feb15,39920,Секатор Due Buoi 175 см (1145/17.5) типу ножиці довгі леза Дю Буі,"Ножиці Due Buoi (1145/17,5)",419,490,"код збігся, але різні коди виробника"
,plantsclub,77.9,600,11212,Садова пила Фелко / Felco 600 Швейцарія,Пила складна Felco 600 (Фелко 600),1450,1450,"назви схожі, різняться словами: садова, складна"
,plantsclub,77.9,m3008,14748,"Фунгіцид Світч WG 62,5 в.г. 10г.","Фунгіцид Світч 62,5 (ципродиніл 375 г/л + флудиоксоніл 250 г/л) WG в.г. 10 г, Syngenta",85,120,"назви схожі, різняться словами: syngenta, флудиоксоніл, ципродиніл"
,vodospad,77.8,BP14,32707,"Лоток для промивки золота пластиковий Estwing BP14 14"" дюймів (362 мм) США",Лоток для промивання золота Estwing BP14 14,1090,1090,"назви схожі, різняться словами: дюймів, пластиковий, промивання та ще 1"
,vodospad,77.8,3623-INOX.B,41531,Секатор для збирання винограду Bellota (3623-INOX.B) Іспанія,Секатор Bellota для збирання винограду/зрізання часнику Bellota (3629),585,589,"назви схожі, різняться словами: зрізання, часнику"
,vodospad,77.8,3623-INOX.B.,41531,Секатор для збирання винограду 3623-INOX.B. Bellota (Іспанія),Секатор Bellota для збирання винограду/зрізання часнику Bellota (3629),485,589,"назви схожі, різняться словами: зрізання, часнику"
,vodospad,77.8,5010005-250,37474,Мастика Арборін / Arborinn 250 г для холодного щеплення (5010005-250) AgriChem Італія,Мастика для холодного щеплення ARBORINN_0.5 кг (5010005N),330,435,"назви схожі, але різні об'єми або розміри"
,vodospad,77.8,75104-9L.B.,39927,Рукавички садові Unіversal Bellota розмір L (75104-9L.B.) Іспанія,Рукавички садові Bellota (75106-9/L),319,529,"назви схожі, але різні об'єми або розміри"
,plantsclub,77.8,902,12721,Точильний камінь алмаз 100 мм (500-2000 grit) Felco 902,Точильний камінь Felco 902 (Фелко 902),959,960,"назви схожі, але різні коди виробника"
,plantsclub,77.8,8056,9177,Добриво Вітазим БІО Смарт Гроу / Vitazyme BIO 500 мл Smart Grow США,"Добриво Smart Grow ТОМАТ 25 мл, Смарт Гроу",948,25,"назви схожі, але різні об'єми або розміри"
,vodospad,77.7,205Р,33173,Щеплювальний ніж для окулірування Due Buoi 205P Італія,Прищепний ніж Due Buoi 205P (Італія),1949,979,"назви схожі, різняться словами: окулірування, прищепний, щеплювальний"
,plantsclub,77.7,BCL20IB,12033,Секатор акумуляторний Bahco BCL20IB Бахо,Секатор акумуляторний з електроприводом Bahco BCL21,15525,49900,"назви схожі, різняться словами: бахо, електроприводом"
,plantsclub,77.7,VS-9XR,11830,Секатор АРС / ARS (VS-9XR) садовий з поворотною ручкою Японія,Секатор ARS CBR-9 садовий обвідний з оборотною ручкою (АРС CBR-9),2869,1545,"назви схожі, але різні коди виробника"
,plantsclub,77.7,VS-8XR,11829,Секатор АРС / ARS (VS-8XR) садовий з поворотною ручкою Японія,Секатор ARS CBR-8 садовий обвідний з оборотною ручкою (АРС CBR-8),2629,1430,"назви схожі, але різні коди виробника"
,vodospad,77.6,4588-13.B,42410,Ножівка садова з чохлом 330 мм Bellota (4588-13.В) Іспанія,"Ножівка садова дерев`яна з чохлом 330мм Bellota, арт.450MC13.B",1638,1220,"назви схожі, але різні коди виробника"
,vodospad,77.6,4587-13.В,42410,Ножівка садова з чохлом 330 мм Bellota (4587-13.В) Іспанія,"Ножівка садова дерев`яна з чохлом 330мм Bellota, арт.450MC13.B",1310,1220,"назви схожі, але різні коди виробника"
,vodospad,77.6,9F-10,38651,Напилок для пилок ARS / АРС (9F-10) Японія,Напильник для пилок ARS (9F-10),820,820,"назви схожі, різняться словами: напилок, напильник"
,vodospad,77.6,20-120,37070,Стрічка Tape для степлера підв'язувача Tapener Max 0.12*11мм*26м*20шт,"Стрічка для степлера підв`язувача Tapener Max HT-B (40 метрів рулон) тонка 0,1 мм. 10 рулонів",300,260,"назви схожі, але різні об'єми або розміри"
,plantsclub,77.6,m20006,14720,"Інсектицид Енжіо 247 SC к.с. 3,6мл.","Інсектицид Енжіо 247 (тіаметоксам 141 г/л + лямбда–цигалотрин 106 г/л) SC к.с. 3,6 мл, Syngenta",20,28,"назви схожі, різняться словами: syngenta, лямбда, тіаметоксам та ще 1"
,plantsclub,77.5,6195,14597,Пила складна Альпен / Alpen Bernina (6195) Швейцарія,Пила Alpen Bernina 6195 складна з прямим лезом (Альпен Берніна 6195),1327,1327,"назви схожі, різняться словами: берніна, лезом, прямим"
,plantsclub,77.5,AP_8-30-500,16476,Крапельна стрічка щілинна AquaPlus (Аква Плюс) 8 mil 30 см 500 м (AP_8-30-500) Україна,Крапельна стрічка Aqua Plus (щільова) 8 мм × 30 см × 300 м Аква Плюс,1188,669,"назви схожі, але різні об'єми або розміри"
,vodospad,77.4,FAL0399,42425,Запасне ріжуче лезо до обвідних сучкорізів Falket 8099/10099 (FAL0399) Італія,"Лезо ріжуче до обвідних сучкорізів FAL8099/10099, FALKET арт.0399",890,890,"назви схожі, але різні коди виробника"
,vodospad,77.4,1-500,42498,Садова замазка Balsam Pro / Бальзам Про 500 г Royal Mix,"Садова замазка Balsam PRO, 500 г (BalsamPro500)",539,599,"назви схожі, різняться словами: mix, royal, бальзам"
,vodospad,77.4,1-250,42497,Садова замазка Balsam Pro / Бальзам Про 250 г Royal Mix,"Садова замазка Balsam PRO, 250 г (BalsamPro250)",250,369,"назви схожі, різняться словами: mix, royal, бальзам"
,plantsclub,77.4,8100,9277,Добриво Агрeкол / Agrecol для хвойних рослин 0-0-25 3 кг Польща,"Добриво Yara Vila для хвойних рослин, 5 кг",679,812,"назви схожі, але різні об'єми або розміри"
,plantsclub,77.4,3360,14103,Фунгіцид Спектр ВГ 120 г Сімейний Сад Україна,Фунгіцид Скутер В.Г. (сірка) 40 г пакет Сімейний Сад,498,25,"назви схожі, але різні об'єми або розміри"
,plantsclub,77.3,2002,14715,Інсектицид Актара 25 WG 250 г Syngenta Сингента Швейцарія,"Інсектицид Актара 25 (тіаметоксам 250 г/кг) WG в.г. 6 г, Syngenta",2425,66,"назви схожі, різняться словами: сингента, тіаметоксам"
,plantsclub,77.3,5010005,10610,Мастика Арборін / Arborinn 500 г для холодного щеплення (5010005) AgriChem Італія,"Мастика для холодного щеплення (лак-бальзам) Arborinn, 1 кг / Арборін, 1 кг",435,750,"назви схожі, але різні об'єми або розміри"
,vodospad,77.2,75105-10/XL.B.,39928,Рукавички садові 4х4 Bellota розмір XL (75105-10/XL.B.) Іспанія,Рукавички садові Bellota (75106-10/XL),379,529,"назви схожі, але різні коди виробника"
,vodospad,77.2,88832,42948,Скоби для садового степлера (10000 шт) Flo (88832),"Скоби для тапенера (садового степлера) тип 604С, 10000 шт, Тайвань, TITAN",100,99,"назви схожі, але різні бренди"
,plantsclub,77.2,L-24,15796,Садова пила Камакі / Kamaki (L-24) Японія,Пила Kamaki L-24 японська пряма складна (Камакі L-24),1399,1399,"назви схожі, різняться словами: пряма, садова, складна та ще 1"
,plantsclub,77.2,40-262,13900,Ніж садовий для окулірування Целлфаст / Cellfast 40-262 Польща,"Ніж садовий для щеплення Cellfast, 40-262",548,595,"назви схожі, різняться словами: окулірування, целлфаст, щеплення"
,plantsclub,77.2,3170,12860,Фунгіцид Фундазол 200 г Сімейний Сад Україна,Фунгіцид Фундазол З.П. (беноміл) 10 г пакет Сімейний Сад,338,34,"назви схожі, але різні об'єми або розміри"
,vodospad,77.1,123100600,32812,Точильний камінь 1000/6000 S&R (123100600) Німеччина,Точильний камінь TINA 940 (Німеччина),750,1370,"назви схожі, різняться словами: tina"
,plantsclub,77.1,446-24,11270,Садова пила складна Silky Ultra Accel Curve 240-7.5 (446-24) Японія,"Пила Silky Ultra Accel Curve 240-7,5 серповидна складна (Сілкі Ультра Аксель)",2900,2990,"назви схожі, різняться словами: аксель, сілкі, садова та ще 2"
,plantsclub,77.1,8111,9277,Добриво Агрeкол / Agrecol для хвойних рослин 0-0-25 10 кг Польща,"Добриво Yara Vila для хвойних рослин, 5 кг",2019,812,"назви схожі, але різні об'єми або розміри"
,plantsclub,77.1,3643.B,10069,Кожаный чехол-кобура для секатора Bellota (3643.B) Іспанія,Кобура для секатора одноручного Bellota 3643,529,529,"назви схожі, різняться словами: кожаный, одноручного, чехол"
,plantsclub,77.1,ddd10b7f-abba-11ee-bf43-c87f546feb15,11759,Садові ножиці,Садові ножиці для кущів Bahco P51-SL,,2890,"назви схожі, різняться словами: bahco, кущів"
,vodospad,77,1066707,32250,Лопата штикова Fiskars Ergonomic Pro XL (1066707) Фінляндія,Лопата садова штикова Fiskars Ergonomic (1001568),2899,1699,"назви схожі, але різні коди виробника"
,vodospad,77,FB-8,41937,Секатор АРС / ARS (FB-8) садовий обвідний Японія,Садовий секатор ARS (CBR-8),1470,1711,"назви схожі, різняться словами: обвідний"
,vodospad,77,910 +,33928,Шкіряний чохол-кобура для секатора Фелко / Felco 910 +(Plus) Швейцарія,Шкіряний чохол Felco (910+),1399,1399,"назви схожі, різняться словами: plus, кобура, секатора та ще 1"
,plantsclub,77,3005,14752,Фунгіцид Тіовіт Джет 80 WG 20 кг Syngenta Сингента Швейцарія,"Фунгіцид Тіовіт Джет 80 (сірка 800 г/кг) WG в.г. 40 г, Syngenta",2998,39,"назви схожі, але різні об'єми або розміри"
,plantsclub,77,1026917,11042,Ножиці для трави Fiskars White GS41 (1026917​​​​​​​) Фінляндія,Ножиці для трави Fiskars 113690,1549,1393.9,"назви схожі, але різні коди виробника"
,plantsclub,77,1000615,11219,Пила лучкова Фіскарс / Fiskars SW31 124810 (1000615) Фінляндія,Пила Fiskars Fiskars 24’’ SW31 лучкова,1299,444,"назви схожі, різняться словами: фінляндія, фіскарс"
,vodospad,76.9,BP12,33093,"Лоток для промивки золота Estwing Ествінг BP12 12"" дюймів (31 см) (пластик) США",Лоток для промивання золота Estwing BP12 12,990,990,"назви схожі, різняться словами: дюймів, ествінг, пластик та ще 2"
,plantsclub,76.9,7103,9304,Добриво сульфат калію Солюпотас 25 кг Бельгія,"Добриво водорозчинне SoluPotasse Калію Сульфат - 51% K2O, 25 кг Солюпотас для фертигації",1948,1650,"назви схожі, різняться словами: solupotasse, водорозчинне, фертигації"
,plantsclub,76.9,7385,9186,Добриво регулятор росту Гумакс / Humax 10 л SmartGrow Україна,"Добриво SmartGrow ALHUM регулятор росту з гуматом калія Смарт Гроу, 10 л",1848,2277.19,"назви схожі, різняться словами: alhum, humax, гроу та ще 4"
,plantsclub,76.9,8102,13448,Добриво Агрекол / Agrecol універсальне 0-13-27 3 кг Польща,"Добриво мінеральне гранульоване Agrecol осіннє універсальне 0-13-27, 5 кг",679,895,"назви схожі, але різні об'єми або розміри"
,vodospad,76.8,PS-07,42926,Секатор Тип-A 200 мм Тобішо / Tobisho (PS-07) Японія,Секатор Тип-A 200 мм (YCS-3 сталь 61HRC) (PS-07) TOBISHO,5999,5999,"назви схожі, різняться словами: сталь, тобішо"
,vodospad,76.8,121000550502,33326,Чохол для секатора Due Buoi (121000550502) Італія,Чохол для секатора (1105),890,890,"назви схожі, різняться словами: buoi, due"
,plantsclub,76.8,726-13,14163,Пилка складана Silky Professional Series PocketBoy (726-13) Японія,Пилка Silky Professional Series PocketBoy з вигнутим лезом складна 726-17 (Сілкі Покетбой),2090,2220,"назви схожі, різняться словами: вигнутим, лезом, покетбой та ще 3"
,plantsclub,76.8,AP_8-20-500,16475,Крапельна стрічка щілинна AquaPlus (Аква Плюс) 8 mil 20 см 500 м (AP_8-20-500) Україна,Крапельна стрічка Aqua Plus (щільова) 8 мм × 20 см × 300 м Аква Плюс,1188,669,"назви схожі, але різні об'єми або розміри"
,plantsclub,76.7,640/10.5,10944,Щеплювальний ніж Тіна / Tina (640/10.5 ) Німеччина,"Ніж Tina 640/10,5",5699,5699,"назви схожі, різняться словами: тіна, щеплювальний"
,plantsclub,76.7,1052043,12330,Сокира-колун Фіскарс Fiskars Solid A26 (1052043) Фінляндія,Сокира колун Fiskars Solid L 122260,5199,1512.5,"назви схожі, але різні коди виробника"
,plantsclub,76.7,903,12721,Точильний камінь алмаз 100 мм Felco 903,Точильний камінь Felco 902 (Фелко 902),1199,960,"назви схожі, різняться словами: алмаз, фелко"
,plantsclub,76.7,8108,9277,Добриво Агрeкол / Agrecol для хвойних рослин 0-0-25 1.2 кг Польща,"Добриво Yara Vila для хвойних рослин, 5 кг",352,812,"назви схожі, але різні об'єми або розміри"
,plantsclub,76.7,5010005-250,15838,Мастика Арборін / Arborinn 250 г для холодного щеплення (5010005-250) AgriChem Італія,"Мастика для холодного щеплення (лак-бальзам) Arborinn, 0,25 кг / Арборін, 0,25 кг",330,325,"назви схожі, різняться словами: agrichem, бальзам"
,plantsclub,76.7,m3006,16170,Фунгіцид Ридоміл Голд R 162 WG в.г. 100г,"Фунгіцид Ридоміл Голд R 162 (металаксил-М 20 г/кг + оксид міді 142 г/кг) WG в.г. 50 г, Syngenta",100,65,"назви схожі, але різні об'єми або розміри"
,vodospad,76.6,TAKAGI270,42671,Ножиці для топіарної стрижки 270 мм Такагі / Takagi (TAKAGI270) Японія,"Ножиці для топіарної стрижки 270 мм (леза 115 мм, 59HRC) TAKAGI",5999,5999,"назви схожі, різняться словами: леза, такагі"
,plantsclub,76.6,7386,9204,Добриво Бор-150 10 л SmartGrow Україна,"Добриво SmartGrow БОР-150 стимулятор запилення Смарт Гроу, 10 л",1848,1907,"назви схожі, різняться словами: гроу, запилення, смарт та ще 1"
,vodospad,76.5,1070674,37397,Вила для компосту Фіскарс / Fiskars Solid (1070674) Фінляндія,Вили для компосту Fiskars Solid (1003459),1899,1099,"назви схожі, але різні коди виробника"
,vodospad,76.5,3.90.10,32375,Ніж для щеплення Victorinox 3.90.10 Швейцарія,Ніж для щеплень FELCO Victorinox (3.90.20),998,1449,"назви схожі, різняться словами: felco, щеплення, щеплень"
,plantsclub,76.5,3325,12860,Фунгіцид Фундазол 1 кг Сімейний Сад Україна,Фунгіцид Фундазол З.П. (беноміл) 10 г пакет Сімейний Сад,998,34,"назви схожі, але різні об'єми або розміри"
,plantsclub,76.5,3130,12847,Фунгіцид Акробат МЦ 1 кг Basf Басф Німеччина,"Фунгіцид Акробат МЦ, 20 г",875,8,"назви схожі, але різні об'єми або розміри"
,plantsclub,76.4,1015618,12315,Універсальна сокира Фіскарс Fiskars XS X7 121423 (1015618) Фінляндія,Сокира Fiskars Х10 універсальна,2199,1407,"назви схожі, різняться словами: xs, фінляндія, фіскарс"
,plantsclub,76.4,8112,18165,Добриво Агрекол / Agrecol універсальне 0-16-20 10 кг Польща,"Добриво мінеральне гранульоване Agrecol осіннє універсальне 0-16-20, 1,2 кг",2019,280,"назви схожі, але різні об'єми або розміри"
,plantsclub,76.4,40-211,13750,Граблі універсальні Целлфаст / Cellfast IPRO 168 см (40-211) Польща,Граблі металеві універсальні ERGO Cellfast 40-100 (Целфаст Ерго),965,1592,"назви схожі, різняться словами: ergo, ipro, ерго та ще 3"
,vodospad,76.3,1066714,32250,Лопата садова Фіскарс / Fiskars Ergonomic (1066714) Фінляндія,Лопата садова штикова Fiskars Ergonomic (1001568),2499,1699,"назви схожі, але різні коди виробника"
,vodospad,76.3,211013,40750,Секатор Strand Pro Premium з храповим механізмом 200 мм (211013),Секатор з храповим механізмом Due Cigni 200 мм (2C_387/20),475,899,"назви схожі, але різні бренди"
,vodospad,76.3,HT-B,33292,Стрічка для степлера підв'язувача Tapener Nastro Max HT-B 0.15*10мм*26м*10шт Gielle Італія,"Стрічка для степлера підв`язувача Tapener Max HT-B (26 метрів рулон) стандарт 0,15 мм. 10 рулонів",250,250,"назви схожі, але різні об'єми або розміри"
,plantsclub,76.3,2.107,11964,Секатор з ковадлом Льове / Lowe Original (2.107) Німеччина,Секатор Lowe 2.107 з коваделцем (Льове 2.107),2440,2440,"назви схожі, різняться словами: original, коваделцем, ковадлом"
,plantsclub,76.3,5.109,11956,Секатор із наковаленкою та поворотною ручкою Льове / Lowe Original (5.109) Німеччина,Секатор LOWE 12.109 з поворотною ручкою (Льове 12.109),2390,3190,"назви схожі, різняться словами: original, наковаленкою"
,plantsclub,76.3,990-1,16443,Мастило для секаторів Felco (990-1) Швейцарія,Змазка для секаторів Felco 990-1 (синтетичне мастило Фелко 990-1),499,499,"назви схожі, різняться словами: змазка, синтетичне, фелко"
,vodospad,76.2,3410.B,42277,Секатор 195 мм з коваделком Bellota Smart (3410.B) Іспанія,"Секатор 195 мм, Bellota (3409)",685,625,"назви схожі, різняться словами: smart, коваделком"
,plantsclub,76.2,1070717,8690,Вила телескопічні Фіскарс / Fiskars Xact (1070717) Фінляндія,Вила Fiskars (133320) телескопічні садові (Фіскарс),3999,1437.5,"назви схожі, але різні коди виробника"
,plantsclub,76.2,717-27,11237,Садова пила складна Silky Gomboy Curve 270-8 (717-27) Японія,Пила Silky Gomboy 270-8 Curve серповидна складна (Сілкі Гомбой),3290,3290,"назви схожі, різняться словами: гомбой, сілкі, садова та ще 1"
,plantsclub,76.2,717-24,11235,Садова пила складна Silky Gomboy Curve 240-8 (717-24) Японія,Пила Silky Gomboy 240-8 Curve серповидна складна (Сілкі Гомбой),3000,3000,"назви схожі, різняться словами: гомбой, сілкі, садова та ще 1"
,plantsclub,76.2,L-24R,15796,Садова пила Камакі / Kamaki L-24R Японія,Пила Kamaki L-24 японська пряма складна (Камакі L-24),1499,1399,"назви схожі, різняться словами: пряма, садова, складна та ще 1"
,vodospad,76.1,64628351-abbb-11ee-bf43-c87f546feb15,38555,Сучкоріз Felco 200A-60 / Гілкоріз Felco 200A-60,Сучкоріз ручний FELCO 200А-60 (Felco200А-60),4690,4690,"назви схожі, але різні коди виробника"
,plantsclub,76.1,121-21,11233,Садова пила складна Silky Gomboy 210-10 (121-21) Японія,Пила Silky Gomboy 210-10 складна (Сілкі Гомбой),2590,2590,"назви схожі, різняться словами: гомбой, сілкі, садова"
,plantsclub,76.1,DUKE-25,11184,Пила с кобурой АРС / ARS ( DUKE-25) Японія,Пила з кобурою ARS DUKE-25 (АРС DUKE-25),1470,1470,"назви схожі, але різні коди виробника"
,vodospad,76,905,41513,Точильний інструмент Фелко / Felco 905 Швейцарія,Точильний інструмент Felco (Felco905),1480,1479,"назви схожі, різняться словами: фелко"
,vodospad,76,23604-21.B,42458,Секатор 210 мм Bellota (23604-21.B) Іспанія,Секатор Bellota 3604-21,1079,1839,"назви схожі, але різні коди виробника"
,vodospad,76,912,42575,Чохол для секатора Фелко / Felco 912 Швейцарія,Чохол для секатора (Felco 910 Black),1038,1349,"назви схожі, різняться словами: black, фелко"
,vodospad,76,906,41513,Точильний інструмент Фелко / Felco 906 Швейцарія,Точильний інструмент Felco (Felco905),930,1479,"назви схожі, різняться словами: фелко"
,vodospad,76,555400100,32812,Точильний камінь Старк / Stark 400/1000 гріт (555400100) Німеччина,Точильний камінь TINA 940 (Німеччина),355,1370,"назви схожі, але різні бренди"
,plantsclub,76,3419,17271,Фунгіцид Малахіт 75 мл Basf Басф Німеччина,"Фунгіцид Малахіт, к.с. 15 мл",388,115,"назви схожі, але різні об'єми або розміри"
,plantsclub,76,7363,9203,Добриво Бор-150 1 л SmartGrow Україна,"Добриво SmartGrow БОР-150 стимулятор запилення Смарт Гроу, 1 л",248,244,"назви схожі, різняться словами: гроу, запилення, смарт та ще 1"
,plantsclub,76,292-S,12283,Скоби для садового підв'язувального степлера My Garden 10000 штук (292-S),Скоби до степлера садового TITAN (10000 шт),100,99,"назви схожі, але різні бренди"
,vodospad,75.9,HT-3,40560,Набір для підв'язки рослин Tapener HT-3 (Степлер підв'язувальний Max HT-R1 + Стрічка + Скоби),Степлер садовий для підв`язки Max Tapener HT-R1 GUN MAX + стрічка та скоби (MAX_R1-KIT1),2595,2449,"назви схожі, різняться словами: gun, набір, підвязувальний та ще 2"
,plantsclub,75.9,921,10080,Шкіряний чохол-кобура для секатора Фелко / Felco 921 Швейцарія,Кобура для секаторів Felco 921 (Фелко 921),2590,2590,"назви схожі, різняться словами: секаторів, секатора, чохол та ще 1"
,plantsclub,75.9,1020127,9844,Інструмент для видалення бур’янів Фіскарс / Fiskars White полегшений 139940 (1020127) Фінляндія,Інструмент для видалення бур'янів Fiskars QuikFit 139970,2499,504,"назви схожі, але різні коди виробника"
,plantsclub,75.9,m3005,14744,Фунгіцид Амістар Голд 250 SC к.с. 40мл,"Фунгіцид Амістар Голд 250 (азоксистробін 125 г/л + дифенконазол 125 г/л) SC к.с. 100 мл, Syngenta",100,275,"назви схожі, але різні об'єми або розміри"
,vodospad,75.8,1082130,32123,Універсальна сокира Fiskars Ultra XU14 (1082130) Фінляндія,Сокира універсальна Fiskars X10 - S (1015619),4499,2199,"назви схожі, але різні коди виробника"
,vodospad,75.8,KT-100,37719,Олія камелії антикорозійна Kurobara Tsubaki 100 мл (KT-100) Hanakumagawa Японія,Олія камелії для сталі 245 мл Kurobara Tsubaki HANAKUMAGAWA (1110122),455,795,"назви схожі, але різні об'єми або розміри"
,vodospad,75.8,1080704,32276,Адаптер універсальний Fiskars OneClick (1080704) Фінляндія,Універсальний адаптер Fiskars QuikFit (1000617),299,499,"назви схожі, але різні коди виробника"
,plantsclub,75.8,12057,10926,Ніж Morakniv Outdoor Mora 2000 (S) Orange (12057) Швеція,Ніж Mora Outdoor Stainless 2000 Orange,1339,640.8,"назви схожі, різняться словами: stainless"
,plantsclub,75.8,7375,9209,Добриво Залізо 1 л SmartGrow Україна,"Добриво SmartGrow ЗАЛІЗО мікродобриво від хлорозу Смарт Гроу, 1 л",275,309,"назви схожі, різняться словами: гроу, мікродобриво, смарт та ще 1"
,vodospad,75.7,EPR123P.B,42835,Електричний акумуляторний секатор Bellota (EPR123P.B) Іспанія,Акумуляторний секатор Bellota EPR123P (2 акумулятори та зарядка),19900,19240,"назви схожі, але різні коди виробника"
,vodospad,75.7,1080136,36456,Ремкомплект мотузок для висоторіза Fiskars UPX96 (1080136),Набір ручок та мотузок для висоторізу Fiskars UPX86 (1026296),1499,949,"назви схожі, але різні коди виробника"
,plantsclub,75.7,3185,16168,Фунгіцид Залізний купорос 10 кг Садівник Україна,"Фунгіцид Залізний купорос Садівник (сульфат заліза) 500 г, Агрохімпак",598,40,"назви схожі, але різні об'єми або розміри"
,plantsclub,75.7,8107,15825,Добриво Агрекол / Agrecol універсальне 0-13-27 1.2 кг Польща,"Добриво універсальне весняне 6-12-22 Польща, 1 кг",352,57,"назви схожі, але різні об'єми або розміри"
,plantsclub,75.7,226410,11709,"Садова пила обрізна з дерев'яною ручкою Strend Pro 300мм (226410),Словаччина","Садова обрізна пила Bahco 4212-14-6T з дерев'яною ручкою, 350мм",300,990,"назви схожі, але різні об'єми або розміри"
,vodospad,75.6,PS-34,42785,Ножиці для топічної стрижки 270 мм Тобішо / Tobisho (PS-34) Японія,Ножиці для топіарної стрижки з дужкою 230 мм. (PS-39D) TOBISHO,9999,8699,"назви схожі, але різні об'єми або розміри"
,vodospad,75.6,3556.B,39929,Ножиці довгомірні для підрізування трави Bellota (3556.B) Іспанія,Ножиці для трави Bellota (3555/B),2314,1029,"назви схожі, але різні коди виробника"
,vodospad,75.6,FB-7,42731,Секатор АРС / ARS (FB-7) садовий обвідний Японія,"Секатор ARS FB-7 зріз 19мм, обвідний (Довжина 18 см S) Японія",1365,1369,"назви схожі, різняться словами: довжина, зріз, садовий"
,vodospad,75.6,555100400,32812,Точильний камінь Старк / Stark 1000/4000 гріт (555100400) Німеччина,Точильний камінь TINA 940 (Німеччина),300,1370,"назви схожі, але різні бренди"
,plantsclub,75.6,BCL226,12034,Секатор акумуляторний Bahco BCL226 Швеція,Секатор акумуляторний з електроприводом Bahco BCL22,11250,59999,"назви схожі, різняться словами: електроприводом"
,plantsclub,75.6,1052044,12330,Сокира-колун Фіскарс Fiskars Solid A19 (1052044) Фінляндія,Сокира колун Fiskars Solid L 122260,4599,1512.5,"назви схожі, але різні коди виробника"
,plantsclub,75.6,P140-F,12482,Гілкоріз Bahco P140-F Бахо,Сучкоріз Bahco P140-F,2925,2590,"назви схожі, різняться словами: бахо, гілкоріз, сучкоріз"
,plantsclub,75.6,3.91.10,10969,​​​​​​​Ніж для щеплення Victorinox 3.91.10 Швейцарія,Ніж для щеплення Victorinox 3.91.16 (Вікторінокс 3.91.16),1699,1990,"назви схожі, різняться словами: вікторінокс"
,plantsclub,75.6,3.90.20,10965,​​​​​​​Ніж для щеплення Victorinox 3.90.20 Швейцарія,Ніж для щеплення Victorinox 3.90.50 (Вікторінокс 3.90.50),1449,919,"назви схожі, різняться словами: вікторінокс"
,plantsclub,75.6,3.90.10,10965,Ніж для щеплення Victorinox 3.90.10 Швейцарія,Ніж для щеплення Victorinox 3.90.50 (Вікторінокс 3.90.50),998,919,"назви схожі, різняться словами: вікторінокс"
,plantsclub,75.6,11827,10924,Ніж Morakniv Companion MG Olive (11827) Mora Швеція,Ніж Mora Morakniv 748 MG,699,444,"назви схожі, різняться словами: companion, olive"
,vodospad,75.5,19,37088,Секатор Фелко / Felco 19 з пульверизатором Швейцарія,Садовий секатор з пульверизатором FELCO 19 (Felco19),11780,11780,"назви схожі, різняться словами: садовий, фелко"
,plantsclub,75.5,BCL23,12033,Секатор акумуляторний Bahco BCL23 Швеція,Секатор акумуляторний з електроприводом Bahco BCL21,49500,49900,"назви схожі, різняться словами: електроприводом"
,plantsclub,75.5,354-36,11228,Пила садова складна Silky Bigboy 360-7 (354-36) Японія,Пила Silky Bigboy 360-7 складна (Сілкі Бігбой),3995,3995,"назви схожі, різняться словами: бігбой, сілкі, садова"
,plantsclub,75.5,21002,10447,Опорне лезо для сучкоріза LOWE 21 Lowe 21002 Німеччина,Лезо для сучкоріза Lowe 22 (22001),1430,1790,"назви схожі, різняться словами: опорне"
,vodospad,75.4,6.109,32330,Секатор із наковаленкою та оборотною ручкою Льове / Lowe Original (6.109) Німеччина,Секатор з наковаленкою LOWE Original 1.107 (1.107),3390,2220,"назви схожі, різняться словами: льове, оборотною, ручкою"
,vodospad,75.4,1071936,37397,Вила для компосту Фіскарс / Fiskars Solid (1071936) Фінляндія,Вили для компосту Fiskars Solid (1003459),2549,1099,"назви схожі, але різні коди виробника"
,plantsclub,75.4,AP_8-10-500,16475,Крапельна стрічка щілинна AquaPlus (Аква Плюс) 8 mil 10 см 500 м (AP_8-10-500) Україна,Крапельна стрічка Aqua Plus (щільова) 8 мм × 20 см × 300 м Аква Плюс,1188,669,"назви схожі, але різні об'єми або розміри"
,plantsclub,75.4,3294,15604,Фунгіцид Залізний купорос (Сульфат заліза) 25 кг Kütahya Kimya Туреччина,"Фунгіцид Залізний купорос (залізо сірчанокисле, сульфат заліза), 1 кг",800,80,"назви схожі, але різні об'єми або розміри"
,plantsclub,75.4,2337,14715,Інсектицид Актара 25 WG ВГ 60 г Syngenta Сингента Швейцарія,"Інсектицид Актара 25 (тіаметоксам 250 г/кг) WG в.г. 6 г, Syngenta",448,66,"назви схожі, але різні об'єми або розміри"
,plantsclub,75.4,2242,14715,Інсектицид Актара 25 WG ВГ 40 г Syngenta Сингента Швейцарія,"Інсектицид Актара 25 (тіаметоксам 250 г/кг) WG в.г. 6 г, Syngenta",425,66,"назви схожі, але різні об'єми або розміри"
,vodospad,75.3,3.90.40,32375,Ніж для щеплення Victorinox 3.90.40 Швейцарія,Ніж для щеплень FELCO Victorinox (3.90.20),1290,1449,"назви схожі, різняться словами: felco, щеплення, щеплень"
,vodospad,75.3,3.90.50,32375,Ніж для щеплення Victorinox 3.90.50 Швейцарія,Ніж для щеплень FELCO Victorinox (3.90.20),919,1449,"назви схожі, різняться словами: felco, щеплення, щеплень"
,vodospad,75.3,3.90.60,32375,Ніж для щеплення Victorinox 3.90.60 Швейцарія,Ніж для щеплень FELCO Victorinox (3.90.20),919,1449,"назви схожі, різняться словами: felco, щеплення, щеплень"
,vodospad,75.3,3621 INOX.B,41531,Секатор для збирання винограду (довгі леза) Bellota (3621 INOX.B) Іспанія,Секатор Bellota для збирання винограду/зрізання часнику Bellota (3629),585,589,"назви схожі, різняться словами: inox, довгі, зрізання та ще 2"
,vodospad,75.3,3601-21.B,42760,Секатор 210 мм кований Bellota (3601-21.B) Іспанія,"Секатор 21 см, обвідний Bellota 23604-21",581,1079,"назви схожі, але різні коди виробника"
,plantsclub,75.3,350-36,11227,Пилка складна Silky Bigboy 360-10 (350-36) Японія,Пила Silky Bigboy 360-10 складна (Сілкі Бігбой),3995,3995,"назви схожі, різняться словами: бігбой, пила, пилка та ще 1"
,plantsclub,75.3,3.91.40,10964,​​​​​​​Ніж для щеплення Victorinox 3.91.40 Швейцарія,Ніж для щеплення Victorinox 3.90.40 (Вікторінокс 3.90.40),1799,1290,"назви схожі, різняться словами: вікторінокс"
,plantsclub,75.3,7468,9224,Добриво Цинк 1 л SmartGrow Україна,"Добриво SmartGrow ЦИНК хелатне мікродобриво EDTA Смарт Гроу, 1 л",215,183,"назви схожі, різняться словами: edta, гроу, мікродобриво та ще 2"
,vodospad,75.2,23523-21.B,42422,Секатор 210 мм Bellota (23523-21.B) Іспанія,"Секатор 210 мм, різ 25 мм Bellota, арт.23523-21",769,769,"назви схожі, але різні коди виробника"
,plantsclub,75.2,1020125,9844,Інструмент для видалення бур’янів Фіскарс / Fiskars SmartFit телескопічний 139960 1020125) Фінляндія,Інструмент для видалення бур'янів Fiskars QuikFit 139970,3999,504,"назви схожі, але різні коди виробника"
,plantsclub,75.2,3186,16168,Фунгіцид Айрон Залізний купорос 10 кг Агрохімпак Україна,"Фунгіцид Залізний купорос Садівник (сульфат заліза) 500 г, Агрохімпак",426,40,"назви схожі, але різні об'єми або розміри"
,plantsclub,75.2,3198,14744,Фунгіцид Амістар Голд 250 SC 100 мл Syngenta Швейцарія,"Фунгіцид Амістар Голд 250 (азоксистробін 125 г/л + дифенконазол 125 г/л) SC к.с. 100 мл, Syngenta",275,275,"назви схожі, різняться словами: азоксистробін, дифенконазол"
,vodospad,75.1,HT-B1,38886,Степлер підв'язувальний MAX Tapener HT-B1,Степлер садовий для підв`язки (Тапенер) Max Tapener HT-B1,2190,2190,"назви схожі, різняться словами: підвязки, підвязувальний, садовий та ще 1"
,plantsclub,75.1,1001705,12353,Сокира-молот Фіскарс Fiskars X46 (1001705) Фінляндія,Сокира-молот Fiskars 2500,5999,2236.1,"назви схожі, різняться словами: фінляндія, фіскарс"
,plantsclub,75.1,3578-TEL.B,11877,Гілкоріз (секатор дворучний) телескопічний 600/900 мм 3578-TEL.B Bellota (Іспанія),Секатор Bellota 3612 телескопічний,3169,3429,"назви схожі, різняться словами: гілкоріз, дворучний"
,plantsclub,75.1,3440-TEL.B,11877,Гілкоріз (секатор дворучний) телескопічний 600/900 мм 3440-TEL.B Bellota (Іспанія),Секатор Bellota 3612 телескопічний,1522,3429,"назви схожі, різняться словами: гілкоріз, дворучний"
,vodospad,75,200А-60,42520,Сучкоріз / Гілкоріз Felco 200A-60,Сучкоріз FELCO 201-60 (60 см),4690,4690,"назви схожі, різняться словами: гілкоріз"
,vodospad,75,200a-60,42520,Сучкоріз / Гілкоріз Felco 200A-60,Сучкоріз FELCO 201-60 (60 см),4690,4690,"назви схожі, різняться словами: гілкоріз"
,vodospad,75,9387/19LN,40605,Ніж грибника Антоніні / Antonini 19.8 см Old Bear (9387/19LN) Італія,Ніж Antonini Old Bear,1490,820,"назви схожі, різняться словами: антоніні, грибника"
,plantsclub,75,19,11742,Секатор Фелко / Felco 19 з пульверизатором Швейцарія,Садовий секатор FELCO 19 великий обвідний ергономічний з пульверизатором (Фелко 19),11780,11780,"назви схожі, різняться словами: великий, ергономічний, обвідний та ще 1"
,plantsclub,75,641/10,10945,Щеплювальний ніж Тіна / Tina (641/10) Німеччина,Ніж Tina 641/10,5999,5999,"назви схожі, різняться словами: тіна, щеплювальний"
,plantsclub,75,640/10,10943,Щеплювальний ніж Тіна / Tina (640/10) Німеччина,Ніж Tina 640/10,5699,5299,"назви схожі, різняться словами: тіна, щеплювальний"
,plantsclub,75,600/11,10933,Щеплювальний ніж Тіна / Tina (600/11) Німеччина,Ніж Tina 600/11,5499,5499,"назви схожі, різняться словами: тіна, щеплювальний"
,plantsclub,75,AP_8-20-1000,16475,Крапельна стрічка щілинна AquaPlus (Аква Плюс) 8 mil 20 см 1000 м (AP_8-20-1000) Україна,Крапельна стрічка Aqua Plus (щільова) 8 мм × 20 см × 300 м Аква Плюс,2327,669,"назви схожі, але різні об'єми або розміри"
,plantsclub,75,143-18,11229,"Садова складна пилка Silky F-180-7,5 (143-18) Японія","Пила Silky F-180-7,5 складна (Сілкі F180)",1490,1490,"назви схожі, але різні коди виробника"
,plantsclub,75,4980005N,11355,Стрічка-плівка для щеплення Agrichem 50 м (32мм х 0.1мм) без перфорації (самоклейна) (4980005N) Італія,"Плівка для щеплення MaxiFilm без перфорації 32мм х 70м, 1 рулон, стрічка Максіфільм",795,740,"назви схожі, але різні об'єми або розміри"
,vodospad,74.8,1062936,37201,Сокира-молот Фіскарс / Fiskars Pro IsoCore (1062936) Фінляндія,Сокира-молот Fiskars IsoCore (XXL) (1020220),4399,4299,"назви схожі, але різні коди виробника"
,vodospad,74.8,210/33,36615,Пила 330 мм Due Buoi RS 210/33 Італія,Пила 330 мм Due Buoi RS 210/33 (8 зубів/ 30 мм; висота зуба 6 мм),1490,1399,"назви схожі, різняться словами: висота, зубів, зуба"
,plantsclub,74.8,3629 INOX.B,11883,Секатор для збору винограду (довгі леза) Bellota (3629 INOX.B) Іспанія,Секатор Bellota 3629 INOX для збору винограду і фруктів типу ножиці (Беллота 3629),585,585,"назви схожі, але різні коди виробника"
,plantsclub,74.8,7209,9304,Добриво сульфат калію Солюпотас 1 кг Бельгія,"Добриво водорозчинне SoluPotasse Калію Сульфат - 51% K2O, 25 кг Солюпотас для фертигації",275,1650,"назви схожі, але різні об'єми або розміри"
,vodospad,74.7,29604RE330.A,42752,Ножівка садова професійна з чохлом 330 мм японська заточка (29604RE330.A) Altuna Іспанія,"Пила садова з чохлом 330 мм, Altuna 29604RE330 (Bellota)",1559,1559,"назви схожі, але різні коди виробника"
,vodospad,74.7,5116/N,43487,Ніж для щеплення з відокремлювачем кори Антоніні / Antonini (5116/N) Італія,"Ніж садовий для щеплення ANTONINI PRO 5016/L, C67, Sapelli, 170 мм, з відокремлювачем кори",1490,1260,"назви схожі, різняться словами: pro, sapelli, антоніні та ще 1"
,plantsclub,74.7,550,15814,Кущоріз Камакі / Kamaki (550) Японія,Садові ножиці Kamaki 550 японські (кущорізи Камакі 550),3380,3380,"назви схожі, різняться словами: кущоріз, кущорізи, ножиці та ще 2"
,plantsclub,74.7,HT-3,12383,Набір для підв'язки рослин Tapener HT-3 (Степлер підв'язувальний Max HT-R1 + Стрічка + Скоби),Степлер для рослин MAX Tapener HT-R1 + Італійська стрічка + Оригінальні скоби (Тапенер Акційний Набір),2595,2374,"назви схожі, різняться словами: італійська, акційний, оригінальні та ще 3"
,plantsclub,74.7,HT-5,12388,Набір для підв'язки рослин Tapener HT-5 (Степлер підв'язувальний Max HT-RS + Стрічка + Скоби),Степлер для рослин MAX Tapener HT-RS + Італійська стрічка + Оригінальні скоби (Тапенер Акційний Набір),2575,2549,"назви схожі, різняться словами: італійська, акційний, оригінальні та ще 3"
,plantsclub,74.7,3140,15851,Фунгіцид Магнікур Фіно 500 мл Bayer Байєр Німеччина,"Фунгіцид Магнікур Сенсейшен 500 SC 3,5 мл, Bayer",1148,65,"назви схожі, але різні об'єми або розміри"
,plantsclub,74.7,23604-21.B,11864,Секатор 210 мм Bellota (23604-21.B) Іспанія,Секатор Bellota 23604-21 універсальний,1079,1079,"назви схожі, але різні коди виробника"
,plantsclub,74.7,3408.B.,16153,Секатор 195 мм Bellota (3408.B.) Іспанія,Секатор Bellota 3408 обвідний 195 мм (Беллота 3408),729,729,"назви схожі, але різні коди виробника"
,plantsclub,74.7,8002,10088,Змінне ковадло для секаторів Löwe 8 (8002),Коваделко та гвинт для секатора Lowe 8 (8002),150,180,"назви схожі, різняться словами: гвинт, змінне, коваделко та ще 3"
,vodospad,74.6,4587-11.B,42410,Ножівка садова з чохлом 280 мм Bellota (4587-11.B) Іспанія,"Ножівка садова дерев`яна з чохлом 330мм Bellota, арт.450MC13.B",1265,1220,"назви схожі, але різні об'єми або розміри"
,vodospad,74.6,555300800,32812,Точильний камінь Старк / Stark 3000/8000 гріт (555300800) Німеччина,Точильний камінь TINA 940 (Німеччина),395,1370,"назви схожі, але різні бренди"
,plantsclub,74.6,710-65,11254,Садова пила складна Silky Katanaboy 650-4 (710-65) Японія,Пила Silky Katanaboy 650-4 складна (Сілкі Катанабой),13990,13990,"назви схожі, різняться словами: катанабой, сілкі, садова"
,plantsclub,74.6,403-50,11253,Пила садова складна Silky Katanaboy 500-5 (403-50) Японія,Пила Silky Katanaboy 500-5 складна (Сілкі Катанабой),8990,8990,"назви схожі, різняться словами: катанабой, сілкі, садова"
,plantsclub,74.6,0101,15800,Кущоріз 700 мм Доукан / Doukan ( 0101) Японія,Садові ножиці Doukan 0101 японські (кущорізи Доукан 0101),3490,3490,"назви схожі, різняться словами: кущоріз, кущорізи, ножиці та ще 2"
,plantsclub,74.6,3200,15047,Фунгіцид Біошок 5 л Агропромніка Україна,"Фунгіцид Біошок (хлорокис міді 340 г/л) к.с. 40 г саше, Агропромніка",2860,65,"назви схожі, але різні об'єми або розміри"
,plantsclub,74.6,135/20,11888,Секатор Due Buoi 135/20 Італія,Секатор Due Buoi 135/20 італійський алюмінієві ручки (Дюе Буоі),2550,2550,"назви схожі, різняться словами: італійський, алюмінієві, буоі та ще 1"
,plantsclub,74.6,1.92.00,10960,Садовий ніж для обрізки Victorinox 1.92.00 Швейцарія,Ніж для обрізки Victorinox 1.92.00 (Вікторінокс 1.92.00),1000,1155,"назви схожі, різняться словами: вікторінокс, садовий"
,vodospad,74.5,SH-VSZ,33326,Чохол для секатора АРС / ARS (SH-VSZ) Японія,Чохол для секатора (1105),890,890,"назви схожі, різняться словами: ars, shvsz"
,plantsclub,74.5,BCL235,12033,Секатор акумуляторний Bahco​​​​​​​ BCL235 Швеція,Секатор акумуляторний з електроприводом Bahco BCL21,15975,49900,"назви схожі, різняться словами: електроприводом"
,plantsclub,74.5,220,12528,Гілкоріз обвідний з храповим механізмом Фелко / Felco 220 Швейцарія,Сучкоріз Felco 220 обвідний з храповим механізмом для твердої деревини (Фелко 220),9590,9590,"назви схожі, різняться словами: гілкоріз, деревини, сучкоріз та ще 1"
,plantsclub,74.5,1051086,12330,Сокира-колун Фіскарс Fiskars Solid A11 (1051086) Фінляндія,Сокира колун Fiskars Solid L 122260,3549,1512.5,"назви схожі, але різні коди виробника"
,plantsclub,74.5,7235,9207,Добриво Phoenix (Відновлення) 1 л SmartGrow Україна,"Добриво SmartGrow ВІДНОВЛЕННЯ 25 мл, Смарт Гроу",625,29,"назви схожі, але різні об'єми або розміри"
,plantsclub,74.4,8055,9177,Добриво Вітазим БІО Смарт Гроу / Vitazyme BIO 1 л Smart Grow США,"Добриво Smart Grow ТОМАТ 25 мл, Смарт Гроу",1748,25,"назви схожі, але різні об'єми або розміри"
,plantsclub,74.4,3425,12848,Фунгіцид Кітч 120 г Сімейний Сад Україна,Фунгіцид Джип К.С. (флуазинам) 20 мл Сімейний Сад,648,66,"назви схожі, але різні об'єми або розміри"
,plantsclub,74.4,ddd10bd9-abba-11ee-bf43-c87f546feb15,13040,Кріплення та підв`язка рослин,"Якірні кріплення Cordioli 5 см, 1 кг, 650 шт. підв'язка для рослин (Кордіолі)",,745,"назви схожі, різняться словами: cordioli, кордіолі, якірні"
,vodospad,74.3,6195,43393,Пила складна Альпен / Alpen Bernina (6195) Швейцарія,"Пила складна ALPEN Bernina 6195, пряме лезо 195 мм",1327,1329,"назви схожі, різняться словами: альпен, лезо, пряме"
,plantsclub,74.3,1069103,12315,Сокира універсальна Фіскарс Fiskars X-Series X18 Universal S (1069103) Фінляндія,Сокира Fiskars Х10 універсальна,3499,1407,"назви схожі, різняться словами: universal, xseries, фінляндія та ще 1"
,plantsclub,74.3,AP_8-10-1000,16475,Крапельна стрічка щілинна AquaPlus (Аква Плюс) 8 mil 10 см 1000 м (AP_8-10-1000) Україна,Крапельна стрічка Aqua Plus (щільова) 8 мм × 20 см × 300 м Аква Плюс,2327,669,"назви схожі, але різні об'єми або розміри"
,plantsclub,74.3,910 +,10074,Шкіряний чохол-кобура для секатора Фелко / Felco 910 +(Plus) Швейцарія,Кобура для секаторів Felco 910 (Фелко 910),1399,1287,"назви схожі, різняться словами: plus, секаторів, секатора та ще 2"
,vodospad,74.2,685L,42917,Щеплювальний стаціонарний ніж для шульги ​​​​​​​Тіна / Tina (685L) Німеччина,"Ніж садовий для щеплення (для ШУЛЬГИ) TINA 640/10,5L (Німеччина)",2799,6899,"назви схожі, але різні об'єми або розміри"
,vodospad,74.2,MF20ММ,38076,Ніж-кільце для обрізки кембрика металевий IMF 20 мм Італія,"Ніж для обрізки кембрика, металевий (knife_tie) 12ANTALL",290,145,"назви схожі, але різні бренди"
,plantsclub,74.2,1020204,11923,Секатор професійний Фіскарс Fiskars PB-8 M 111850 (1020204) Фінляндія,Секатор Fiskars P9O 111960 професійний,3999,1060,"назви схожі, але різні коди виробника"
,plantsclub,74.2,HT-1,14125,Набір для підв'язки рослин Tapener HT-1 (Степлер підв'язувальний Max HT-R45C + Стрічка + Скоби),Степлер для рослин MAX Tapener HT-R45C(RD) + Італійська стрічка 20 шт + Оригінальні скоби (Тапенер Акційний набір),3699,3167,"назви схожі, різняться словами: rd, італійська, акційний та ще 4"
,plantsclub,74.2,1020203,11923,Секатор професійний Фіскарс Fiskars PB-8 L 111870 (1020203) Фінляндія,Секатор Fiskars P9O 111960 професійний,3299,1060,"назви схожі, але різні коди виробника"
,plantsclub,74.2,7378,9189,Добриво Газон 1 л SmartGrow Україна,"Добриво SmartGrow AMINO (Аміно), 1 л",535,472,"назви схожі, різняться словами: amino, аміно, газон"
,plantsclub,74.2,m3003,15851,Фунгіцид Магнікур Стар 520 SC к.с. 5мл,"Фунгіцид Магнікур Сенсейшен 500 SC 3,5 мл, Bayer",50,65,"назви схожі, але різні об'єми або розміри"
,vodospad,74.1,3.91.10,32375,​​​​​​​Ніж для щеплення Victorinox 3.91.10 Швейцарія,Ніж для щеплень FELCO Victorinox (3.90.20),1699,1449,"назви схожі, різняться словами: felco, щеплення, щеплень"
,plantsclub,74.1,7236,9207,Добриво Phoenix (Відновлення) 10 л SmartGrow Україна,"Добриво SmartGrow ВІДНОВЛЕННЯ 25 мл, Смарт Гроу",4557,29,"назви схожі, але різні об'єми або розміри"
,plantsclub,74.1,3578-90.B,11871,Гілкоріз (секатор дворучний) 900 мм професійний 3578-90.B Bellota (Іспанія),Секатор Bellota 3510-21 професійний,3745,2649,"назви схожі, але різні коди виробника"
,plantsclub,74.1,3578-75.B,11871,Гілкоріз (секатор дворучний) 750 мм професійний 3578-75.B Bellota (Іспанія),Секатор Bellota 3510-21 професійний,3729,2649,"назви схожі, але різні коди виробника"
,plantsclub,74.1,3580-90.B,11871,Гілкоріз (секатор дворучний) 900 мм професійний 3580-90.B Bellota (Іспанія),Секатор Bellota 3510-21 професійний,3665,2649,"назви схожі, але різні коди виробника"
,plantsclub,74.1,3580-75.B,11871,Гілкоріз (секатор дворучний) 750 мм професійний 3580-75.B Bellota (Іспанія),Секатор Bellota 3510-21 професійний,3499,2649,"назви схожі, але різні коди виробника"
,plantsclub,74.1,3580-60.B,11871,Гілкоріз (секатор дворучний) 600 мм професійний 3580-60.B Bellota (Іспанія),Секатор Bellota 3510-21 професійний,3419,2649,"назви схожі, але різні коди виробника"
,plantsclub,74.1,1069102,12315,Сокира універсальна Фіскарс Fiskars X-Series X14 XS Universal (1069102) Фінляндія,Сокира Fiskars Х10 універсальна,3299,1407,"назви схожі, різняться словами: universal, xs, xseries та ще 2"
,plantsclub,74.1,1026826,11041,Ножиці для трави Фіскарс / Fiskars Solid GS21 (1026826) Фінляндія,Ножиці для трави Fiskars 113680,1499,972.8,"назви схожі, але різні коди виробника"
,plantsclub,74.1,1027043,12301,Садовий совок Фіскарс / Fiskars Xact (1027043) Фінляндія,Совок садовий Fiskars 137000,999,696,"назви схожі, але різні коди виробника"
,plantsclub,74.1,1027017,12301,Садовий совок Фіскарс / Fiskars Ergo (1027017) Фінляндія,Совок садовий Fiskars 137000,699,696,"назви схожі, але різні коди виробника"
,plantsclub,74.1,1027018,12301,Садовий совок Фіскарс / Fiskars Ergo (1027018) Фінляндія,Совок садовий Fiskars 137000,699,696,"назви схожі, але різні коди виробника"
,plantsclub,74,8089,13633,Добриво Осмокот / Osmocote Standard 15-9-11 (12-14 M) 25 кг ICL Нідерланди,"Добриво тривалої дії Osmocote Standard 15-9-11+2MgO+TE (12-14 місяців), 25 кг",9356,6990,"назви схожі, але різні коди виробника"
,plantsclub,74,1066729,10549,Лопата штикова Фіскарс Fiskars Xact (1066729) Фінляндія,Лопата Fiskars Xact (М) 131482 садова штикова,3599,1542.8,"назви схожі, але різні коди виробника"
,plantsclub,74,1070678,8693,Вила для компосту Фіскарс / Fiskars Ergonomic (1070678) Фінляндія,Вила Fiskars (133430) для компосту,2699,958.3,"назви схожі, але різні коди виробника"
,plantsclub,74,910 Black,15293,Чохол для секатора Фелко / Felco 910 Black Швейцарія,Кобура для секаторів Felco 910 Black (Фелко 910 чорна),1349,1349,"назви схожі, різняться словами: кобура, секаторів, секатора та ще 2"
,vodospad,73.9,9.109,32928,Секатор обвідний з поворотним руків'ям​​​​​​​ Льове / Lowe Original (9.109) Німеччина,Секатор садовий LOWE Original 15.107 (Німеччина),3750,1850,"назви схожі, різняться словами: льове, обвідний, поворотним та ще 2"
,vodospad,73.9,QA-0361,42747,Камінь точильний водний Gouken 1000 grit Наніва / Naniwa (QA-0361) Японія,"Точильний камінь японський водний 12000 grit GOUKEN NANIWA NK-2291 210x70x20 мм, 0,74 Kg",895,6990,"назви схожі, але різні коди виробника"
,vodospad,73.9,b7ae5581-dcce-11f0-81e7-e89c257d8b8f,42747,Камінь точильний водний GOUKEN 1000 grit Наніва / Naniwa (QA-0361) Японія,"Точильний камінь японський водний 12000 grit GOUKEN NANIWA NK-2291 210x70x20 мм, 0,74 Kg",895,6990,"назви схожі, але різні коди виробника"
,plantsclub,73.9,211P-SP-OT,10856,Щеплювальний ніж для окулірування з відокремлювачем кори Due Buoi 211P-SP-OT Італія,Ніж Due Buoi 205P для окулірування,1990,1949,"назви схожі, різняться словами: відокремлювачем, кори, щеплювальний"
,plantsclub,73.9,171M,12519,Секатор обвідний Фелко / Felco 171M Швейцарія,Сучкоріз Felco 21 обвідний (Фелко 21),1399,7500,"назви схожі, різняться словами: секатор, сучкоріз"
,plantsclub,73.9,4587-11.B,11174,Ножівка садова з чохлом 280 мм Bellota (4587-11.B) Іспанія,Пила (ножівка) садова Bellota 4589-12.B з чохлом (пряме лезо),1265,1245,"назви схожі, але різні коди виробника"
,plantsclub,73.9,7233,9198,Добриво укорінювач Рутмост-C60 ROOTMOST-С60 1 л SmartGrow Україна,"Добриво SmartGrow RootMost, укорінювач Смарт Гроу, 1 л",1048,895,"назви схожі, різняться словами: rootmost, гроу, смарт"
,plantsclub,73.9,1623AF,9622,Окуляри захисні 3М 1623AF,Захисні окуляри LESO-TR,348,70,"назви схожі, різняться словами: lesotr"
,plantsclub,73.9,13001,9483,Ваги електронні з двома чашами 0.01-500 г,Електронні ваги-ложка Admetior з двома мірками до 3000 г,298,2185,"назви схожі, але різні об'єми або розміри"
,vodospad,73.8,34-171,39101,Секатор акумуляторний Vorhut Pro VBC20B (34-171),Акумуляторний секатор Bahco (BCL20IB),3750,16999,"назви схожі, але різні бренди"
,plantsclub,73.8,1082131,12333,Сокира-колун Фіскарс Fiskars Ultra XU32 (1082131) Фінляндія,Сокира колун Fiskars Х25,6999,2250.6,"назви схожі, різняться словами: ultra, фінляндія, фіскарс"
,plantsclub,73.8,42-204,13960,Сівалка ручна Целлфаст / Cellfast (42-204) Польща,Сіялка ручна Cellfast 3 л 42-204 (Селлфаст),730,937,"назви схожі, різняться словами: сівалка, сіялка, селлфаст та ще 1"
,plantsclub,73.8,3622 INOX.B,11879,Секатор для збирання винограду Bellota (3622 INOX.B) Іспанія,Секатор Bellota 3622 INOX для збору винограду обвідний нержавіючий (Беллота 3622),585,585,"назви схожі, але різні коди виробника"
,vodospad,73.7,3612.B,33612,Секатор довгомірний телескопічний 1500 мм Bellota (3612.B) Іспанія,Телескопічний секатор для роботи у важкодоступних місцях 1500 мм Bellota (3612),3429,3299,"назви схожі, різняться словами: важкодоступних, довгомірний, місцях та ще 1"
,plantsclub,73.7,0105-1,15802,Кущоріз 540 мм Доукан / Doukan (0105-1) Японія,Садові ножиці Doukan 0105-1 японські (кущорізи Доукан 0105-1),2910,2910,"назви схожі, різняться словами: кущоріз, кущорізи, ножиці та ще 2"
,plantsclub,73.7,170L,16102,Секатор обвідний Фелко / Felco 170L Швейцарія,Садовий секатор FELCO 170L великий обвідний ергономічний (Фелко 170L),1990,1990,"назви схожі, різняться словами: великий, ергономічний, садовий"
,vodospad,73.6,P129-19,31973,Ножниці для збору винограду P129-19 Bahco,Ножиці для обрізання винограду Bahco (P123-19-BULK),585,280,"назви схожі, але різні коди виробника"
,vodospad,73.5,1-800,42918,Садовий бальзам Вокс / Voks 800 г зі шпателем Агрохімпак Україна,"Садовий бальзам VOKS (Вокс), 200 г в тубі",375,179,"назви схожі, але різні об'єми або розміри"
,vodospad,73.5,1-400,42918,Садовий бальзам Вокс / Voks 400 г зі шпателем Агрохімпак Україна,"Садовий бальзам VOKS (Вокс), 200 г в тубі",225,179,"назви схожі, але різні об'єми або розміри"
,plantsclub,73.5,613/10.5,10938,Щеплювальний садовий ніж Тіна / Tina (613/10.5) Німеччина,"Ніж Tina 613/10,5",5099,5099,"назви схожі, різняться словами: садовий, тіна, щеплювальний"
,plantsclub,73.5,0128,15808,Кущоріз 760 мм Доукан / Doukan (0128) Японія,Садові ножиці Doukan 0128 японські (кущорізи Доукан 0128),3750,3750,"назви схожі, різняться словами: кущоріз, кущорізи, ножиці та ще 2"
,plantsclub,73.5,0123,15806,Кущоріз 690 мм Доукан / Doukan (0123) Японія,Садові ножиці Doukan 0123 японські (кущорізи Доукан 0123),3690,3690,"назви схожі, різняться словами: кущоріз, кущорізи, ножиці та ще 2"
,plantsclub,73.5,0124,15807,Кущоріз 690 мм Доукан / Doukan (0124) Японія,Садові ножиці Doukan 0124 японські (кущорізи Доукан 0124),3490,3490,"назви схожі, різняться словами: кущоріз, кущорізи, ножиці та ще 2"
,plantsclub,73.5,0113,15804,Кущоріз 670 мм Доукан / Doukan (0113) Японія,Садові ножиці Doukan 0113 японські (кущорізи Доукан 0113),3490,3490,"назви схожі, різняться словами: кущоріз, кущорізи, ножиці та ще 2"
,plantsclub,73.5,0105,15801,Кущоріз 540 мм Доукан / Doukan ( 0105) Японія,Садові ножиці Doukan 0105 японські (кущорізи Доукан 0105),2795,2795,"назви схожі, різняться словами: кущоріз, кущорізи, ножиці та ще 2"
,plantsclub,73.5,0114,15805,Кущоріз 550 мм Доукан / Doukan (0114) Японія,Садові ножиці Doukan 0114 японські (кущорізи Доукан 0114),2790,2790,"назви схожі, різняться словами: кущоріз, кущорізи, ножиці та ще 2"
,plantsclub,73.5,12356,10904,Ніж Мора / Morakniv Bushcraft Forest Sandvik 12C27 (12356) Швеція,Ніж Mora BushCraft Forest,1799,669.6,"назви схожі, різняться словами: sandvik, мора"
,plantsclub,73.5,SR-SC-RAKE,16109,Граблі для скарифікації газону Смарт Рейн / Smart Rain (SR-SC-RAKE) Україна,Лопата Smart Rain для газону SR-SH (Смарт Рейн SR-SH),1295,3950,"назви схожі, різняться словами: srscrake, srsh, граблі та ще 2"
,plantsclub,73.4,1069104,12315,Сокира універсальна Фіскарс Fiskars X-Series X24 Universal M (1069104) Фінляндія,Сокира Fiskars Х10 універсальна,4999,1407,"назви схожі, різняться словами: universal, xseries, фінляндія та ще 1"
,plantsclub,73.4,170M,16103,Секатор обвідний Фелко / Felco 170M Швейцарія,Садовий секатор FELCO 170M середній обвідний ергономічний (Фелко 170M),1949,1949,"назви схожі, різняться словами: ергономічний, садовий, середній"
,plantsclub,73.4,3624-INOX.B,11878,Секатор для збору винограду Bellota (3624-INOX.B) Іспанія,Секатор Bellota 3621 INOX для збору винограду типу ножиці (Беллота 3621),585,585,"назви схожі, але різні коди виробника"
,plantsclub,73.4,3624-INOX.B.,11878,Секатор для збору винограду 3624-INOX.B. Bellota (Іспанія),Секатор Bellota 3621 INOX для збору винограду типу ножиці (Беллота 3621),485,585,"назви схожі, але різні коди виробника"
,vodospad,73.3,1069102,32122,Сокира універсальна Фіскарс Fiskars X-Series X14 XS Universal (1069102) Фінляндія,Сокира універсальна Fiskars X7 - XS (1015618),3299,1799,"назви схожі, але різні коди виробника"
,plantsclub,73.3,356-36,11226,Пила садова складна Silky Bigboy 360-6.5 (356-36) Японія,"Пила Silky Bigboy 2000 360-6,5 складна (Сілкі Бігбой)",4495,4495,"назви схожі, різняться словами: бігбой, сілкі, садова"
,plantsclub,73.3,42-206,13931,Плодознімач телескопічний 165-305 см Cellfast IDEAL (42-206) Польща,"Плодозбірник телескопічний Cellfast IDEAL 1,65 м 42-206 (Целфаст Ідеал)",1998,2619,"назви схожі, але різні об'єми або розміри"
,plantsclub,73.3,201,15813,Кущоріз 480 мм Камакі / Kamaki (201) Японія,Садові ножиці Kamaki 201 японські (кущорізи Камакі 201),1599,1580,"назви схожі, різняться словами: кущоріз, кущорізи, ножиці та ще 2"
,plantsclub,73.3,3241,12848,Фунгіцид Скай 200 г Сімейний Сад Україна,Фунгіцид Джип К.С. (флуазинам) 20 мл Сімейний Сад,780,66,"назви схожі, але різні об'єми або розміри"
,plantsclub,73.3,3361,14093,Фунгіцид Таймер СЕ 100 мл Сімейний Сад Україна,Фунгіцид Джип К.С. (флуазинам) 100 мл - Сімейний Сад,298,325,"назви схожі, різняться словами: джип, таймер, флуазинам"
,vodospad,73.2,1066729,37366,Лопата штикова Фіскарс Fiskars Xact (1066729) Фінляндія,Лопата штикова Fiskars Xact М середня (1003684),3599,1999,"назви схожі, але різні коди виробника"
,vodospad,73.2,QA-0360,42747,Камінь точильний водний Gouken 220 grit Наніва / Naniwa (QA-0360) Японія,"Точильний камінь японський водний 12000 grit GOUKEN NANIWA NK-2291 210x70x20 мм, 0,74 Kg",875,6990,"назви схожі, але різні коди виробника"
,plantsclub,73.2,PG-57-F,12486,Кущоріз Bahco PG-57-F,Сучкоріз Bahco PG-18-60-F,2745,1570,"назви схожі, різняться словами: кущоріз, сучкоріз"
,plantsclub,73.2,1078,14713,Гербіцид Гезагард 500 FW КС 5 л Syngenta Сингента Швейцарія,"Гербіцид Гезагард 500 (прометрин 500 г/л) FW к.с. 100 мл, Syngenta",1998,115,"назви схожі, але різні об'єми або розміри"
,plantsclub,73.2,5.124,11968,LOWE Original 5.124 Маленький секатор з ковадлом Німеччина,Секатор LOWE 5.124 маленький з коваделцем (Льове 5.124),1950,1950,"назви схожі, різняться словами: original, коваделцем, ковадлом та ще 1"
,plantsclub,73.2,450MC13.B.,11174,Ножівка садова з чохлом 481 мм (450MC13.B.) Bellota Іспанія,Пила (ножівка) садова Bellota 4589-12.B з чохлом (пряме лезо),1265,1245,"назви схожі, але різні коди виробника"
,vodospad,73.1,1000585,32132,Гілкоріз контактний з храповим механізмом Fiskars PowerStep L85 112850 (1000585) Фінляндія,Секатор з храповим механізмом Fiskars PowerStep Р83 (1000575),2999,1399,"назви схожі, але різні коди виробника"
,vodospad,73.1,1-200,42498,Садова замазка Balsam Pro / Бальзам Про 200 г Royal Mix,"Садова замазка Balsam PRO, 500 г (BalsamPro500)",329,599,"назви схожі, але різні об'єми або розміри"
,plantsclub,73.1,5.127,11969,Секатор з ковадлом Льове / Lowe Original (5.127) Німеччина,Секатор Lowe 5.127 маленький з коваделцем (Льове 5.127),1950,1950,"назви схожі, різняться словами: original, коваделцем, ковадлом та ще 1"
,plantsclub,73.1,5.107,11966,Секатор з ковадлом Льове / Lowe Original (5.107) Німеччина,Секатор Lowe 5.107 маленький з коваделцем (Льове 5.107),1900,1900,"назви схожі, різняться словами: original, коваделцем, ковадлом та ще 1"
,plantsclub,73.1,1023632,11041,Ножиці для трави Фіскарс / Fiskars SmartFit GS40 (1023632) Фінляндія,Ножиці для трави Fiskars 113680,1899,972.8,"назви схожі, але різні коди виробника"
,plantsclub,73.1,5640/N,14062,Ніж для щеплення універсальний з відокремлювач кори Антоніні / Antonini (5640/N) Італія,Ніж Stocker 785 для щеплення універсальний з відокремлювачем кори (Штокер 785),950,722,"назви схожі, але різні бренди"
,plantsclub,73.1,4010,14459,Лімацид Снаколь / Snacol від слимаків 1. 1 кг Bros Польща,Гранули від слимаків Snacol Bros 1 кг (Брос),572,672,"назви схожі, різняться словами: брос, гранули, лімацид та ще 1"
,plantsclub,73.1,7381,9198,Добриво Томат 1 л SmartGrow Україна,"Добриво SmartGrow RootMost, укорінювач Смарт Гроу, 1 л",298,895,"назви схожі, різняться словами: rootmost, гроу, смарт та ще 2"
,vodospad,73,1000557,32160,Ножиці для трави Фіскарс / Fiskars S50 111090 (1000557) Фінляндія,Ножиці для трави Fiskars GS42 (1000589),1477,1399,"назви схожі, але різні коди виробника"
,vodospad,73,450MC13.B.,42410,Ножівка садова з чохлом 481 мм (450MC13.B.) Bellota Іспанія,"Ножівка садова дерев`яна з чохлом 330мм Bellota, арт.450MC13.B",1265,1220,"код збігся, але різні об'єми або розміри"
,plantsclub,73,7549,9856,Добриво ЯраЛіва Нітрабор YaraLiva Nitrabor 25 кг Норвегія,"Кальцієва селітра з бором YaraLiva Nitrabor (Норвегія), 25 кг",1498,1309,"назви схожі, різняться словами: бором, добриво, кальцієва та ще 3"
,plantsclub,73,M14L-AM,10373,Кусачки для збору плодів 30 мм Манзана / Manzana (M14L-AM) Іспанія,Кусачки для збору яблук М14L-AM,850,450,"назви схожі, різняться словами: manzana, манзана, плодів та ще 1"
,plantsclub,73,1051600,11009,Ножиці для квітів Фіскарс / Fiskars Solid Micro-Tip SP13 (1051600) Фінляндія,Ножиці для квітів Fiskars 111010,799,370.3,"назви схожі, але різні коди виробника"
,plantsclub,73,7286,9189,Добриво Мікро / Micro 1 л SmartGrow Україна,"Добриво SmartGrow AMINO (Аміно), 1 л",475,472,"назви схожі, різняться словами: amino, micro, аміно та ще 1"
,vodospad,72.9,1001569,32250,Лопата штикова Фіскарс Fiskars ErgoComfort (1001569) Фінляндія,Лопата садова штикова Fiskars Ergonomic (1001568),1195,1699,"назви схожі, але різні коди виробника"
,plantsclub,72.9,11.104,11954,Секатор садовий Льове / Lowe Original (11.104) Німеччина,Секатор Lowe 11.109 садовий обвідний (Льове 11.109),2490,3495,"назви схожі, але різні коди виробника"
,plantsclub,72.9,PIR,10573,Лопата штикова з дерев'яною ручкою 1500 мм Truper (PIR) Мексика,Лопата штикова з дерев'яною ручкою Штокер Stocker 2251,950,1229,"назви схожі, але різні бренди"
,plantsclub,72.9,4037,14089,Лімацид СлизнеСТОП 1 кг Сімейний Сад Україна,"Молюскоцид (лімацид) СлизнеСТОП, Г.П. (метальдегід) 300 г тубус Сімейний Сад",298,143,"назви схожі, але різні об'єми або розміри"
,vodospad,72.8,1000596,39773,Ножиці для живоплоту з силовим приводом Фіскарс / Fiskars PowerGear HS72 114790 (1000596) Фінляндія,Ножиці для живоплоту Fiskars PowerGear X HSX92 (1023631),3499,2399,"назви схожі, але різні коди виробника"
,vodospad,72.8,1069103,32123,Сокира універсальна Фіскарс Fiskars X-Series X18 Universal S (1069103) Фінляндія,Сокира універсальна Fiskars X10 - S (1015619),3499,2199,"назви схожі, але різні коди виробника"
,vodospad,72.8,3578-TEL.B,33486,Гілкоріз (секатор дворучний) телескопічний 600/900 мм 3578-TEL.B Bellota (Іспанія),Сучкоріз телескопічний Bellota 3578-TEL (3578-TEL),3169,2349,"назви схожі, але різні коди виробника"
,vodospad,72.8,921,33928,Шкіряний чохол-кобура для секатора Фелко / Felco 921 Швейцарія,Шкіряний чохол Felco (910+),2590,1399,"назви схожі, різняться словами: кобура, секатора, фелко"
,vodospad,72.8,HT-5,40560,Набір для підв'язки рослин Tapener HT-5 (Степлер підв'язувальний Max HT-RS + Стрічка + Скоби),Степлер садовий для підв`язки Max Tapener HT-R1 GUN MAX + стрічка та скоби (MAX_R1-KIT1),2575,2449,"назви схожі, різняться словами: gun, htrs, набір та ще 3"
,plantsclub,72.8,1015642,12333,Сокира-колун Фіскарс Fiskars X21 L 122 473 (1015642) Фінляндія,Сокира колун Fiskars Х25,3599,2250.6,"назви схожі, різняться словами: фінляндія, фіскарс"
,plantsclub,72.8,Felco 8 Elite,15295,Секатор професійний ергономічний Фелко / Felco 8 Elite Швейцарія,Садовий секатор FELCO 8 Elite великий обвідний ергономічний шкіряні ручки (Фелко 8 Elite),4890,4890,"назви схожі, різняться словами: великий, обвідний, професійний та ще 3"
,plantsclub,72.8,SR-EDG,16109,Окантовувач країв газону Смарт Рейн / Smart Rain (SR-EDG) Україна,Лопата Smart Rain для газону SR-SH (Смарт Рейн SR-SH),1295,3950,"назви схожі, різняться словами: sredg, srsh, країв та ще 2"
,plantsclub,72.8,2051,14791,Інсектицид Моспілан 50 г Sumiаgro Самміт Агро Японія,"Інсектицид Моспілан (ацетаміприд 200 г/кг) Р.П. 50 г, Самміт-Агро",225,240,"назви схожі, різняться словами: sumiagro, ацетаміприд"
,plantsclub,72.8,9312,11576,Респіратор протиаерозольний 3М 9312 + Aura FFP1,Респіратор 3М FFP1 NR D,124,46.7,"назви схожі, але різні бренди"
,vodospad,72.7,2.104,32359,Секатор з ковадлом Льове / Lowe (2.104) Німеччина,Маленький секатор з ковадлом LOWE 5.127 (5.127),2440,1950,"назви схожі, різняться словами: льове, маленький"
,plantsclub,72.7,303/21,12042,Щеплювальний секатор Due Buoi 303/21 Італія,Секатор для щеплення Due Buoi 300/21,1999,3475,"назви схожі, різняться словами: щеплення, щеплювальний"
,plantsclub,72.7,160S,11913,Секатор Фелко / Felco 160S Швейцарія,Секатор Felco 6 СС,1749,6760,"назви схожі, різняться словами: фелко"
,plantsclub,72.7,1057164,12059,Секатор площинний Фіскарс / Fiskars Solid P341 (1057164) Фінляндія,Секатор площинний Fiskars viola (111264),1199,184,"назви схожі, але різні коди виробника"
,vodospad,72.6,1147/19,40818,Секатор Due Buoi 1147/19 типу ножиці для збирання плодів Італія,Ножиці для збирання врожаю Due Buoi (141/19),245,315,"назви схожі, але різні коди виробника"
,plantsclub,72.6,1051144,12333,Сокира-колун Фіскарс Fiskars Norden N12 1051144 Фінляндія,Сокира колун Fiskars Х25,5599,2250.6,"назви схожі, різняться словами: norden, фінляндія, фіскарс"
,plantsclub,72.6,3013,14753,Фунгіцид Топаз 100 ЕС КЕ 1 л Syngenta Сингента Швейцарія,"Фунгіцид Топаз 100 (пенконазол 100 г/л) ЕС к.е. 100 мл, Syngenta",3098,480,"назви схожі, але різні об'єми або розміри"
,plantsclub,72.6,200,14596,Кущоріз Альпен Пілатус / Alpen Pilatus (200) Швейцарія,Ножиці для кущів Alpen Pilatus 200 ковані (Кущорізи Альпен Пілатус 200),2160,2160,"назви схожі, різняться словами: ковані, кущів, кущоріз та ще 2"
,plantsclub,72.6,951-20 CM.B,8904,Граблі професійні 542 мм з держаком 1200 мм​​​​​​​ Bellota 951-20 CM.B Іспанія,"Граблi професiйнi Bellota 951-20 СМ.B (542мм), з держаком",888,863,"назви схожі, різняться словами: граблі, професійні"
,plantsclub,72.6,PIR-P,10573,Лопата штикова з дерев'яною ручкою 1450 мм Truper (PIR-P) Мексика,Лопата штикова з дерев'яною ручкою Штокер Stocker 2251,775,1229,"назви схожі, але різні бренди"
,plantsclub,72.6,121000994301,14596,Кущоріз Альпен Пілатус / Alpen Pilatus (200) Швейцарія,Ножиці для кущів Alpen Pilatus 200 ковані (Кущорізи Альпен Пілатус 200),,2160,"назви схожі, різняться словами: ковані, кущів, кущоріз та ще 2"
,vodospad,72.5,3103 MFVA.B,42210,Лопата штикова Bellota 3103 MFVA.B Іспанія,"Лопата штикова Bellota 3103, довжина 125см",1310,1310,"назви схожі, різняться словами: mfva, довжина"
,vodospad,72.5,6b06622a-abbb-11ee-bf43-c87f546feb15,42210,Лопата штикова Bellota 3103 MFVA.B Іспанія,"Лопата штикова Bellota 3103, довжина 125см",1259,1310,"назви схожі, різняться словами: mfva, довжина"
,vodospad,72.5,Alpen-910,43403,Мастило Альпен Тамбо / Alpen Tambo (910) Швейцарія,"Мастило для секаторів синтетичне ALPEN (АЛЬПЕН) Tambo 910, 30 г",410,419,"назви схожі, різняться словами: секаторів, синтетичне, тамбо"
,vodospad,72.5,121000333202,43403,Мастило Альпен Тамбо / Alpen Tambo (910) Швейцарія,"Мастило для секаторів синтетичне ALPEN (АЛЬПЕН) Tambo 910, 30 г",,419,"назви схожі, різняться словами: секаторів, синтетичне, тамбо"
,plantsclub,72.5,8080,13629,Добриво Осмокот / Osmocote Pro 18-9-10 (12-14 М) 25 кг ICL Нідерланди,"Добриво тривалої дії Osmocote Pro 18-9-10+2MgO+ТЕ(12-14 місяців), 25 кг",7450,5345,"назви схожі, але різні коди виробника"
,plantsclub,72.5,641/10L,10946,Щеплювальний ніж для шульги Тіна / Tina (641/10L) Німеччина,Ніж Tina 641/10L,7299,7299,"назви схожі, різняться словами: тіна, шульги, щеплювальний"
,plantsclub,72.5,1001704,12353,Сокира-молот Фіскарс Fiskars X37 122160 (1001704) Фінляндія,Сокира-молот Fiskars 2500,5199,2236.1,"назви схожі, різняться словами: фінляндія, фіскарс"
,plantsclub,72.5,7,11914,Секатор Фелко / Felco 7 Швейцарія,Секатор Felco 8 СС,3990,5170,"назви схожі, різняться словами: фелко"
,plantsclub,72.5,2,11914,Секатор Фелко / Felco 2 Швейцарія,Секатор Felco 8 СС,2880,5170,"назви схожі, різняться словами: фелко"
,plantsclub,72.5,1066714,10544,Лопата садова Фіскарс / Fiskars Ergonomic (1066714) Фінляндія,Лопата Fiskars Ergonomic 132400 совкова,2499,958.3,"назви схожі, але різні коди виробника"
,plantsclub,72.5,4,11914,Секатор Фелко / Felco 4 Швейцарія,Секатор Felco 8 СС,2390,5170,"назви схожі, різняться словами: фелко"
,plantsclub,72.5,0110,15804,Кущоріз 360 мм Доукан / Doukan (0110) Японія,Садові ножиці Doukan 0113 японські (кущорізи Доукан 0113),1080,3490,"назви схожі, різняться словами: кущоріз, кущорізи, ножиці та ще 2"
,plantsclub,72.5,3083.B,10697,Сапка рамкова без держака 150 мм Bellota (3083.B) Іспанія,Сапка (мотика) Bellota 3083 CM (Беллота 150 мм з держаком),485,648,"назви схожі, різняться словами: беллота, держака, держаком та ще 2"
,plantsclub,72.5,KT-100,16438,Олія камелії антикорозійна Kurobara Tsubaki 100 мл (KT-100) Hanakumagawa Японія,"Олія камелії Kurobara Tsubaki Hanakumagawa для захисту сталі від іржі, 100 мл (Ханакумагава)",455,455,"назви схожі, різняться словами: іржі, антикорозійна, захисту та ще 2"
,plantsclub,72.5,1071899,12301,Садовий совок Фіскарс / Fiskars Solid (1071899) Фінляндія,Совок садовий Fiskars 137000,399,696,"назви схожі, але різні коди виробника"
,plantsclub,72.5,2170325,12283,Скоби для садового степлера Cameleon SA502 (10000 шт) Strend Pro Garden (2170325) Словаччина,Скоби до степлера садового TITAN (10000 шт),100,99,"назви схожі, але різні бренди"
,vodospad,72.4,HT-1,40560,Набір для підв'язки рослин Tapener HT-1 (Степлер підв'язувальний Max HT-R45C + Стрічка + Скоби),Степлер садовий для підв`язки Max Tapener HT-R1 GUN MAX + стрічка та скоби (MAX_R1-KIT1),3699,2449,"назви схожі, різняться словами: gun, набір, підвязувальний та ще 2"
,plantsclub,72.4,HT-4,12381,Набір для підв'язки рослин Tapener HT-4 (Степлер підв'язувальний Tapener HT-B1 + Стрічка + Скоби),Степлер-зшивач МAX Tapener HT-B1 + Стрічка 10 шт + Скоби Оригінальні (Тапенер для рослин Акційний Набір),2398,2397,"назви схожі, різняться словами: max, акційний, зшивач та ще 4"
,plantsclub,72.4,1001574,10531,Лопата штикова 70 мм Фіскарс / Fiskars (1001574) Фінляндія,Лопата Fiskars 131470 садова штикова,1999,1135,"назви схожі, але різні коди виробника"
,plantsclub,72.4,3311,14765,Фунгіцид Хорус 75 WG ВГ 100 г (Флакон) Syngenta Сингента Швейцарія,"Фунгіцид Хорус 75 (ципродиніл 750 г/кг) WG в.г. 3 г, Syngenta",875,49,"назви схожі, але різні об'єми або розміри"
,plantsclub,72.4,8101,9260,Добриво Агрекол / Agrecol для газонів 0-10-25 3 кг Польща,"Добриво Yara Vila для газонів, 3 кг",679,544,"назви схожі, але різні бренди"
,plantsclub,72.4,Z-573,8735,Віск для щеплення червоний Чірка / Cirka (Z-573) 1 кг Awax Італія,"Віск для щеплення CIRKA пластина 1 кг, червоний (Сірфлекс)",425,425,"назви схожі, різняться словами: awax, пластина, сірфлекс та ще 1"
,plantsclub,72.4,R144PV,14322,Центральний болт і гайка до сучкоріза Bahco P-160 R144PV,Центральний болт та гайка для гілкоріза P160,345,350,"назви схожі, різняться словами: bahco, гілкоріза, сучкоріза"
,vodospad,72.3,200С-60,42520,Гілкоріз Felco 200С-60,Сучкоріз FELCO 201-60 (60 см),5300,4690,"назви схожі, різняться словами: гілкоріз, сучкоріз"
,plantsclub,72.3,951-20 CML.B,8904,Граблі професійні 542 мм з держаком 1500 мм Bellota 951-20 CML.B Іспанія,"Граблi професiйнi Bellota 951-20 СМ.B (542мм), з держаком",905,863,"назви схожі, але різні об'єми або розміри"
,plantsclub,72.3,3081.B,10708,Сапка прямокутна без держака 153 мм Bellota (3081.B) Іспанія,Сапка (мотика) Bellota 3081 CM (Беллота 153 мм з держаком),499,860,"назви схожі, різняться словами: беллота, держака, держаком та ще 2"
,plantsclub,72.3,3069,14745,Фунгіцид Квадріс 250 SC КС 100 мл Syngenta Сингента Швейцарія,"Фунгіцид Квадріс 250 (азоксистробін 250 г/л) SC к.с. 100 мл, Syngenta",425,450,"назви схожі, різняться словами: азоксистробін, сингента"
,plantsclub,72.3,2065,14719,Інсектицид Енжіо 247 SC КС 100 мл Syngenta Сингента Швейцарія,"Інсектицид Енжіо 247 (тіаметоксам 141 г/л + лямбда–цигалотрин 106 г/л) SC к.с. 100 мл, Syngenta",398,440,"назви схожі, різняться словами: лямбда, сингента, тіаметоксам та ще 1"
,plantsclub,72.2,8073,13635,Добриво Осмокот / Osmocote Standard 16-9-12 (3-4 M) 25 кг ICL Нідерланди,"Добриво тривалої дії Osmocote Standard 16-9-12+2Mg+TE (3-4 місяця), 25 кг",8755,6650,"назви схожі, різняться словами: icl, місяця, осмокот та ще 1"
,plantsclub,72.2,615/12,10939,Щеплювальнй садовий ніж Тіна / Tina (615/12 ) Німеччина,Ніж Tina 615/12,5899,5899,"назви схожі, різняться словами: садовий, тіна, щеплювальнй"
,plantsclub,72.2,3006,14765,Фунгіцид Хорус 75 WG 1 кг Syngenta Сингента Швейцарія,"Фунгіцид Хорус 75 (ципродиніл 750 г/кг) WG в.г. 3 г, Syngenta",5748,49,"назви схожі, але різні об'єми або розміри"
,plantsclub,72.2,2509-28.B,10315,Коса 707 мм Bellota 2509-28.B Іспанія,Коса 560 мм Bellota 2509-22.B (Беллота),4945,4290,"назви схожі, але різні об'єми або розміри"
,plantsclub,72.2,7234,9198,Добриво укорінювач Рутмост-C60 ROOTMOST-С60 5 л SmartGrow Україна,"Добриво SmartGrow RootMost, укорінювач Смарт Гроу, 1 л",4199,895,"назви схожі, але різні об'єми або розміри"
,plantsclub,72.2,3355,14753,Фунгіцид Топаз 100 ЕС КЕ 1 л (розлив) Syngenta Сингента Швейцарія,"Фунгіцид Топаз 100 (пенконазол 100 г/л) ЕС к.е. 100 мл, Syngenta",2800,480,"назви схожі, але різні об'єми або розміри"
,plantsclub,72.2,1077116,8944,Граблі-лопата для листя Фіскарс / Fiskars Ergonomic (1077116) Фінляндія,Граблі для листя Fiskars 135013,2699,508.2,"назви схожі, але різні коди виробника"
,plantsclub,72.2,8137,18163,Добриво Агрeкол / Agrecol для газону осіннє 0-10-25 + MgO 10 кг Польща,"Добриво мінеральне гранульоване Agrecol осіннє для газону 0-10-25, 3 кг",2019,645,"назви схожі, але різні об'єми або розміри"
,plantsclub,72.2,3240,14753,Фунгіцид Топаз 100 ЕС КЕ 250 мл (розлив) Syngenta Сингента Швейцарія,"Фунгіцид Топаз 100 (пенконазол 100 г/л) ЕС к.е. 100 мл, Syngenta",780,480,"назви схожі, але різні об'єми або розміри"
,plantsclub,72.2,123123,17611,Фунгіцид Сігнум 15г.,"Фунгіцид Сігнум (піраклостробін 67 г/кг + боскалід 267 г/кг) W.G. 15 г, BASF",,145,"назви схожі, різняться словами: basf, боскалід, піраклостробін"
,plantsclub,72.2,21560264-c9a3-11ee-bf68-c87f546feb15,8920,Граблі,Граблі Fiskars 135715,,580.79,"назви схожі, різняться словами: fiskars"
,plantsclub,72.2,7ea1bbe1-72cd-11f0-816b-e89c257d8b8f,8920,Граблі,Граблі Fiskars 135715,,580.79,"назви схожі, різняться словами: fiskars"
,plantsclub,72.2,52256404-72c6-11f0-816b-e89c257d8b8f,8920,Граблі,Граблі Fiskars 135715,,580.79,"назви схожі, різняться словами: fiskars"
,vodospad,72.1,HT-R1,33538,Степлер підв'язувальний Max Tapener HT-R1,Степлер садовий для підв`язки (Тапенер) Max Tapener HT-R1 GUN MAX,2285,2290,"назви схожі, різняться словами: gun, підвязки, підвязувальний та ще 2"
,vodospad,72.1,81060,38684,Садовий секатор 205 мм Haisser (81060),Садовий секатор ARS (160-0.6),548,2688,"назви схожі, але різні бренди"
,vodospad,72.1,ddd10b93-abba-11ee-bf43-c87f546feb15,38886,Степлер садовий,Степлер садовий для підв`язки (Тапенер) Max Tapener HT-B1,,2190,"назви схожі, різняться словами: max, tapener, підвязки та ще 1"
,plantsclub,72.1,671,10954,Професійний спарений ніж для щеплення волоського горіха Тіна / Tina (671) Німеччина,Ніж Tina 683 Тіна для щеплення,12999,2399,"назви схожі, різняться словами: волоського, горіха, професійний та ще 1"
,plantsclub,72.1,230,12528,Гілкоріз обвідний з храповим механізмом Фелко / Felco 230 Швейцарія,Сучкоріз Felco 220 обвідний з храповим механізмом для твердої деревини (Фелко 220),9690,9590,"назви схожі, різняться словами: гілкоріз, деревини, сучкоріз та ще 1"
,plantsclub,72.1,1.107,11966,Секатор з ковадлом Льове / Lowe Original (1.107) Німеччина,Секатор Lowe 5.107 маленький з коваделцем (Льове 5.107),2220,1900,"назви схожі, різняться словами: original, коваделцем, ковадлом та ще 1"
,plantsclub,72.1,160L,11913,Секатор Фелко / Felco 160L Швейцарія,Секатор Felco 6 СС,1769,6760,"назви схожі, різняться словами: фелко"
,plantsclub,72.1,3199,15047,Фунгіцид Біошок 500 мл Агропромніка Україна,"Фунгіцид Біошок (хлорокис міді 340 г/л) к.с. 40 г саше, Агропромніка",375,65,"назви схожі, але різні об'єми або розміри"
,vodospad,72,PS-19,42913,Ножиці 205 мм Тобішо / Tobisho (PS-19) Японія,"Ножиці TOBISHO PS-19 типу Barracuda, 205 мм, сталь YCS-3",5699,5699,"назви схожі, різняться словами: barracuda, сталь, типу та ще 1"
,plantsclub,72,1020200,11217,Пила садова Фіскарс Fiskars SW-240 123240 (1020200) Фінляндія,Садова пила Fiskars 123840,3799,1495.6,"назви схожі, але різні коди виробника"
,vodospad,71.4,NJP802,38232,Ніж-лопатка універсальна 32 см HORI-HORI Nisaku (NJP802) Японія,"Ніж-лопатка універсальний HORI-HORI, нержавіюча сталь TOMITA, 190 мм, Nisaku (NJP802)",2900,2900,"код збігся, але різні об'єми або розміри"
,plantsclub,70.7,BT60/30,15617,Стрічка для окулірування BuddyTape (1 рулон) (без перфорації) 60 м х 30 мм BT60/30 Aglis Японія,"Плівка для щеплення Buddy Tape 18мм х 60м без перфорації (1 рулон), стрічка Баді Тейп",1649,1150,"код збігся, але різні об'єми або розміри"
,plantsclub,68.8,SD-100-BT,15437,Точилка алмазна складна АРС / ARS Butterfly (SD-100-BT) Японія,Точило діамантове (алмазне) ARS Butterfly SD-100-BT для рівних країв (АРС SD-100-BT),799,799,код збігся з кількома товарами
,vodospad,68.1,M14L-AM,42256,Кусачки для збору плодів 30 мм Манзана / Manzana (M14L-AM) Іспанія,"Кусачки 130 мм для збирання яблук та врожаю, Manzana (M14L-AM)",850,850,"код збігся, але різні об'єми або розміри"
,vodospad,67.8,NJP800,38337,Ніж-лопатка універсальна 33 см HORI-HORI Nisaku (NJP800​​​​​​​) Японія,"Ніж-лопатка універсальний HORI-HORI гумова рукоятка, нержавіюча сталь TOMITA, 190 мм, Nisaku (NJP800)",2490,2490,"код збігся, але різні об'єми або розміри"
,vodospad,67.6,BT60-70/30,33438,Стрічка для окулірування BuddyTape (1 шт) (70 мм перфорація) 60 м х 30 мм (850 шт) BT60-70/30 Aglis Японія,"Прищепна стрічка Buddy Tape BT60-70/30 (70 мм перфорація) 60 метрів, 30 мм ширина",1699,1699,"код збігся, але різні бренди"
,vodospad,67.4,BT60-50/30,33437,Стрічка для окулірування BuddyTape (1 шт) (50 мм перфорація) 60 м х 30 мм (1200 шт) BT60-50/30 Aglis Японія,"Прищепна стрічка Buddy Tape BT60-50/30 (50 мм перфорація) 60 метрів, 30 мм ширина",1699,1699,"код збігся, але різні бренди"
,vodospad,67.4,BT60/30,40899,Стрічка для окулірування BuddyTape (1 рулон) (без перфорації) 60 м х 30 мм BT60/30 Aglis Японія,Прищепна стрічка Buddy Tape (BT60/30) (без перфорації),1649,1649,"код збігся, але різні бренди"
,vodospad,67.4,BT60-40/18,41497,Стрічка для окулірування BuddyTape (1 шт) (40 мм перфорація) 60 м х 18 мм (1500 шт) BT60-40/18 Aglis​​​​​​​ Японія,"Прищепна стрічка Buddy Tape (40 мм перфорація) 60 метрів, 18 мм ширина (BT60-40/18)",1499,1499,"код збігся, але різні бренди"
,plantsclub,64.8,8058,16086,Добриво Сайкін Преміум / Saikin Premium 10-50-10+МЕ+ЕАV 15 кг Туреччина,"Добриво водорозчинне Saikin Premium 10-50-10+ME+EAV, 2 кг (АгроВорк)",3675,545,"код збігся, але різні об'єми або розміри"
,vodospad,64.5,FAL2012,41940,Секатор з двома ріжучими лезами 21 см 232 г Falket / Фалкет (FAL2012) Італія,"Секатор два леза, 21 см, 28 мм зріз, 232 гр, рукоять - алюміній, С60 (57 HRC), FALKET (FAL2012)",1990,1990,"код збігся, але різні об'єми або розміри"
,plantsclub,64.5,7655,17585,Добриво Стандарт / Standart NPK 11-40-11 10 кг Milagro Італія,"Добриво Terraflex Старт 11-40-11+2MgO+TE (Терафлекс), 2 кг",1575,600,"код збігся, але різні об'єми або розміри"
,plantsclub,64.1,8057,16088,Добриво Сайкін Преміум / Saikin Premium 18-18-18+МЕ+ЕАV 15 кг Туреччина,"Добриво водорозчинне Saikin Premium 18-18-18+ME+EAV, 2 кг (АгроВорк)",3098,475,"код збігся, але різні об'єми або розміри"
,plantsclub,63.3,7540,17584,Добриво Преміум / Premium Універсал 19-19-19 + 1MgO + МЕ 2 кг Seto Туреччина,"Добриво Terraflex Універсал 19-19-19+2MgO+TE (Терафлекс універсальний), 2 кг",410,470,"код збігся, але різні бренди"
,plantsclub,62.8,7339,9239,Добриво Мерістем Meristem NPK 11-40-11+2MgO+Mix 25 кг Іспанія,"Добриво Terraflex Старт 11-40-11+2MgO+TE (Терафлекс), 25 кг",4945,4407,"код збігся, але різні бренди"
,plantsclub,62.6,m7001,17585,Добриво Мерістем 11-40-11 10кг,"Добриво Terraflex Старт 11-40-11+2MgO+TE (Терафлекс), 2 кг",,600,"код збігся, але різні об'єми або розміри"
,plantsclub,60.6,7250,15529,Добриво Преміум Фоліар Premium Foliar 11-40-11+ТЕ 15 кг AgroWork Туреччина,"Добриво водорозчинне Premium Foliar 11-40-11+МE, 15 кг для позакореневого підживлення",2600,3099,код збігся з кількома товарами
,plantsclub,59.6,7538,9300,Добриво Преміум / Premium Вегетація 30-10-10 + 2MgO + МЕ 2 кг Seto Туреччина,"Добриво водорозчинне Premium Foliar 30-10-10+2MgO+TE, 25 кг для позакореневого підживлення",325,2448.6,"код збігся, але різні об'єми або розміри"
,plantsclub,58.5,7449,9306,Добриво GroGreen NPK 20-20-20+TE 25 кг Lima Бельгія,"Добриво водорозчинне Ultrasol 20-20-20+TE, 25 кг для фертигації",4928,3200,код збігся з кількома товарами
,plantsclub,56.9,7224,9306,Добриво Ван Іперен / Van Iperen WS NPK 20-20-20 + TE 25 кг Нідерланди,"Добриво водорозчинне Ultrasol 20-20-20+TE, 25 кг для фертигації",3500,3200,код збігся з кількома товарами
,plantsclub,56.6,7448,13661,Добриво GroGreen NPK 20-20-20+TE 10 кг Lima Бельгія,"Мінеральне добриво Peters Professional Allrounder 20-20-20+TE, 20 г",2265,30,"код збігся, але різні об'єми або розміри"
,plantsclub,56.1,7338,9306,Добриво Мерістем Meristem NPK 20-20-20+Mix 25 кг Іспанія,"Добриво водорозчинне Ultrasol 20-20-20+TE, 25 кг для фертигації",4575,3200,"код збігся, але різні бренди"
,plantsclub,55.4,7531,9306,Добриво Грінплант Greenplant 20-20-20+ME 25 кг Green Has Грін Хас Італія,"Добриво водорозчинне Ultrasol 20-20-20+TE, 25 кг для фертигації",3750,3200,"код збігся, але різні бренди"
,plantsclub,55.2,7372,9306,Добриво Фаст Гроу / Fast Grow 20-20-20 25 кг Humofert Греція,"Добриво водорозчинне Ultrasol 20-20-20+TE, 25 кг для фертигації",2998,3200,"код збігся, але різні бренди"
,plantsclub,54.7,7898,13661,Добриво Леда / Leda NPK 20-20-20+0.5MgO+TE+GS+Amino 1 кг Нідерланди,"Мінеральне добриво Peters Professional Allrounder 20-20-20+TE, 20 г",198,30,"код збігся, але різні об'єми або розміри"
,plantsclub,54.5,7654,13661,Добриво Стандарт / Standart NPK 20-20-20 10 кг Milagro Італія,"Мінеральне добриво Peters Professional Allrounder 20-20-20+TE, 20 г",1425,30,"код збігся, але різні об'єми або розміри"
,plantsclub,54.3,7220,9306,Добриво КІНГЛАЙФ KINGLIFE 20-20-20+ME 25 кг GREEN HAS ГРІН ХАС Італія,"Добриво водорозчинне Ultrasol 20-20-20+TE, 25 кг для фертигації",4498,3200,"код збігся, але різні бренди"
,plantsclub,54,7131,9305,Добриво YaraTera Kristalon ЯраТера Кристалон 13-40-13 25 кг Норвегія,"Добриво водорозчинне Ultrasol 13-40-13+TE, 25 кг для фертигації",4898,3200,"код збігся, але різні бренди"
,plantsclub,54,7504,9306,Добриво YaraTera Kristalon ЯраТера Кристалон 20-20-20 25 кг Норвегія,"Добриво водорозчинне Ultrasol 20-20-20+TE, 25 кг для фертигації",4298,3200,"код збігся, але різні бренди"
,plantsclub,53.8,m7009,9306,Добриво Плантафол 20-20-20 25г Valagro Італія,"Добриво водорозчинне Ultrasol 20-20-20+TE, 25 кг для фертигації",18,3200,"код збігся, але різні об'єми або розміри"
,plantsclub,53.5,7222,9295,Добриво Yara Folicare Яра Фолікер 18-18-18 25 кг Нідерланди,"Добриво водорозчинне Premium Foliar 18-18-18 + 3MgO+TE, 25 кг для позакореневого підживлення",3200,3115.2,"код збігся, але різні бренди"
,plantsclub,53.1,7901,13661,Добриво Леда / Leda NPK 20-20-20+0.5MgO+TE+GS+Amino 25 кг Нідрланди,"Мінеральне добриво Peters Professional Allrounder 20-20-20+TE, 20 г",4527,30,"код збігся, але різні об'єми або розміри"
,plantsclub,52.9,7537,9300,Добриво Натурвін / Naturwin 30-10-10 + 2MgO + ТЕ 2 кг Libra agro Туреччина,"Добриво водорозчинне Premium Foliar 30-10-10+2MgO+TE, 25 кг для позакореневого підживлення",325,2448.6,"код збігся, але різні об'єми або розміри"
,plantsclub,52.8,7444,9305,Добриво GroGreen NPK 13-40-13+TE 10 кг Lima Бельгія,"Добриво водорозчинне Ultrasol 13-40-13+TE, 25 кг для фертигації",2534,3200,"код збігся, але різні об'єми або розміри"
,plantsclub,52.6,7532,16086,Добриво Грінплант Greenplant 10-50-10+ME 25 кг Green Has Грін Хас Італія,"Добриво водорозчинне Saikin Premium 10-50-10+ME+EAV, 2 кг (АгроВорк)",3750,545,"код збігся, але різні об'єми або розміри"
,plantsclub,52.4,m7007,9306,Добриво Плантафол 20-20-20 250г Valagro Італія,"Добриво водорозчинне Ultrasol 20-20-20+TE, 25 кг для фертигації",18,3200,"код збігся, але різні об'єми або розміри"
,plantsclub,51.5,7441,13661,Добриво GroGreen Файв Мульті 20-20-20 + 6 CaO + 3 MgO + TE 1 кг Lima Бельгія,"Мінеральне добриво Peters Professional Allrounder 20-20-20+TE, 20 г",564,30,"код збігся, але різні об'єми або розміри"
,plantsclub,51.5,m7006,9300,Добриво Плантафол 30-10-10 25г Valagro Італія,"Добриво водорозчинне Premium Foliar 30-10-10+2MgO+TE, 25 кг для позакореневого підживлення",18,2448.6,"код збігся, але різні об'єми або розміри"
,plantsclub,51.2,7404,9306,Добриво GroGreen Гроліф NPK 20-20-20 +TE + QPS45 5 кг Lima Бельгія,"Добриво водорозчинне Ultrasol 20-20-20+TE, 25 кг для фертигації",1615,3200,"код збігся, але різні об'єми або розміри"
,plantsclub,50.9,7371,9306,Добриво Фаст Гроу / Fast Grow 20-20-20 10 кг Humofert Греція,"Добриво водорозчинне Ultrasol 20-20-20+TE, 25 кг для фертигації",1303,3200,"код збігся, але різні об'єми або розміри"
,plantsclub,50.8,7440,13661,Добриво GroGreen Файв Мульті 20-20-20 + 6 CaO + 3 MgO + TE 5 кг Lima Бельгія,"Мінеральне добриво Peters Professional Allrounder 20-20-20+TE, 20 г",2071,30,"код збігся, але різні об'єми або розміри"
,plantsclub,50.7,7270,13661,Добриво Грінплант Флоу Greenplant Flow 20-20-20 + ME 20 кг GREEN HAS ГРІН ХАС Італія,"Мінеральне добриво Peters Professional Allrounder 20-20-20+TE, 20 г",4365,30,"код збігся, але різні об'єми або розміри"
,plantsclub,50.7,7600,13661,Добриво GroGreen Five Multi / ГроГрін Файв Мульті 20-20-20 + 6 CaO + 3 MgO + TE 200 г Lima Бельгія,"Мінеральне добриво Peters Professional Allrounder 20-20-20+TE, 20 г",233,30,"код збігся, але різні об'єми або розміри"
,plantsclub,50.6,7211,9295,Добриво Нутрівант Універсальний 18-18-18+2MgO+ME 25 кг Вітера ICL Ізраїль,"Добриво водорозчинне Premium Foliar 18-18-18 + 3MgO+TE, 25 кг для позакореневого підживлення",3975,3115.2,"код збігся, але різні бренди"
,plantsclub,50,7098,9295,Добриво YaraTera Kristalon ЯраТера Кристалон 18-18-18+3+МЕ 25 кг Норвегія,"Добриво водорозчинне Premium Foliar 18-18-18 + 3MgO+TE, 25 кг для позакореневого підживлення",3725,3115.2,"код збігся, але різні бренди"
,plantsclub,50,8003,9306,Добриво Солденсо Гель / Soldenso Gel NPK 20-20-20+6%CaO+3%MgO+TE 5 кг Orange Іспанія,"Добриво водорозчинне Ultrasol 20-20-20+TE, 25 кг для фертигації",1727,3200,"код збігся, але різні об'єми або розміри"
,plantsclub,50,8028,13661,Добриво Солденсо Гель / Soldenso Gel NPK 20-20-20+6%CaO+3%MgO+TE 1 кг Orange Іспанія,"Мінеральне добриво Peters Professional Allrounder 20-20-20+TE, 20 г",458,30,"код збігся, але різні об'єми або розміри"
,plantsclub,49.6,7405,13661,Добриво GroGreen Гроліф NPK 20-20-20 +TE + QPS45 1 кг Lima Бельгія,"Мінеральне добриво Peters Professional Allrounder 20-20-20+TE, 20 г",412,30,"код збігся, але різні об'єми або розміри"
,plantsclub,49.6,7900,9305,Добриво Леда / Leda NPK 13-40-13+1MgO+TE+GS+Amino 1 кг Нідерланди,"Добриво водорозчинне Ultrasol 13-40-13+TE, 25 кг для фертигації",198,3200,"код збігся, але різні об'єми або розміри"
,plantsclub,49.3,7988,13661,Добриво Леда Гель Баланс / Leda Gel Balance 20-20-20+ТЕ 10 л Велика Британія,"Мінеральне добриво Peters Professional Allrounder 20-20-20+TE, 20 г",8483,30,"код збігся, але різні об'єми або розміри"
,plantsclub,48.6,7987,13661,Добриво Леда Гель Баланс / Leda Gel Balance 20-20-20+ТЕ 500 мл Велика Британія,"Мінеральне добриво Peters Professional Allrounder 20-20-20+TE, 20 г",459,30,"код збігся, але різні об'єми або розміри"
,plantsclub,48.1,7986,13661,Добриво Леда Гель Баланс / Leda Gel Balance 20-20-20+ТЕ 1 л Велика Британія,"Мінеральне добриво Peters Professional Allrounder 20-20-20+TE, 20 г",873,30,"код збігся, але різні об'єми або розміри"
,plantsclub,47.3,7402,9300,Добриво GroGreen Гроліф NPK 30-10-10+TE+QPS45 5 кг Lima Бельгія,"Добриво водорозчинне Premium Foliar 30-10-10+2MgO+TE, 25 кг для позакореневого підживлення",1436,2448.6,"код збігся, але різні об'єми або розміри"
,plantsclub,47.3,7403,9300,Добриво GroGreen Гроліф NPK 30-10-10+TE+QPS45 1 кг Lima Бельгія,"Добриво водорозчинне Premium Foliar 30-10-10+2MgO+TE, 25 кг для позакореневого підживлення",375,2448.6,"код збігся, але різні об'єми або розміри"
,plantsclub,45.8,3146,3146,Фунгіцид Кустодія КС 1 л Adama Адама Ізраїль,Лілія азіатська гібридна Блек Аут 12\14,1298,50,"ID постачальника збігся, але назви різні"
,plantsclub,44.2,7171,16088,Нутрівант Універсальний 18-18-18+2MgO+ME 1 кг (Розсип) Вітера ICL Specialty Fertilizers Ізраїль,"Добриво водорозчинне Saikin Premium 18-18-18+ME+EAV, 2 кг (АгроВорк)",200,475,"код збігся, але різні об'єми або розміри"
,plantsclub,43.6,3353,3353,Фунгіцид Малвін 250 г UPL / ЮПЛ Франція,Магнолія гібридний(а) Блек Туліп G / H250-300,325,12025,"ID постачальника збігся, але назви різні"
,vodospad,43.3,42-204,42204,Сівалка ручна Целлфаст / Cellfast (42-204) Польща,"Корзина пластикова з ручками 42л. Bellota, арт.BKT42BP",730,429,"ID постачальника збігся, але різні бренди"
,vodospad,42.7,12242-20.000.00,41087,Секатор Gardena PremiumCut S-M 24 мм (12242) Німеччина,Ніж Morakniv PRO S (12242),1045,429,"код збігся, але різні бренди"
,vodospad,41.7,3001.B,41794,Совок для пересадки 80 мм Bellota (3001.B) Іспанія,Леза змінна подовжена для різаків серії 3.104/105 LOWE 1шт/блістер (3001/B),459,960,"код збігся, але різні об'єми або розміри"
,vodospad,41.7,6d0ae69e-75b2-11ef-803e-e89c257d8b8f,41794,Совок для пересадки 80 мм Bellota (3001.B) Іспанія,Леза змінна подовжена для різаків серії 3.104/105 LOWE 1шт/блістер (3001/B),429,960,"код збігся, але різні об'єми або розміри"
,vodospad,41.7,3001.В,41794,Совок для пересадки 80 мм Bellota 3001.В. Іспанія,Леза змінна подовжена для різаків серії 3.104/105 LOWE 1шт/блістер (3001/B),375,960,"код збігся, але різні об'єми або розміри"
,plantsclub,41.7,2225,2225,Інсектицид Шаман 1 л Нертус Угорщина,Гортензія волотиста Лаймлайт ® PC21 C3,498,240,"ID постачальника збігся, але назви різні"
,plantsclub,41.5,7258,7258,Добриво ГУМАТ АміноВіт / HUMAT AminoVit 20 л Мінерал Груп Україна,Троянда мініатюрна Єллоу Mini PC14 C3 / L30-40,6600,85,"ID постачальника збігся, але різні бренди"
,plantsclub,41.4,3162,3162,Фунгіцид Алмаз 1 л Нертус,Лілія ЛА-гібридна Ред Алерт 12\14,1364,50,"ID постачальника збігся, але назви різні"
,vodospad,41.3,100-02,41169,Гілкоріз кований 800 мм Drop Forged SK 5 (100-02),Змінна ковадло для секаторів Löwe 10.107 (10002),648,155,"код збігся, але різні бренди"
,plantsclub,40.9,3369,3369,Біофунгіцид Бактіфол / Bactifol 100 г Bioera Іспанія,Магнолія гібридний(а) Гелексі C130 / H200 / L150,778,14076,"ID постачальника збігся, але назви різні"
,plantsclub,40.9,3176,3176,Біофунгіцид МікоХелп-р (MicoHelp-r) 1 л БТУ- Центр Україна,Лілія східна гібридна Тайгер Вудс 12\14,415,50,"ID постачальника збігся, але назви різні"
,plantsclub,40.4,9008,9008,Прилипач ад'ювант Скаба КЕ 1 л Sumi Agro Сумі Агро Японія,"Декоративний паркан Eko-Palisada 22 см, 1 м (графіт)",1560,220,"ID постачальника збігся, але різні об'єми або розміри"
,plantsclub,40.4,3142,3142,Фунгіцид Блу Бордо Дисперс 1 кг (розсип) UPL Франція,Лілія азіатська гібридна 'Танго' Тайні Дансер 14\16,425,50,"ID постачальника збігся, але назви різні"
,vodospad,40.3,40-100,40100,Граблі універсальні Целлфаст / Cellfast ERGO 152 см (40-100) Польша,50 шліфлистів Bosch M480 на сітчастій основі 115x230 K80 (2608621270),1592,2895,"ID постачальника збігся, але різні бренди"
,plantsclub,40,3318,3318,Фунгіцид Нордокс / Nordox 75 WG 10 кг Норвегія,Магнолія гола Єллоу Рівер ® XXL C18 / H175-200,10998,2675,"ID постачальника збігся, але різні бренди"
,plantsclub,40,6700,6700,Маска повнолицьова 3М 6700 розмір S,Слива розлога Піссарді C230 / H400 / o16-18 / Pa200,8190,6900,"ID постачальника збігся, але назви різні"
,plantsclub,40,1091,1091,Гербіцид Чистопол 20 л Presence / Презенс,Будлея Давіда Роял Ред PC15 C2 / H40-60,3298,85,"ID постачальника збігся, але назви різні"
,plantsclub,40,3416,3416,Фунгіцид Лексіон 500 г Укравіт Україна,Магнолія лілієквіткова Нігра PC19 C3 / H30-40,2148,215,"ID постачальника збігся, але назви різні"
,plantsclub,40,3165,3165,Фунгіцид Інфініто 1л (розлив) Bayer Байер Німеччина,Лілія ЛА-гібридна Вермер 12\14,1998,50,"ID постачальника збігся, але назви різні"
,plantsclub,40,2061,2061,Інсектицид Вантекс 1 л FMC ФМС США,Гібіскус сірійський Перпл Раффлс ® C4 / H40-60,1398,240,"ID постачальника збігся, але назви різні"
,plantsclub,39.6,2322,2322,Інсектоакарицид Імексаб Форте КЕ 5 л Імекс Агро Україна,"Гортензія волотиста Меджікал Рінг оф Фаєр ® PC19 C7,5",7965,420,"ID постачальника збігся, але назви різні"
,plantsclub,39.6,7357,7357,Регулятор росту Гибб Плюс Gibb Plus 11 sl 1 л Польща,Спірея японська Голден Прінцес PC21 C3 / H10-15,3700,192,"ID постачальника збігся, але назви різні"
,plantsclub,39.6,2143,2143,Інсектицид Шерман 1.8% КЕ 1 л Ifagri Великобританія,Гортензія великолисткова Меджікал Анук ® 1gr PC21 C5 / H15-20,2100,720,"ID постачальника збігся, але назви різні"
,plantsclub,39.6,7180,7180,Добриво Нутрівант Плюс Городній 0-20-33+ME 1 кг Вітера ICL Ізраїль,Троянда гібридний(а) (Імператріс Фарах DP PC18 C2,398,84,"ID постачальника збігся, але різні бренди"
,plantsclub,39.3,1175,1175,Гербіцид Мастак 100 мл Ukravit Укравіт Україна,Кампсіс укорінливий Індіан Саммер Мультиштамб C65 / H140-160 / Pa*multi,175,4968,"ID постачальника збігся, але різні бренди"
,plantsclub,39.2,2008,2008,Інсектицид Пірінекс Супер 5 л Adama Адама Ізраїль,Гібіскус сірійський Дук де Брабант PC14 C5 / H30-40,3198,150,"ID постачальника збігся, але назви різні"
,plantsclub,39.2,c3e397f7-ec05-11ee-bf8e-c87f546feb15,14972,"Фунгіцид Кевлар (Карбендазим, 500 г/л) 1 л Нопосон","Гербіцид Ураган Форте 500 (калійна сіль гліфосату, 500 г/л) SL в.р.к. 100 мл, Syngenta",442,135,"код збігся, але різні об'єми або розміри"
,plantsclub,39.1,1267,1267,Гербіцид Раундап Екстра 20 л Bayer / Байєр Німеччина,Кедр гімалайський Філін Блю Штамб C10 / Pa40,7398,1565,"ID постачальника збігся, але назви різні"
,plantsclub,39.1,8153,8153,Регулятор росту НеоВіво / NeoVivo 5 л Neova Фінляндія,Виноград культурний Віктор (столовий) NN GK,3626,100,"ID постачальника збігся, але різні бренди"
,vodospad,39,71-821,42228,Кущоріз 510 мм Верано / Verano (71-821),Змінне полотно для Silky Gomboy Curve 210-8 (718-21),725,1350,"код збігся, але різні бренди"
,plantsclub,39,15-900,15900,Парник складаний 95х69х49 см ПВХ плівка 2 полиці Neo Tools (15-900),Хомут для підв'язки рослин Agrario TT-3 17 см 50 шт (Аграріо TT-3),1421,47,"ID постачальника збігся, але різні об'єми або розміри"
,plantsclub,38.9,8106,8106,Добриво Агрекол / Agrecol для газонів 0-10-25 10 кг Польща,"Чорниця висока (Голубика, Лохина) Чендлер PC20 C45 / H90-100",2019,1440,"ID постачальника збігся, але назви різні"
,plantsclub,38.8,3099,3099,Фунгіцид Топсін-М 500 КС 1 л SumiAgro Сумі Агро Японія,Модрина японська Стів Віпер Штамб C10 / L40-60 / Pa180,775,1800,"ID постачальника збігся, але назви різні"
,vodospad,38.6,71-827,42230,Ножиці садові 160 мм Верано / Verano (71-827),Змінне полотно для Silky Gomboy Curve 270-8 (718-27),275,1590,"код збігся, але різні бренди"
,plantsclub,38.6,7783,7783,Добриво Ікар Зінто (Цинк) / Ikar Zinto 5 л Литва,Туя західна (ий) Мр Боулінг Бол K G / H50-60,2724,360,"ID постачальника збігся, але назви різні"
,plantsclub,38.6,2300,2300,Інсектицид Шаман 5 л Нертус Угорщина,Гортензія волотиста Меджікал Маттерхорн PC20 C3,1958,240,"ID постачальника збігся, але назви різні"
,plantsclub,38.6,2024,2024,Біоінсектицид Сезар 1 л Агро Захист Україна,Гібіскус сірійський Френч кабарет Ред PC18 C3,625,180,"ID постачальника збігся, але назви різні"
,plantsclub,38.6,12106,12106,Секатор Dual Kut 2 в 1 з храповим механізмом Winslow & Ross (12106) США,"Сітка NOWO діаметр 50 см упаковка 50 шт, дріт 1,0 мм",398,1400,"ID постачальника збігся, але різні бренди"
,plantsclub,38.5,9004,9004,Прилипач ад'ювант Скаба КЕ 5 л Sumi Agro / Сумі Агро Японія,"Декоративний паркан Eko-Palisada 17 см, 1 м (графіт)",7998,220,"ID постачальника збігся, але різні об'єми або розміри"
,plantsclub,38.5,8103,8103,Добриво Агрекол / Agrecol для газонів 0-10-25 1.2 кг Польща,"Чорниця висока (Голубика, Лохина) Чендлер PC20 C25 / H80-100",352,1200,"ID постачальника збігся, але назви різні"
,plantsclub,38.4,3377,3377,Фунгіцид Фіделіс 1 л Нертус Угорщина,Магнолія гібридний(а) Джині ® C10 / H80-100,749,2.16,"ID постачальника збігся, але назви різні"
,plantsclub,38.2,3131,3131,Фунгіцид Мелоді Дуо 5 кг Bayer Байєр Німеччина,"Бірючина круглолиста Ауреум PC14 C7,5 / H40-50",2500,155,"ID постачальника збігся, але назви різні"
,plantsclub,38.1,3682,3682,Фунгіцид Рекс Дуо 10 л Basf Басф Німеччина,Нарцис Айс Кінг 14\16,12220,20,"ID постачальника збігся, але назви різні"
,plantsclub,38.1,5058,5058,Протруйник Максим 025 FS 500 мл (Розлив) Syngenta Сингента Швейцарія,Сосна корейська Шібамічі K20 C80 / H80-100,748,2250,"ID постачальника збігся, але назви різні"
,vodospad,38,42-206,42206,Плодознімач телескопічний 165-305 см Cellfast IDEAL (42-206) Польща,"Совок садовий для пересадки, ширина 6 см Bellota, арт.3000.B",1998,459,"ID постачальника збігся, але різні об'єми або розміри"
,vodospad,38,71-824,42229,Кущоріз Верано / Verano телескопічний 660 – 900 мм (71-824),Змінне полотно для Silky Gomboy Curve 240-8 (718-24),925,1890,"код збігся, але різні бренди"
,plantsclub,38,233-3,2333,Гілкоріз висотний з пилою макс 20 мм (233-3) My Garden,Гортензія волотиста Меджікел Везувіо PC21 C20 / H80,600,492,"ID постачальника збігся, але назви різні"
,plantsclub,38,9003,9003,Прилипач Альфалип 1 л Alfa Smart Agro / Альфа Смарт Агро Україна,"Декоративна мармурова крихта Moon Stone Red, фр. 5-10мм, 10кг",100,145.19,"ID постачальника збігся, але різні об'єми або розміри"
,plantsclub,38,1068,1068,Гербіцид Тарга Макс КЕ 500 мл Sumi Agro Сумі Агро Японія,Береза плакуча (ий) Янгіі Штамб C15 / o8-12 / Pa180,,5400,"ID постачальника збігся, але назви різні"
,plantsclub,37.8,3160,3160,Фунгіцид Скоразол 1 л Нертус Угорщина,Лілія ЛА-гібридна Голден Тікуун 12\14,1784,50,"ID постачальника збігся, але назви різні"
,plantsclub,37.8,12108,12108,Секатор обвідний Winslow & Ross (12108) США,"Сітка NOWO діаметр 65 см упаковка 25 шт, дріт 1,2 мм",375,1200,"ID постачальника збігся, але різні бренди"
,plantsclub,37.5,1004,1004,Гербіцид Тотал К 1 л Хімагромаркетинг Україна,Барбарис Тунберга Роуз Глоу PC18 C3,348,144,"ID постачальника збігся, але назви різні"
,vodospad,37.4,40-202,40202,Лопата штикова Целлфаст / Cellfast IDEAL LINE 116 см 1.8 кг (40-202) Польща,Свердло по металу Bosch HSS PointTeQ 11 мм (2608577175),795,172,"ID постачальника збігся, але різні об'єми або розміри"
,plantsclub,37.4,1008,1008,Гербіцид Десикант Баста 10 л Bayer Байєр Німеччина,Барбарис Тунберга Роуз Глоу PC22 C5 / H35-40,8320,276,"ID постачальника збігся, але назви різні"
,plantsclub,37.4,8104,8104,Добриво Агрекол / Agrecol для газонів 0-10-25 20 кг Польща,"Чорниця висока (Голубика, Лохина) Чендлер PC20 C30 / H60-80",3160,1159,"ID постачальника збігся, але назви різні"
,plantsclub,37.4,3143,3143,Фунгіцид Орвего 52% 1 л Basf Басф Німеччина,Лілія азіатська гібридна 'Танго' Тайні Перрот 12\14,2198,50,"ID постачальника збігся, але назви різні"
,plantsclub,37.4,9011,9011,Інсектицид-ад'ювант Захват Ойл 5 л Ukravit Укравіт Україна,"Декоративний паркан Eko-Palisada 22 см, 1 м (теракота)",925,220,"ID постачальника збігся, але різні об'єми або розміри"
,plantsclub,37.4,9017,9017,Прилипач ад’ювант​​​​​​​ Інгрес 1 л Ukravit Укравіт Україна,"Дерев'яна ручка 1,4 м Штокер Stocker 2210",598,197,"ID постачальника збігся, але різні об'єми або розміри"
,plantsclub,37.4,7760,10221,Добриво ТехноГель Аміно / TecnoGel Amino 15-15-15 1 л AgriTecno Іспанія,"Контейнер квадрат 15*15*15см, 3,0л (15*15*15)",525,6,"код збігся, але різні об'єми або розміри"
,plantsclub,37.3,7226,7226,Добриво Кеміра Ріст плодів NPK 10-5-40 1кг Yara Яра Норвегія,"Троянда Кордеса Гебрюдер Грімм DP PC20 C7,5",225,290,"ID постачальника збігся, але різні бренди"
,plantsclub,37.2,8087,8087,Добриво Осмокот / Osmocote Pro 19-9-10 (5-6 М) 25 кг ICL Нідерланди,В'яз шорсткий Кампердаунії Штамб PC20 C155 / o20-25 / Pa220,7080,8280,"ID постачальника збігся, але назви різні"
,plantsclub,37.2,1079,1079,Гербіцид Челендж 600 КС 5 л Bayer Байєр Німеччина,Будлея Давіда Блек Найт PC14 C3 / H60-80,4748,90,"ID постачальника збігся, але назви різні"
,plantsclub,37.2,7782,7782,Добриво Ікар Елайз (Сірка) / Ikar Elais 5 л Литва,Туя західна (ий) Мр Боулінг Бол K C65 / H50-60,1806,580,"ID постачальника збігся, але назви різні"
,plantsclub,37.2,1186,1186,Гербіцид Аргумент Форте 500 SL 1 л Нертус Угорщина,Осока Моррова Айс Денс PC19 C3 / H25-30,298,174,"ID постачальника збігся, але назви різні"
,plantsclub,37.1,15-901,15901,Парник складаний 160х69х49 см ПВХ плівка 4 полиці Neo Tools (15-901),Хомут для підв'язки рослин Agrario TT-5 23 см 50 шт (Аграріо TT-5),2005,57,"ID постачальника збігся, але різні об'єми або розміри"
,plantsclub,37.1,2181,2181,Інсектицид Катадін КЕ 1 л IFAGRI Велика Британія,Гортензія великолисткова Шлосс Вакербарт ® C5 / H30-40,1725,1200,"ID постачальника збігся, але назви різні"
,plantsclub,37.1,1137,1137,Гербіцид Норвел Екстра 1 л Хімагромаркетинг Україна,Куничник гостроквітковий Карл Фоерстер PC17 C4,448,144,"ID постачальника збігся, але назви різні"
,plantsclub,37.1,7225,7225,Добриво Кеміра Цвітіння NPK 12-46-8 1 кг Yara Яра Норвегія,Троянда Кордеса Гебрюдер Грімм DP PC20 C2,225,174,"ID постачальника збігся, але різні бренди"
,vodospad,37,40-001,40001,Лопата штикова Целлфаст / Cellfast ERGO 123 см 2.1 кг (40-001) Польша,5 шліфколів M480 на сітчастій основі Ø150 K80 (2608621162),1348,355,"ID постачальника збігся, але різні коди виробника"
,plantsclub,37,7132,7132,Регулятор росту Атонік Плюс 5 л Arysta,Троянда густоквіткова Фо Ю Айс Онлі PC21 C5,13248,232,"ID постачальника збігся, але назви різні"
,plantsclub,37,1264,1264,Гербіцид Цукрон + 5 л Хімагромаркетинг Україна,Кедр гімалайський Філін Блю C10 / H35-40,5148,1385,"ID постачальника збігся, але назви різні"
,plantsclub,37,1126,1126,Гербіцид Стемат 500 КС 5 л Stefes / Штефес Ліхтенштейн,Самшит вічнозенений K G / H20-30,4498,166,"ID постачальника збігся, але назви різні"
,plantsclub,37,8030,10221,Добриво ТекноГель Аміно / TecnoGel Amino 15-15-15 10 л AgriTecno Іспанія,"Контейнер квадрат 15*15*15см, 3,0л (15*15*15)",4056,6,"код збігся, але різні об'єми або розміри"
,plantsclub,37,3182,3182,Фунгіцид Тіофен 5 кг Хімагромаркетинг Україна,Лілія ОА-гібридна Фірст Кровен 12\14,2600,50,"ID постачальника збігся, але назви різні"
,plantsclub,37,7182,7182,Добриво Нутрівант Плюс Пасльоновий 6-18-37+2MgO 1 кг Вітера ICL Ізраїль,Троянда гібридний(а) Інгрід Бергман Штамб C12 / Pa100,398,480,"ID постачальника збігся, але назви різні"
,vodospad,36.8,12241-20.000.00,41085,Секатор Gardena PremiumCut 22 мм (12241) Німеччина,Ніж Morakniv Basic 546 (12241),945,359,"код збігся, але різні бренди"
,plantsclub,36.8,3020,3020,Фунгіцид Малахіт 5 л Basf Басф Німеччина,Ялівець середній Мінт Джулеп PC21 C5,10400,290,"ID постачальника збігся, але назви різні"
,plantsclub,36.8,7700,7700,Добриво Хелатин Калій (K) 10 л Кіссон Україна,Туя західна (ий) Даніка K19 G / H30-40,2106,300,"ID постачальника збігся, але різні об'єми або розміри"
,plantsclub,36.8,3210,3210,Фунгіцид Тіофен Екстра 1 кг Хімагромаркетинг Україна,Лілія ОТ-гібридна Райзінг Мун 12\14,698,50,"ID постачальника збігся, але назви різні"
,vodospad,36.7,40-002,40002,Лопата штикова Целлфаст / Cellfast ERGO 123 см 2.1кг (40-002) Польща,5 шліфколів M480 на сітчастій основі Ø150 K100 (2608621163),1794,327,"ID постачальника збігся, але різні коди виробника"
,plantsclub,36.7,6200,6200,Напівмаска захисна 3М 6000 размер M (6200),"Сосна Веймутова (біла, східна) Пендула Woodenbox 600 / H300-350",1234,37260,"ID постачальника збігся, але назви різні"
,plantsclub,36.7,2214,2214,Інсекто-акарицид Шірудо 100 г Belchim / Белхим Бельгія,Гортензія волотиста Грандіфлора PC16 C10 / H60-80,598,480,"ID постачальника збігся, але назви різні"
,plantsclub,36.6,1006,1006,"Гербіцид 2,4-Д Актив 10 л Хімагромаркетинг Україна","Барбарис Тунберга Роуз Глоу PC20 C7,5 / H60-70",3648,300,"ID постачальника збігся, але назви різні"
,plantsclub,36.6,1018,1018,Гербіцид Гліфовіт 20 л Ukravit Укравіт Україна,Барбарис Тунберга Спешл Голд PC13 C3,3398,170,"ID постачальника збігся, але назви різні"
,plantsclub,36.6,5002,5002,Протруювач Оріус Універсал 5 л Adama Адама Ізраїль,Сосна густоквіткова Умбракуліфера C55 / H60-80,2000,2760,"ID постачальника збігся, але назви різні"
,plantsclub,36.6,2301,2301,Інсектицид Дозор 600 г Нертус Угорщина,"Гортензія волотиста Меджікал Маттерхорн PC20 C7,5 / H40-50",1634,420,"ID постачальника збігся, але назви різні"
,plantsclub,36.5,5059,5059,Протруйник Селест Топ 500 мл (розлив) Syngenta Сингента Швейцарія,Сосна корейська Сільвер Лайнінг C15 / H40-50,1750,2981,"ID постачальника збігся, але назви різні"
,plantsclub,36.5,2324,2324,Інсектоакарицид Імексаб Форте СФ 1 кг Імекс Агро Україна,Гортензія волотиста Меджікал Світ Саммер PC20 C3,1748,290,"ID постачальника збігся, але назви різні"
,plantsclub,36.4,3410,3410,Фунгіцид Бредлі 5 л Хімагромаркетинг Україна,Магнолія гібридний(а) Вадас Меморі Woodenbox 300 / H150-175,13748,7799,"ID постачальника збігся, але назви різні"
,plantsclub,36.4,1147,1147,Гербіцид Протеже 10 л Хімагромаркетинг Україна,Калла Блек Меджік 14+,4925,50,"ID постачальника збігся, але назви різні"
,plantsclub,36.4,2092,2092,Інсектицид Децис 100 1 л Bayer Байєр Німеччина,Гіацинт Ян Бос 15\16,1748,25,"ID постачальника збігся, але назви різні"
,plantsclub,36.4,2179,2179,Інсектицид Енжіо 247 SC КС 500 мл (розлив) Syngenta Сингента Швейцарія,Гортензія великолисткова Роял Ред C2 / H30-40,1040,270,"ID постачальника збігся, але назви різні"
,plantsclub,36.4,3316,3316,Фунгіцид Ютака СЕ 100 мл SumiAgro Сумі Агро Японія,Магнолія гола Дабл Діамант C25 / H100-125,225,3010,"ID постачальника збігся, але назви різні"
,plantsclub,36.4,2093,2093,Інсектицид Штурм 100 г Агросфера,Гіацинт Пінк Перл 15\16,90,25,"ID постачальника збігся, але назви різні"
,plantsclub,36.2,1181,1181,Десикант Мега Дикват 10 л Хімагромаркетинг Україна,Карагана деревовидна Пендула Штамб C15 / Pa125,2698,1.03,"ID постачальника збігся, але назви різні"
,plantsclub,36.2,7591,7591,Антистресант Гуміфілд Форте Аміно 1 л Humin Tech Німеччина,Тис ягідний (а) Woodenbox 1000 / H175-200,548,8401,"ID постачальника збігся, але різні бренди"
,plantsclub,36.2,7123,7123,Регулятор росту Вимпел Два 1 л Долина Україна,Троянда англійська Б'янка Профумо Арка 180*220 C30,498,9385,"ID постачальника збігся, але назви різні"
,plantsclub,36.2,1038,1038,Гербіцид Гезагард 300 мл Syngenta Сингента Швейцарія,Барбарис середній Ред Джевел PC14 C5 / H30-40,268,140,"ID постачальника збігся, але назви різні"
,plantsclub,36.1,2340,2340,Інсектицид Кораген 20 КС 1 л (розлив) FMС США,Гортензія волотиста Фантом PC14 C5 / H40-50,8000,170,"ID постачальника збігся, але назви різні"
,plantsclub,36.1,2040,2040,Інсектицид Фараон 20 л Хімагромаркетинг Україна,Гібіскус сірійський Маріна C10 / H50-60,7200,290,"ID постачальника збігся, але назви різні"
,plantsclub,36.1,1073,1073,Гербіцид Тотал Пауер 10 кг Хімагромаркетинг Україна,Береза звичайна Жакмана C45 / o8-10,3548,6000,"ID постачальника збігся, але назви різні"
,plantsclub,36.1,3158,3158,Фунгіцид Блюз КС 1 л Арокс Кроп / Aroks Crop,Лілія ЛА-гібридна Фангіо 12\14,1675,50,"ID постачальника збігся, але назви різні"
,plantsclub,36,7897,7897,Стимулятор росту Фульвітал Плюс ЗП 1.5 кг Humin Tech Німеччина,"Туя західна (ий) Смарагд PC20 C7,5 / H60-70",2748,420,"ID постачальника збігся, але назви різні"
,plantsclub,36,2072,2072,Інсектицид Пірінекс КЕ 5 л Adama Адама Ізраїль,Гібіскус сірійський Спеціозус Штамб C5 / Pa80,1924,605,"ID постачальника збігся, але назви різні"
,plantsclub,36,2211,2211,Інсектицид Блискавка 5 л Presence / Презенс,Гортензія волотиста Ерлі Сенсейшен (Балк) Штамб ® D6 / L30-40 / Pa40,1448,1050,"ID постачальника збігся, але назви різні"
,plantsclub,36,5050,5050,Протруйник Бакаш 1 л Нертус Угорщина,Сосна гнучка Ван дер Волфс Пірамід Extra C100 / H100-125,1425,5761,"ID постачальника збігся, але назви різні"
,plantsclub,36,9049,9049,Регулятор кислотності Ікар Корект / Ikar Korekt 1 л Литва,"Деталі руків'я для степлерів MAX HT-R1, HT-R2, HT-RS (деталь 58)",606,916,"ID постачальника збігся, але різні бренди"
,vodospad,35.9,40-221,40221,Вила для компоста Целлфаст / Cellfast IDEAL 128 см (40-221) Польша,Свердло перове Bosch Self Cut Speed 20х152 мм (2608595491),990,232,"ID постачальника збігся, але різні об'єми або розміри"
,plantsclub,35.9,8085,8085,Добриво Осмокот / Osmocote Bloom 12-7-18 (2-3 М) 25 кг ICL Нідерланди,В'яз шорсткий Кампердаунії Штамб PC18 C100 / o8-10 / Pa200-220,6768,4200,"ID постачальника збігся, але назви різні"
,plantsclub,35.9,7364,7364,Регулятор росту Вимпел Два 5 л Долина Україна,Спірея японська Голдфлейм PC21 C3,2278,151,"ID постачальника збігся, але назви різні"
,plantsclub,35.9,6100,6100,Напівмаска захисна 3М серії 6000 размер S (6100),Сосна румелійська K C45 / H100-120,1234,3900,"ID постачальника збігся, але назви різні"
,plantsclub,35.9,7053,7053,Добриво Едта 5SG Edta 1 кг Valagro Валагро Італія,Смородина чорна Вернісаж BS G,998,30,"ID постачальника збігся, але різні бренди"
,plantsclub,35.8,7590,7590,Антистресант Гуміфілд Форте Аміно 20 л Humin Tech Німеччина,Тис ягідний (а) Woodenbox 1000 / H125-150,9898,7452,"ID постачальника збігся, але різні бренди"
,plantsclub,35.8,9051,9051,Ад'ювант Ікар Перфект Стік / Ikar Perfect Stick 5 л Литва,Джутовий шнурок 100 м Штокер Stocker 4695,8905,99,"ID постачальника збігся, але різні об'єми або розміри"
,plantsclub,35.8,3077,3077,Фунгіцид ЧЕМП УЛЬТРА 10 кг Nufarm Нуфарм Австралія,Бобовник альпійський Санспайє Штамб C10 / Pa130,5998,1330,"ID постачальника збігся, але назви різні"
,plantsclub,35.8,7310,7310,Добриво Кафом Калій / Kafom K 5 л Меристем Meristem Іспанія,Верба цільнолиста Хакуро Нішікі Штамб K16 G / Pa120,4798,260,"ID постачальника збігся, але різні об'єми або розміри"
,plantsclub,35.8,2103,2103,Грунтовий інсектицид Бізар 5 л Агро-Захист Україна,Гортензія деревовидна Пінк Анабелль ® C12 / H40-50,4425,495,"ID постачальника збігся, але назви різні"
,plantsclub,35.8,1281,1281,Гербіцид Аутбаг 500 мл Хімагромаркетинг Україна,Головчатотис Харрінгтона Мультиштамб C90 / H150-175,2648,12420,"ID постачальника збігся, але назви різні"
,plantsclub,35.8,9005,9005,Прилипач Олемікс 84 КЕ 10 л Sumi Agro Сумі Агро Японія,"Декоративний паркан Eko-Palisada 17 см, 1 м (коричневий)",2598,220,"ID постачальника збігся, але різні об'єми або розміри"
,plantsclub,35.8,3169,3169,Фунгіцид Луна Сенсейшн 250 мл (розлив) Bayer Байєр Німеччина,Лілія східна гібридна Акапулько 12\14,1998,50,"ID постачальника збігся, але назви різні"
,plantsclub,35.8,2159,2159,Інсектицид Радіант 500 мл Corteva Кортева США,"Гортензія великолисткова Меджікал Крімсон ® 1gr PC22 C7,5 / H50-60",1750,840,"ID постачальника збігся, але назви різні"
,plantsclub,35.8,2264,2264,Інсектицид Колорит 1 л Хімагромаркетинг Україна,Гортензія волотиста Меджікал Андс PC20 C5 / H90-100,1698,362,"ID постачальника збігся, але назви різні"
,plantsclub,35.8,7060,7060,Біостимулятор Максікроп Сет Maxicrop Set 1 л Valagro Валагро Італія,Смородина Trio (Тріо) PC17 C12,653,358,"ID постачальника збігся, але різні бренди"
,plantsclub,35.8,1037,1037,Гербіцид Дуал Голд 300 мл Syngenta Сингента Швейцарія,Барбарис середній Паркджавел PC14 C5 / H30-40,535,140,"ID постачальника збігся, але назви різні"
,plantsclub,35.8,2146,2146,Інсектицид Тіара 250 г Нертус Угорщина,"Гортензія великолисткова Меджікал Блю Беллс ® 2gr PC22 C7,5",314,720,"ID постачальника збігся, але назви різні"
,plantsclub,35.7,3145,3145,Фунгіцид Серкадіс Плюс 5л BASF Басф Німеччина,Лілія азіатська гібридна Арсенал 12\14,10498,50,"ID постачальника збігся, але назви різні"
,plantsclub,35.7,2071,2071,Інсектицид Кораген 20 КС 1 л FMС ФМС США,Гібіскус сірійський Спеціозус Штамб C10 / Pa80,8998,588,"ID постачальника збігся, але назви різні"
,plantsclub,35.7,3401,3401,Фунгіцид Брандер 5 л Нертус Угорщина,Магнолія гібридний(а) Світ Валентин PC21 C5 / H70-80,5405,1159,"ID постачальника збігся, але назви різні"
,plantsclub,35.7,8130,8130,Добриво Мідь Зерива / Zeryva 5 л Україна,Калина боднантська Шарль Ламон Штамб C25 / Pa130,1250,1932,"ID постачальника збігся, але назви різні"
,plantsclub,35.7,2049,2049,Інсектицид Кораген 20 КС 50 мл FMС ФМС США,Гібіскус сірійський Вазо Бло Штамб ® C3 / Pa50,625,470,"ID постачальника збігся, але назви різні"
,plantsclub,35.7,1044,1044,Гербіцид Брокер 1 л Агрохімпак Україна,Береза плакуча (ий) Лонг Транк K15 G / o18-20 / Pa200,348,3465,"ID постачальника збігся, але різні об'єми або розміри"
,plantsclub,35.7,3205,3205,Фунгіцид Тіорос Tioros 1 кг Хімагромаркетинг Україна,Лілія ОТ-гібридна Парагвай 12\14,338,50,"ID постачальника збігся, але назви різні"
,plantsclub,35.6,9210,9210,Секатор пневматичний Bahco 9210 Бахо,"Добриво SmartGrow ЗАЛІЗО мікродобриво від хлорозу Смарт Гроу, 10 л",9450,2193,"ID постачальника збігся, але різні бренди"
,plantsclub,35.6,1023,1023,Гербіцид Гліфовіт Екстра 20 л Ukravit Укравіт Україна,Барбарис Тунберга Спешл Голд PC22 C5 / H15-20 / L20-25,4998,290,"ID постачальника збігся, але назви різні"
,plantsclub,35.6,5067,5067,Протруйник Сидгард Sydhard 5 л Хімагромаркетинг Україна,Сосна корейська Сілверей C25 / H80-100,4098,3643,"ID постачальника збігся, але назви різні"
,plantsclub,35.6,8136,8136,Стимулятор росту Ферті Плант / Ferti Plant 10 л Кіссон Україна,Калина червона Ескімо Штамб PC20 C15 / Pa50,3510,1740,"ID постачальника збігся, але назви різні"
,plantsclub,35.6,2204,2204,Інсектицид Джеронімо 1 кг Corteva Кортева США,Гортензія волотиста Кенделайт Штамб C10 / Pa100,2998,1739,"ID постачальника збігся, але назви різні"
,plantsclub,35.6,8128,8128,Добриво Віасил Зерива / Zeryva 10 л Україна,"Чорниця висока (Голубика, Лохина) Торо PC14 C3 / H20-30",2500,110,"ID постачальника збігся, але назви різні"
,plantsclub,35.6,1174,1174,Гербіцид Лобера 5 л Alfa Smart Agro / Альфа Смарт Агро Україна,Кампсіс укорінливий Індіан Саммер Мультиштамб C30 / Pa*multi,1998,3000,"ID постачальника збігся, але різні бренди"
,plantsclub,35.6,1012,1012,Гербіцид Рамзес 500 г Alfa Smart Agro Альфа Смарт Агро Україна,Барбарис Тунберга Розетта PC14 C3 / L30-40,1872,105,"ID постачальника збігся, але назви різні"
,plantsclub,35.6,7135,7135,Добриво Гуміголд GumiGold (Гумат калію) 5 кг Кіссон Україна,Троянда густоквіткова Марко DP PC19 C5 / H20-30,1444,174,"ID постачальника збігся, але різні бренди"
,plantsclub,35.6,2136,2136,Інсектицид Актуал 1 л Alfa Smart Agro Альфа Смарт Агро Україна,Гортензія великолисткова Меджікал Аллегретто ® 1gr PC20 C5,1061,660,"ID постачальника збігся, але назви різні"
,plantsclub,35.6,3352,3352,Біофунгіцид Серенада АСО 1 л (розлив) Bayer Байер Німеччина,Магнолія гібридний(а) Блек Туліп C100 / H250-300,700,19872,"ID постачальника збігся, але назви різні"
,plantsclub,35.6,3128,3128,Фунгіцид Танос 50 ВРГ 200 г (розсип) Corteva Кортева США,Лаванда x проміжний (а) Гроссо PC21 C3,525,160,"ID постачальника збігся, але назви різні"
,plantsclub,35.5,2312,2312,Інсектицид Оперкот Акро 5 л Хімагромаркетинг Україна,"Гортензія волотиста Межджікал Монт Блан PC22 C7,5 / H50-60",3375,434,"ID постачальника збігся, але назви різні"
,plantsclub,35.5,1088,1088,Гербіцид Промінь 5 л Presence / Презенс,Будлея Давіда Роял Ред C2,3075,144,"ID постачальника збігся, але назви різні"
,plantsclub,35.5,2112,2112,Інсектицид Актеллік 1 л (розлив) Syngenta Сингента Швейцарія,Гортензія великолисткова Ендлесс Саммер Блауер C5,1976,840,"ID постачальника збігся, але назви різні"
,plantsclub,35.5,2178,2178,Інсектицид Лірум 78 SC КС 250 мл (розлив) Syngenta Сингента Швейцарія,Гортензія великолисткова Романсе PC13 C5,998,130,"ID постачальника збігся, але назви різні"
,plantsclub,35.4,1020,1020,Гербіцид Гліфовіт Екстра 5 л Ukravit Укравіт Україна,"Барбарис Тунберга Спешл Голд PC15 C2,5 / L20-30",2080,125,"ID постачальника збігся, але назви різні"
,plantsclub,35.4,1003,1003,Гербіцид Фермер 1 л Хімагромаркетинг Україна,Барбарис Тунберга Роуз Глоу PC17 C3,1125,115,"ID постачальника збігся, але назви різні"
,plantsclub,35.4,7055,7055,Регулятор кислотності Control DMP Контроль ДМП 1 л Valagro Валагро Італія,Смородина червона (-ий) Йонкір Ван Тец Штамб C3 / H125-150 / Pa80,665,660,"ID постачальника збігся, але назви різні"
,vodospad,35.3,40-020,40020,Вила для копання Целлфаст / Cellfast ERGO 123 см 2.1 кг (40-020) Польша,10 шліфлистів Bosch M480 на сітчастій основі 70x125мм K100 (2608621217),1962,375,"ID постачальника збігся, але різні об'єми або розміри"
,plantsclub,35.3,3223,3223,Фунгіцид Амістар Тріо 255 ЕС КЕ 5 л Syngenta Сингента Швейцарія,Ліквідамбар (Амброве дерево) смолоносний C55 / H250-300 / o10-12,7020,6624,"ID постачальника збігся, але назви різні"
,plantsclub,35.3,3197,3197,Фунгіцид Манзат ВДГ 10 кг Sumi Agro Сумі Агро Японія,Лілія ОТ-гібридна Карбонеро 12\14,4798,50,"ID постачальника збігся, але назви різні"
,plantsclub,35.3,7346,7346,Біопрепарат Iaros / Ярос 20 л Україна,Спірея японська Дартс Ред PC17 C3,4149,80,"ID постачальника збігся, але назви різні"
,plantsclub,35.3,3212,3212,Фунгіцид Ранман Топ КС 1 л SumiAgro Сумі Агро Японія,Лілія ОТ-гібридна Росселіні 12\14,3248,50,"ID постачальника збігся, але назви різні"
,plantsclub,35.3,3901,3901,Фунгіцид Дерозал 5л Байер Німеччина,Ялина звичайна Інверса G / H125-150,2100,4215,"ID постачальника збігся, але назви різні"
,plantsclub,35.3,8126,8126,Добриво Цинк Зерива / Zeryva 5 л Україна,"Чорниця висока (Голубика, Лохина) Сієра C7,5 / H30-50",1250,660,"ID постачальника збігся, але назви різні"
,plantsclub,35.2,7319,7319,Добриво Кафом Калій-Магній / Kafom К-Mg 20 л Meristem Мерістем Іспанія,"Горобина круглолиста Магніфіка PC17 C27,5",14830,1325,"ID постачальника збігся, але назви різні"
,plantsclub,35.2,3354,3354,Фунгіцид Метеор 10 кг Хімагромаркетинг Україна,Магнолія гібридний(а) Блек Туліп PC21 C5 / H60-70,4998,1325,"ID постачальника збігся, але назви різні"
,plantsclub,35.2,7223,7223,Добриво Yara Folicare Яра Фолікер 22-5-22 25 кг Нідерланди,Троянда Кордеса Апрікола DP PC20 C2,4000,174,"ID постачальника збігся, але різні бренди"
,plantsclub,35.2,2180,2180,Інсектицид Люфокс 105 ЕС КЕ 1 л (розлив) Syngenta Сингента Швейцарія,Гортензія великолисткова Роял Ред C5 / H30-40,2148,275,"ID постачальника збігся, але назви різні"
,plantsclub,35.2,1027,1027,Гербіцид Подмарин 1 л Хімагромаркетинг Україна,Барбарис Тунберга Саммер Сансет ® PC19 C3 / H20-25,375,156,"ID постачальника збігся, але назви різні"
,plantsclub,35.1,1255,1255,Гербіцид Оверсайз 20 л Хімагромаркетинг Україна,Катальпа бігнонієвидна Нана Штамб PC18 C80 / H200-250,15698,3667,"ID постачальника збігся, але назви різні"
,plantsclub,35.1,1210,1210,Гербіцид Слаш 5 л Corteva Кортева США,Граб звичайний Фастігіата C35 / H300-400,6998,3130,"ID постачальника збігся, але назви різні"
,plantsclub,35.1,7166,7166,Біостимулятор Фітомаре (Fitomare) 5 л Atlantica Agricola Вітера Іспанія,"Троянда гібридний(а) Дабл Штамб G+C7,5 / PaEXTRA",5847,350,"ID постачальника збігся, але різні бренди"
,plantsclub,35.1,3219,3219,Фунгіцид Зорвек Інкантія 1 л Corteva Кортева США,Ліквідамбар (Амброве дерево) смолоносний C230 / o20-25,4498,28152,"ID постачальника збігся, але назви різні"
,plantsclub,35.1,233-2,2332,Гілкоріз висотний з пилою макс 25 мм (233-2) My Garden,"Гортензія волотиста Меджікел Везувіо PC20 C7,5",960,420,"ID постачальника збігся, але назви різні"
,plantsclub,35.1,3040,3040,Фунгіцид Медян Екстра 350 КС 1 л SumiAgro Сумі Агро Японія,Ялівець середній Олд Голд PC15 C5 / L30-40,748,140,"ID постачальника збігся, але назви різні"
,plantsclub,35.1,7096,7096,Рост-концентрат NPK 5+5+5 Універсальний 1 л Кіссон Україна,Троянда плетиста Ексцельса Штамб GK / Pa100,125,520,"ID постачальника збігся, але різні бренди"
,plantsclub,35,5023,5023,Протруйник АС Кольд Дуо 1 л Аптека Садівника Україна,Сосна густоквіткова Умбракуліфера PC18 C100 / H100-120,825,3600,"ID постачальника збігся, але назви різні"
,plantsclub,35,9018,9018,Прилипач ад’ювант Тіон 1 л Кіссон Україна,"Дерев'яна ручка 1,8 м Штокер Stocker 2218",303,299,"ID постачальника збігся, але різні об'єми або розміри"
,plantsclub,35,7351,7351,Добриво Плантатор 0+25+50 1 кг Кіссон Україна,"Спірея японська Дартс Ред PC20 C7,5",285,288,"ID постачальника збігся, але назви різні"
,plantsclub,34.9,7948,7948,Регулятор росту рослин Герба 4 Ел-Джі / Gerba 4 LG 4 л L.Gobbi Італія,Туя складчата Форева Голді Extra C45 / H120-140,9631,4200,"ID постачальника збігся, але різні бренди"
,plantsclub,34.9,3000,3000,Фунгіцид Скор 250 ЕС КЕ 1 л Syngenta Сингента Швейцарія,Ялівець середній Мінт Джулеп C2,5462,156,"ID постачальника збігся, але назви різні"
,plantsclub,34.9,5026,5026,Протруйник Шедевр 1 л ProtectON / ПротектОН Україна,Сосна густоквіткова Умбракуліфера Woodenbox 600 / H60-80 / L80-100,1560,8280,"ID постачальника збігся, але різні бренди"
,plantsclub,34.9,9032,9032,Прилипач Бустер 5 л Alfa Smart Agro Альфа Смарт Агро Украина,"Держак Bellota M3080.B для сапок 1500 мм, d=30 мм (Беллота)",1500,409,"ID постачальника збігся, але різні об'єми або розміри"
,plantsclub,34.9,7183,7183,Добриво Нутрівант Плюс Плодово-ягідний 12-5-27+8CaO 1 кг Вітера ICL Ізраїль,"Троянда гібридний(а) Інгрід Бергман Штамб G+C7,5 / Pa100",398,245,"ID постачальника збігся, але назви різні"
,plantsclub,34.8,5016,5016,Протруйник Екзор 5 л Ukravit Укравіт Україна,Сосна густоквіткова Умбракуліфера K20 C45 / H80-100,4848,4637,"ID постачальника збігся, але назви різні"
,plantsclub,34.8,2308,2308,Iнсектицид Боксер 5 л Нертус Угорщина,"Гортензія волотиста Межджікал Монт Блан PC20 C7,5 / H60-70",4053,420,"ID постачальника збігся, але назви різні"
,plantsclub,34.8,7179,7179,Добриво Нутрівант Дріп 16-8-25+4MgO 25 кг ICL Ізраїль,Троянда гібридний(а) (Імператріс Фарах DP G,3975,60,"ID постачальника збігся, але різні бренди"
,plantsclub,34.8,2077,2077,Інсектицид Твікс 10 л Дефенда / Defenda,Гібіскус сірійський Валбертонс Роуз Мун Штамб ® C10 / Pa100,3498,1884,"ID постачальника збігся, але назви різні"
,plantsclub,34.8,3296,3296,Фунгіцид Джерело 1 л Presence / Презенс,"Жимолость східна Зойка PC21 C7,5",1348,290,"ID постачальника збігся, але назви різні"
,plantsclub,34.8,7115,7115,Рост-концентрат NPK 15+7+7 Азотний 10 л Кіссон Україна,Троянда плетиста Принцеса Маргарет SP G,1313,44,"ID постачальника збігся, але різні бренди"
,plantsclub,34.8,1216,1216,Гербіцид Конвой 250 г Нертус Угорщина,Граб звичайний Фастігіата Шпалера+Штамб 120*120 C50 / Pa200,1228,5159,"ID постачальника збігся, але назви різні"
,plantsclub,34.8,2116,2116,Інсектицид Прованто Отек 500 мл Bayer Байєр Німеччина,Гортензія великолисткова Ендлесс Саммер Блум Стар Пінк Роуз C5,1225,630,"ID постачальника збігся, але назви різні"
,plantsclub,34.8,3171,3171,Фунгіцид Полірам ДФ 70% 1 кг (розсип) Basf Басф Німеччина,Лілія східна гібридна Діп Імпакт 12\14,798,50,"ID постачальника збігся, але назви різні"
,plantsclub,34.8,2288,2288,Інсектицид Тотем 100 мл ProtectON / ПротектОн Україна,Гортензія волотиста Меджикал Фаєр ® PC21 C3,498,240,"ID постачальника збігся, але назви різні"
,plantsclub,34.8,7181,7181,Добриво Нутрівант Плюс гарбузовий 6-13-31+2MgO+ME 1 кг Вітера ICL Ізраїль,Троянда гібридний(а) (Імператріс Фарах PC17 C2,398,70,"ID постачальника збігся, але назви різні"
,plantsclub,34.8,2228,2228,Інсектицид Ньюстар 500 мл Хімагромаркетинг Україна,Гортензія волотиста Лаймлайт ® PC22 C5 / H20-30,286,360,"ID постачальника збігся, але назви різні"
,plantsclub,34.7,9052,9052,Антиспінювач Ікар Перфект Фом / Ikar Perfect Foam 5 л Литва,Джутовий шнурок 250 м Штокер Stocker 4696,9180,210,"ID постачальника збігся, але різні об'єми або розміри"
,plantsclub,34.7,3368,3368,Біофунгіцид Бактіфол / Bactifol 1 кг Bioera Іспанія,Магнолія гібридний(а) Гелексі C130 / H100-150 / L200-250,6240,21528,"ID постачальника збігся, але назви різні"
,plantsclub,34.7,7698,7698,Добриво Хелатин Кальцій (Ca) 10 л Кіссон Україна,Туя західна (ий) Даніка K19 C12,1601,359,"ID постачальника збігся, але назви різні"
,plantsclub,34.7,100-01,10001,Гілкоріз телескопічний 700 - 980 мм Drop Forged SK 5 (100-01),Клей монтажний QuickPrime Plus 3.8л (метал),900,1970,"ID постачальника збігся, але різні об'єми або розміри"
,plantsclub,34.7,3113,3113,Фунгіцид Талендо 20% КЕ 250 мл (розлив) Corteva Кортва США,Лаванда вузьколиста Дварф Блю PC14 P9 / H10-15,858,25,"ID постачальника збігся, але назви різні"
,plantsclub,34.7,3224,3224,Фунгіцид Док Про 200 г ALFA Smart Agro Альфа Смарт Агро Україна,"Ліквідамбар (Амброве дерево) смолоносний G+C27,5 / H250-300 / o6-8",365,1286,"ID постачальника збігся, але назви різні"
,plantsclub,34.7,3372,3372,Біофунгіцид Біонорма Триходерма 800 г BioNorma Україна,Магнолія гібридний(а) Гелексі Штамб C20 / Pa130,363,3312,"ID постачальника збігся, але назви різні"
,plantsclub,34.6,2082,2082,Інсектицид Регент 10 кг Basf Басф Німеччина,Гібіскус сірійський Вудбрідж C10 / H60-70,5998,960,"ID постачальника збігся, але назви різні"
,plantsclub,34.6,7051,7051,Мікродобриво Бороплюс Boroplus 10 л Syngenta (Valagro) Італія,Смородина чорна Тітанія Штамб C3 / H125-150 / Pa80,4198,525,"ID постачальника збігся, але назви різні"
,plantsclub,34.6,7259,7259,Добриво Эко-Гумат / Eко-Humat 20 л Мінерал Груп Україна,Троянда Mix (в асортименті) C12,4000,420,"ID постачальника збігся, але різні бренди"
,plantsclub,34.6,3035,3035,Фунгіцид Оріус 250 5 л Adama Адама Ізраїль,Ялівець середній Олд Голд K20 C45 / H30-40,3900,960,"ID постачальника збігся, але назви різні"
,plantsclub,34.6,7721,7721,Добриво Авангард Кальцій + М/Е 20 л Ukravit Укравіт Україна,Туя західна (ий) Філіформіс Штамб C20 / L40-50 / Pa120,2098,2770,"ID постачальника збігся, але назви різні"
,plantsclub,34.6,7041,7041,Біостимулятор Кендал Kendal 1 л Valagro Валагро Італія,Рододендрон якушиманський Моргенрот Штамб D20 / Pa70,1048,1735,"ID постачальника збігся, але назви різні"
,plantsclub,34.6,3154,3154,Фунгіцид Страж ВГ 500 г Ukravit Укравіт Україна,Лілія ЛА-гібридна Каліфорнія 12\14,798,50,"ID постачальника збігся, але назви різні"
,plantsclub,34.6,3110,3110,Фунгіцид Бродвей КС 1 л Хімагромаркетинг Україна,Лавр благородна (-ий) Штамб C10 / Pa50,698,660,"ID постачальника збігся, але назви різні"
,plantsclub,34.6,3196,3196,Фунгіцид Делан 100 г (розсип) Basf Басф Німеччина,Лілія ОТ-гібридна Біг Бразер 12\14,398,50,"ID постачальника збігся, але назви різні"
,plantsclub,34.6,7990,7990,Добриво Леда Гель Кальцй Плюс / Leda Gel Ca Plus 500 мл Велика Британія,Липа європейська (-е) Паліда Шпалера+Штамб C65 / o10-12 / Pa180-200,378,6001,"ID постачальника збігся, але назви різні"
,plantsclub,34.5,1005,1005,Гербіцид ДЕСИКАНТ 20 л Ukravit Укравіт Україна,Барбарис Тунберга Роуз Глоу PC20 C3 / H35-40,2848,203,"ID постачальника збігся, але назви різні"
,plantsclub,34.5,8131,8131,Добриво Бор 150 Зерива / Zeryva 10 л Україна,Калина боднантська Шарль Ламон Штамб GK / Pa120,2500,1210,"ID постачальника збігся, але різні бренди"
,plantsclub,34.5,7701,7701,Добриво Хелатин Калій (K₂O) pH - 7.5 10 л Кіссон Україна,Туя західна (ий) Даніка K20 C35 / H40-50,2387,540,"ID постачальника збігся, але назви різні"
,plantsclub,34.5,7576,10221,Добриво Агромастер Agromaster 15-15-15+9CaO+6SO3 25кг ICL Ізраїль,"Контейнер квадрат 15*15*15см, 3,0л (15*15*15)",1890,6,"код збігся, але різні об'єми або розміри"
,plantsclub,34.5,7106,7106,Регулятор росту Аміно Тотал Amino Total 1 кг Leili Лейлі,Троянда плетиста Найхеглют SP G,400,44,"ID постачальника збігся, але різні бренди"
,plantsclub,34.5,7657,7657,Регулятор росту Гуміфілд гумат калію 100 г Humin Tech Німеччина,Туя (Платікладус) східна Ауреа Нана K20 C40 / H30-40,198,1036,"ID постачальника збігся, але назви різні"
,plantsclub,34.5,7120,7120,Рост-концентрат NPK 5+10+15 Калійний 1 л Кіссон Україна,Троянда плетиста Вестерленд SP G,174,44,"ID постачальника збігся, але різні бренди"
,plantsclub,34.5,9021,9021,Прилипач (біо-клей) Добрий Господар 1 л,Дерев'яний контейнер 70см * 70см * 45см,156,1742.4,"ID постачальника збігся, але різні об'єми або розміри"
,vodospad,34.4,40-204,40204,Лопата штикова Целлфаст / Cellfast Ideal Pro 120 см 1.8 кг (40-204) Польща,"Свердла Bosch HSS-PointTeQ, 2x24x49 мм, 10 шт (2608577188)",998,163,"ID постачальника збігся, але різні об'єми або розміри"
,plantsclub,34.4,1025,1025,Гербіцид Метризан 500 г Агрохімічні Технології Україна,Барбарис Тунберга Саммер Сансет ® PC17 C3,780,216,"ID постачальника збігся, але назви різні"
,plantsclub,34.4,2328,2328,Інсектицид Бацитоксин 1 кг Імекс Агро Україна,Гортензія волотиста Меджікал Світ Саммер PC22 C5,498,360,"ID постачальника збігся, але назви різні"
,plantsclub,34.4,7356,7356,Добриво Плантатор 20+20+20 1 кг Кіссон Україна,Спірея японська Голден Прінцес PC20 C5 / H30-35,253,190,"ID постачальника збігся, але назви різні"
,plantsclub,34.4,7786,7786,Добриво Plantafol Плантафол 0+25+50 250 г Valagro Італія,Туя західна (ий) Реінголд PC14 C3 / L15-20,195,80,"ID постачальника збігся, але назви різні"
,plantsclub,34.3,7342,7342,Добриво Гуміфілд 20 кг Humin Tech гумат калію антистрес,Спірея японська Ентоні Ватерер PC21 C5 / H25-40,24998,190,"ID постачальника збігся, але назви різні"
,plantsclub,34.3,7133,7133,Регулятор росту Регаліс Плюс 1.5 кг Basf Басф Німеччина,Троянда густоквіткова Фо Ю Айс Онлі PC22 C10,7500,348,"ID постачальника збігся, але назви різні"
,plantsclub,34.3,2057,2057,Інсектицид Хлорпірівіт-Агро 20 л Ukravit Укравіт Україна,"Гібіскус сірійський Пінк Джаінт PC22 C7,5 / H100-120",7475,260,"ID постачальника збігся, але назви різні"
,plantsclub,34.3,3350,3350,Фунгіцид Арія 5 л Зерива / Zeryva Україна,Магнолія Хані Туліп C55 / H175-200,4500,9936,"ID постачальника збігся, але назви різні"
,plantsclub,34.3,2041,2041,Інсектицид Актуал 5 л Alfa Smart Agro Альфа Смарт Агро Україна,"Гібіскус сірійський Маріна C7,5 / H60-80",4160,275,"ID постачальника збігся, але назви різні"
,plantsclub,34.3,7199,7199,Регулятор росту Гуміфілд гумат калію 1 кг Humin Tech Німеччина,Троянда гібридний(а) Папагена Штамб GK / Pa100,1298,420,"ID постачальника збігся, але різні бренди"
,plantsclub,34.3,8120,8120,Добриво Зерива Марганець / Zeryva Mn 5 л Україна,"Чорниця висока (Голубика, Лохина) Патріот PC20 C15 / H60-80",1250,828,"ID постачальника збігся, але назви різні"
,plantsclub,34.3,2113,2113,Інсектицид Дантоп 100 г (розсип) Arysta Аріста,Гортензія великолисткова Ендлесс Саммер Блауер C5 / H20-30,998,1159,"ID постачальника збігся, але назви різні"
,plantsclub,34.3,9040,9040,Грунтовий ад'ювант Prime Extra / Прайм Екстра 1 л Легіон Україна,Держак Bellota М2-1200 SB.B для мотик (1200 мм),598,327,"ID постачальника збігся, але різні об'єми або розміри"
,plantsclub,34.3,7982,7982,Стимулятор росту Біонорма Мікориза 3 кг (розсип) BioNorma Україна,Липа американська (чорна) K C230 / o25-30 / Pa175,300,7452,"ID постачальника збігся, але назви різні"
,plantsclub,34.3,1-400,1400,Садовий бальзам Вокс / Voks 400 г зі шпателем Агрохімпак Україна,Кипарисовик нутканський Пендула C10 / H100-120,225,2484,"ID постачальника збігся, але назви різні"
,plantsclub,34.2,3163,3163,Фунгіцид Інфініто 5 л Bayer Байер Німеччина,Лілія ЛА-гібридна Серенгеті 14\16,7698,50,"ID постачальника збігся, але назви різні"
,plantsclub,34.2,2062,2062,Інсектицид Данадим Мікс 5 л FMC ФМС США,Гібіскус сірійський Ред Хат C10 / H60-70,2748,942,"ID постачальника збігся, але назви різні"
,plantsclub,34.2,1002,1002,Гербіцид десикант Реглон Супер 150 SL Дикват 10 л Syngenta Сингента Швейцария,Барбарис Тунберга Роуз Глоу PC C15,2498,480,"ID постачальника збігся, але різні бренди"
,plantsclub,34.2,2006,2006,Інсектицид Дантоп 250 г Arysta Аріста,"Гібіскус сірійський Дук де Брабант C7,5",2236,260,"ID постачальника збігся, але назви різні"
,plantsclub,34.2,9009,9009,Прилипач Альфалип Екстра 5 л Alfa Smart Agro / Альфа Cмарт Агро Україна,Декоративний паркан Eko-Palisada 22 см (коричневий),698,220,"ID постачальника збігся, але різні об'єми або розміри"
,plantsclub,34.2,2188,2188,Інсектицид Актоцид 1 л Кіссон Україна,Гортензія великолисткова Вайт Делайт C3,416,300,"ID постачальника збігся, але назви різні"
,plantsclub,34.2,3111,3111,Фунгіцид Фітодоктор 1 л Enzim Biotech Agro / Ензим Біотех Агро Україна,Лаванда вузьколиста Дарк Хідкот Блу PC14 P9 / H10-15,341,40,"ID постачальника збігся, але назви різні"
,vodospad,34.1,40-205,40205,Лопата туристична Целлфаст / Cellfast IDEAL LINE 80 см 1.25 кг (40-205) Польща,"Свердла Bosch HSS-PointTeQ, 2,5x24x57 мм, 10 шт (2608577193)",999,187,"ID постачальника збігся, але різні об'єми або розміри"
,vodospad,34.1,40-220,40220,Вила для копання Целлфаст / Cellfast IDEAL 120 см 1.8 кг (40-220) Польща,Свердло перове Bosch Self Cut Speed 12х152 мм (2608595484),698,179,"ID постачальника збігся, але різні об'єми або розміри"
,plantsclub,34.1,3141,3141,Фунгіцид Блу Бордо Дисперс 20 кг UPL Франція,Лілія азіатська гібридна 'Танго' Пуш Офф 12\14,6998,50,"ID постачальника збігся, але назви різні"
,plantsclub,34.1,2035,2035,Інсектицид Резонанс 10 л Хімагромаркетинг Україна,Гібіскус сірійський Майке PC18 C3,3120,145,"ID постачальника збігся, але назви різні"
,plantsclub,34.1,3206,3206,Фунгіцид Інферно 25 кг Ukravit Укравіт Україна,Лілія ОТ-гібридна Прітті Вумен 12\14,2998,50,"ID постачальника збігся, але назви різні"
,plantsclub,34.1,2231,2231,Біоінсектицид Сезар 5 л Агро Захист Україна,"Гортензія волотиста Лаймлайт C7,5 / H60-80",2248,660,"ID постачальника збігся, але назви різні"
,plantsclub,34.1,2311,2311,Інсекцид Фатрін 5 л Нертус Угорщина,Гортензія волотиста Межджікал Монт Блан PC22 C5 / H20-30,2239,300,"ID постачальника збігся, але назви різні"
,plantsclub,34.1,2215,2215,Біоінсектицид Актофіт КЕ 4.5 л Біоветфарм Україна,Гортензія волотиста Грандіфлора PC18 C5,1898,362,"ID постачальника збігся, але назви різні"
,plantsclub,34.1,2064,2064,Інсектицид Туріл 500 г Ukravit Укравіт Україна,Гібіскус сірійський Ред Хат C5 / H60-80,898,405,"ID постачальника збігся, але назви різні"
,plantsclub,34.1,7796,7796,Добриво Ікар Ензо (Марганець) / Ikar Enzo 1 л Литва,Туя західна (ий) Смарагд Extra K C25 / H80-100,640,608,"ID постачальника збігся, але різні бренди"
,plantsclub,34.1,3156,3156,Фунгіцид Манзат ВДГ 1 кг Sumi Agro Самміт Агро Японія,Лілія ЛА-гібридна Кур'єр 14\16,530,50,"ID постачальника збігся, але назви різні"
,plantsclub,34.1,7213,7213,Регулятор росту Гуміфілд ВР-18 - 1 л Humin Tech Німеччина,Троянда гібридний(а) Сан SP G,525,44,"ID постачальника збігся, але різні бренди"
,plantsclub,34.1,2030,2030,Інсектицид Зеніт 500 мл Хімагромаркетинг Україна,Гібіскус сірійський Леді Станлі C3,468,195,"ID постачальника збігся, але назви різні"
,plantsclub,34.1,2298,2298,Інсектицид - адв'ювант Oil Protect / Ойл Протект 1 л Biochem Agro Україна,Гортензія волотиста Меджікал Кіліманджаро PC22 C5 / H20-30,205,360,"ID постачальника збігся, але назви різні"
,plantsclub,34.1,1009,1009,Гербицид ДЕСИКАНТ 5 л Ukravit Укравіт Україна,"Барбарис Тунберга Роуз Глоу PC22 C7,5 / H35-40",,300,"ID постачальника збігся, але назви різні"
,plantsclub,34,7176,7176,Добриво Нутрівант Плюс Зерновий 6-23-35+1MgO+ME 25 кг Вітера ICL Ізраїль,Троянда гібридний(а) Френдшип PC17 C2,9973,70,"ID постачальника збігся, але назви різні"
,plantsclub,34,3366,3366,Біофунгіцид Радісан Дс / Radisane Ds 1 кг Bioera Іспанія,Магнолія гібридний(а) Клеопатра ® XXL C55 / H125-150,6188,9108,"ID постачальника збігся, але різні бренди"
,plantsclub,34,2331,2331,Інсектицид Балазо 5 л Sumiаgro Самміт Агро Японія,Гортензія волотиста Меджікел Везувіо PC20 C10,5398,540,"ID постачальника збігся, але назви різні"
,plantsclub,34,1046,1046,Гербіцид Геліос Екстра 20 л Агрохімічні Технології Україна,Береза плакуча (ий) Лонг Транк Штамб K14 C15 / Pa200,4998,1020,"ID постачальника збігся, але назви різні"
,plantsclub,34,2152,2152,Інсектицид Ф’юрі 100 5 л FMC ФМС США,Гортензія великолисткова Меджікал Канзоне ® 1gr PC20 C5 / H50-60,4160,660,"ID постачальника збігся, але назви різні"
,plantsclub,34,1034,1034,Гербіцид Отаман 20 л Alfa Smart Agro Альфа Смарт Агро Україна,Барбарис Тунберга Вулкано PC22 C5 / H40-60,3398,290,"ID постачальника збігся, але назви різні"
,plantsclub,34,2299,2299,Інсектицид Готіка 5 л Нертус Угорщина,"Гортензія волотиста Меджікал Кіліманджаро PC22 C7,5 / H50-60",3184,420,"ID постачальника збігся, але назви різні"
,plantsclub,34,7577,7577,Добриво Калтемі / Kaltemi 5 л Meristem Меристем Іспанія,Тис ягідний (а) Саммерголд Бонсай G / H100-125,2725,13925,"ID постачальника збігся, але назви різні"
,plantsclub,34,2018,2018,Інсектицид Кораген 200 мл FMС ФМС США,Гібіскус сірійський Френч кабарет Пастель ® PC22 C5 / H100-120,2236,276,"ID постачальника збігся, але назви різні"
,plantsclub,34,2183,2183,Інсекто-акарицид Імексаб Форте КЕ 1 л Імекс Агро Україна,Гортензія великолисткова Тіволі Рот C2 / H15-20,1675,290,"ID постачальника збігся, але назви різні"
,plantsclub,34,9000,9000,Прилипач ад'ювант Еко Ойл Спрей 5 л Adama Адама Ізраїль,"Декоративний камінь Чорне море Klviv, фр. 5-10мм, 10кг",1248,115,"ID постачальника збігся, але різні об'єми або розміри"
,plantsclub,34,3019,3019,Фунгіцид Фенікс Дуо 1 л ALFA Smart Agro Альфа Смарт Агро Україна,Ялівець середній Мінт Джулеп PC21 C3 / L25-30,936,196,"ID постачальника збігся, але назви різні"
,plantsclub,34,2025,2025,Інсектицид Пірінекс Супер 1 л Adama Адама Ізраїль,Гібіскус сірійський Френч кабарет Ред PC20 C3 / H20-30,725,168,"ID постачальника збігся, але назви різні"
,plantsclub,34,7206,7206,Добриво Мікрокат Залізо 1 л Вітера Atlantica Agricola Іспанія,Троянда гібридний(а) Рафаелло SP G,588,44,"ID постачальника збігся, але різні бренди"
,plantsclub,34,7939,7939,Стимулятор росту Біонорма Мікориза 5 кг (розсип) BioNorma Україна,Туя західна (ий) Тіні Тім PC14 C5,498,210,"ID постачальника збігся, але назви різні"
,plantsclub,33.9,7669,7669,Добриво Грінплант Greenplant 15-5-25+2+МЕ 25кг Green Has Грін Хас Італія,Туя (Платікладус) східна Ауреа Нана PC22 C5 / H30-35,3500,304,"ID постачальника збігся, але назви різні"
,plantsclub,33.9,2169,2169,Інсектицид Спінтор 240 SC 250 мл Corteva Кортева США,Гортензія великолисткова Меджікал Революшн ® 2gr PC20 C5 / H30-40,2748,660,"ID постачальника збігся, але назви різні"
,plantsclub,33.9,2122,2122,Інсектицид Фосорган Дуо 5л Агрохімічні технології Україна,Гортензія великолисткова Ендлесс Саммер Самер Лав Пінкрот ® C5 / H20-30,1998,760,"ID постачальника збігся, але назви різні"
,plantsclub,33.8,3281,3281,Фунгіцид Бампер Супер 5 л Adama Адама Ізраїль,Жимолость східна Амфора C2,4250,145,"ID постачальника збігся, але назви різні"
,plantsclub,33.8,7470,7470,Регулятор росту Вимпел К2 - 1 л Долина Україна,Тис ягідний (а) Бонсай C180 / H250-300,605,66240,"ID постачальника збігся, але назви різні"
,plantsclub,33.8,2329,2329,Інсектицид Бовер ІМ / Bover ІМ 1 кг Імекс Агро Україна,"Гортензія волотиста Меджікал Світ Саммер PC22 C7,5",498,420,"ID постачальника збігся, але назви різні"
,plantsclub,33.8,7048,7048,Біостимулятор Кендал ТЕ Kendal ТЕ 100 мл Valagro Валагро Італія,Смородина чорна Сільвергітерс Шварц Штамб C3 / H125-150 / Pa80,265,525,"ID постачальника збігся, але назви різні"
,plantsclub,33.7,2202,2202,Інсектицид Ваєго 200 SC КС 1 л Bayer Байєр Німмечина,Гортензія волотиста Кенделайт PC20 C3 / H70-80,6698,240,"ID постачальника збігся, але назви різні"
,plantsclub,33.7,7260,7260,Добриво ГУМАТ СУПЕР ОРГАНІК / GUMAT SUPER ORGANIC 20 л Мінерал Груп Україна,Троянда Mix (в асортименті) C4,4898,102,"ID постачальника збігся, але різні бренди"
,plantsclub,33.7,7109,7109,Добриво Nova PeKacid Пекацид 0-60-20 25 кг ICL Ізраїль,Троянда плетиста Перпешуалі Йорс DP PC18 C5,4398,144,"ID постачальника збігся, але різні бренди"
,plantsclub,33.7,2289,2289,Інсектицид Контадор Дуо 5 л Нертус Угорщина,"Гортензія волотиста Межджікал Флейм C7,5",3494,275,"ID постачальника збігся, але назви різні"
,plantsclub,33.7,1014,1014,Гербицид Тотал 20 л Хімагромаркетинг Україна,Барбарис Тунберга Розетта PC16 C3 / L30-40,3348,105,"ID постачальника збігся, але назви різні"
,plantsclub,33.7,7561,7561,Добриво Ікар Бор / Ikar B 170 (NB 5-17) 5 л Литва,Тис ягідний (а) Шварцгрун Бонсай C230 / H160 / L100,1990,30000,"ID постачальника збігся, але назви різні"
,plantsclub,33.7,1155,1155,Гербіцид Тівітус 500 г Ukravit Укравіт Україна,Красивоягідник Бодин'єра Профюжн C80 / H175-200,1925,5520,"ID постачальника збігся, але назви різні"
,plantsclub,33.7,8135,8135,Стимулятор росту РизоГумат Зерива / Zeryva 5 л Україна,"Калина червона Ескімо Штамб C7,5 / Pa50",1750,1588,"ID постачальника збігся, але назви різні"
,plantsclub,33.7,7844,7844,Стимулятор росту Біонорма Мікориза 20 кг BioNorma Україна,Туя західна (ий) Смарагд K19 C45 / H100-120,1716,435,"ID постачальника збігся, але назви різні"
,plantsclub,33.7,7138,7138,Добриво Хелатин MultiMix 10 л Кіссон Україна,Троянда густоквіткова Олд Порт Штамб GK / Pa100,1520,420,"ID постачальника збігся, але різні бренди"
,plantsclub,33.7,2120,2120,Інсекто-акарицид Препарат 30 Д 83% 10 л,Гортензія великолисткова Ендлесс Саммер Самер Лав Ліла ® C5 / H20-30,1325,996,"ID постачальника збігся, але назви різні"
,plantsclub,33.7,5003,5003,Протруювач АС Селектив 1 л Ukravit Укравіт Україна,Сосна густоквіткова Умбракуліфера C60 / H100-125,898,6083,"ID постачальника збігся, але назви різні"
,plantsclub,33.7,3161,3161,Фунгіцид Шавіт Ф 72 WG ВДГ 1 кг (розсип) Adama Адама Ізраїль,Лілія ЛА-гібридна Оріджинал Лов 12\14,848,50,"ID постачальника збігся, але назви різні"
,plantsclub,33.7,3033,3033,Фунгіцид Скор 250 ЕС КЕ 100 мл Syngenta Сингента Швейцарія,Ялівець середній Олд Голд K C65 / H60-80,748,746,"ID постачальника збігся, але назви різні"
,plantsclub,33.7,7974,7974,Регулятор росту Віолон Зерива / Zeryva 1 л Україна,Туя складчата Віпкорд Штамб K19 G / L30-40 / Pa80-100,700,1445,"ID постачальника збігся, але різні об'єми або розміри"
,plantsclub,33.7,7756,7756,Добриво Ікар Інтенс Зерновий / Ikar Intense Grain 1 л Литва,Туя західна (ий) Литл Джаінт K17 G / H40-50,594,405,"ID постачальника збігся, але різні об'єми або розміри"
,plantsclub,33.7,7766,7766,Добриво Ікар Калісто (Калій) / Ikar Kalisto 1 л Литва,Туя західна (ий) Литл Джаінт PC21 C5 / H30-35 / L20-25,557,290,"ID постачальника збігся, але назви різні"
,plantsclub,33.7,3172,3172,Фунгіцид Белліс 100 г (розсип) Basf Басф Німеччина,Лілія східна гібридна Екстраваганза 12\14,398,50,"ID постачальника збігся, але назви різні"
,plantsclub,33.7,7020,7020,Добриво Мастер Master 20+20+20 1 кг Valagro Валагро Італія,Рододендрон гібридний Вілдженс Сурпрайс C15 / H40-50,375,865,"ID постачальника збігся, але назви різні"
,plantsclub,33.7,7845,7845,Стимулятор росту Біонорма Мікориза 800 г BioNorma Україна,Туя західна (ий) Смарагд K19 C45 / H120-140,370,508,"ID постачальника збігся, але назви різні"
,plantsclub,33.7,7358,7358,Добриво Плантатор 5+15+45 1 кг Кіссон Україна,Спірея японська Голден Прінцес PC21 C5 / H20-25,280,190,"ID постачальника збігся, але назви різні"
,plantsclub,33.7,2059,2059,Інсектицид Проклейм 5 SG 40 г Syngenta Сингента Швейцарія,Гібіскус сірійський Перпл Піллар ® C20 / H175-200,235,2760,"ID постачальника збігся, але назви різні"
,vodospad,33.6,40-211,40211,Граблі універсальні Целлфаст / Cellfast IPRO 168 см (40-211) Польща,"Свердла Bosch HSS-PointTeQ, 8,2x75x117 мм, 10 шт (2608577250)",965,745,"ID постачальника збігся, але різні об'єми або розміри"
,plantsclub,33.6,2155,2155,Інсектицид Сілкер КЕ 1 л Sumi Agro Сумі Агро Японія,Гортензія великолисткова Меджікал Колор Дрім ® 1gr PC20 C5 / H50-60,2198,720,"ID постачальника збігся, але назви різні"
,plantsclub,33.5,7017,7017,Добриво Мастер Master 13+40+13 25 кг Syngenta (Valagro) Італія,Рододендрон гібридний Тортуазшелл Оранж C15 / H40-50,5075,860,"ID постачальника збігся, але назви різні"
,plantsclub,33.4,3399,3399,Фунгіцид Беркут 5 л Нертус Угорщина,Магнолія гібридний(а) Ред ес Ред PC21 C5 / H70-80,,1159,"ID постачальника збігся, але назви різні"
,plantsclub,33.3,7072,7072,Біостимулятор МаксіКроп Крем Maxicrop Cream 10 л Valagro Валагро Італія,Акація псевдоакація Умбракуліфера Штамб C30 / o10-12 / Pa200,9011,2933,"ID постачальника збігся, але назви різні"
,plantsclub,33.3,7073,7073,Біостимулятор Максікроп Сет / Maxicrop Set 10 л Valagro Валагро Італія,Акація псевдоакація Умбракуліфера Штамб C35 / o10-12 / Pa180-200,6498,5796,"ID постачальника збігся, але назви різні"
,plantsclub,33.3,1179,1179,Гербіцид Раундап Пауер 10 кг Bayer / Байєр Німеччина,Кампсіс укорінливий Саммер Джаз Штамб C12 / o8-10 / Pa100,5998,1310,"ID постачальника збігся, але назви різні"
,plantsclub,33.3,3681,3681,Фунгіцид Ревіона КС 5 л Basf Басф Німеччина,Нарцис Дік Вілден 14\16,4775,15,"ID постачальника збігся, але назви різні"
,plantsclub,33.3,7056,7056,Добриво Феррілен Ferrilene 4.8 5 кг Valagro Валагро Італія,Смородина червона (-ий) Ровада BS G,4725,35,"ID постачальника збігся, але різні бренди"
,plantsclub,33.3,7584,7584,Регулятор росту Бурштинова кислота 25 кг Anhui Sunsing,"Тис ягідний (а) Топіар, Складна Фігура C150 / H200-225",3998,21650,"ID постачальника збігся, але назви різні"
,plantsclub,33.3,7101,7101,Регулятор росту Атонік Плюс 1 л UPL ЮПЛ,Троянда плетиста Плетистий Айсберг DP PC18 C2,3925,84,"ID постачальника збігся, але різні бренди"
,plantsclub,33.3,1277,1277,Гербіцид Агіл 5 л Adama Адама Ізраїль,Кедр гімалайський Пендула Woodenbox 400 / H200-225,3748,21528,"ID постачальника збігся, але різні бренди"
,plantsclub,33.3,7341,7341,Добриво Мерістем Meristem NPK 22-0-8+12CaO+Mix 25 кг Іспанія,Спірея японська Ентоні Ватерер PC21 C3 / H25-30,3457,151,"ID постачальника збігся, але назви різні"
,plantsclub,33.3,3230,3230,Фунгіцид Сакура 5 л SumiAgro Сумі Агро Японія,Ліквідамбар (Амброве дерево) смолоносний Шпалера C155 / o18-20 / Pa200,3328,22356,"ID постачальника збігся, але назви різні"
,plantsclub,33.3,3173,3173,Фунгіцид Таліус 1 л Corteva Кортева,Лілія східна гібридна Файєрболт 12\14,2975,50,"ID постачальника збігся, але назви різні"
,plantsclub,33.3,3213,3213,Фунгіцид Наутіл ВДГ 5 кг SumiAgro Сумі Агро Японія,Лілія ОТ-гібридна Сатісфекшн 12\14,2652,50,"ID постачальника збігся, але назви різні"
,plantsclub,33.3,2042,2042,Інсектицид Фостран 10 л Хімагромаркетинг Україна,Гібіскус сірійський Матильда PC20 C3 / H50-60,2250,176,"ID постачальника збігся, але назви різні"
,plantsclub,33.3,7004,7004,Добриво БРЕКСІЛ МАГНІЙ Brexil Mg 5 кг Valagro Валагро Ітілія,Рододендрон гібридний Нова Зембла C5 / H40-60,2175,540,"ID постачальника збігся, але назви різні"
,plantsclub,33.3,2317,2317,Інсектицид Біммер 5 л Нертус Угорщина,"Гортензія волотиста Меджикал Мунлайт ® PC20 C7,5 / H90-100",2055,366,"ID постачальника збігся, але назви різні"
,plantsclub,33.3,3675,3675,Фунгіцид Рекванс Флекс 430 WG ВРГ 500 г (розсип) Syngenta Сингента Швейцарія,Шовковиця червоний Фрутто Россо Штамб C30 / o8-10 / Pa200,1974,2080,"ID постачальника збігся, але назви різні"
,plantsclub,33.3,3373,3373,Біофунгіцид Біонорма Триходерма 20 кг BioNorma Україна,Магнолія гібридний(а) Гелексі Штамб C5 / Pa80,1670,1450,"ID постачальника збігся, але назви різні"
,plantsclub,33.3,7210,7210,Мікродобриво Оракул Мультикомплекс 5 л Долина Україна,"Троянда гібридний(а) Софі Лорен DP PC20 C7,5",1595,290,"ID постачальника збігся, але назви різні"
,plantsclub,33.3,3237,3237,Фунгіцид Скор 250 ЕС КЕ 250 мл (розлив) Syngenta Сингента Швейцарія,Ліквідамбар (Амброве дерево) смолоносний Воплесдон Шпалера+Штамб C65 / o10-12 / Pa180-200,1560,10764,"ID постачальника збігся, але назви різні"
,plantsclub,33.3,3437,3437,Фунгіцид Луна Експіріенс 250 мл (розлив) Bayer Німеччина,Магнолія Mix (в асортименті) C10 / H50-60,1498,1656,"ID постачальника збігся, але різні бренди"
,plantsclub,33.3,3107,3107,Фунгіцид Казумін 2Л РК 1 л Sumiagro Сумі Агро Японія,"Модрина японська Стів Віпер Штамб C7,5 / Pa150",1398,2070,"ID постачальника збігся, але назви різні"
,plantsclub,33.3,3319,3319,Фунгіцид Нордокс / Nordox 75 WG 1 кг Норвегія,Магнолія гола Єллоу Рівер C18,1298,1565,"ID постачальника збігся, але назви різні"
,plantsclub,33.3,2190,2190,Інсектицид Ветеран 1 л Нертус Угорщина,"Гортензія великолисткова Вайт Делайт PC20 C7,5",1123,504,"ID постачальника збігся, але назви різні"
,plantsclub,33.3,1015,1015,Гербіцид Тотал 5 л Хімагромаркетинг Україна,"Барбарис Тунберга Розетта PC18 C7,5 / L30-40",1075,300,"ID постачальника збігся, але назви різні"
,plantsclub,33.3,2350,2350,Інсектицид Scelta / Скельта 100 мл Agri Sciences Туреччина,Гортензія волотиста Пінк Даймонд PC21 C3 / H25-30,1048,288,"ID постачальника збігся, але назви різні"
,plantsclub,33.3,7352,7352,Добриво Плантатор 0+25+50 5 кг Кіссон Україна,Спірея японська Дартс Ред PC21 C3,1046,216,"ID постачальника збігся, але назви різні"
,plantsclub,33.3,5042,5042,Протруйник Сидгард Sydhard 1 л Хімагромаркетинг Україна,Сосна гнучка Ван дер Волфс Пірамід C180 / H160-180,848,19044,"ID постачальника збігся, але назви різні"
,plantsclub,33.3,2144,2144,Інсектицид Люкс Максі КС 1 л Ukravit Укравіт Україна,"Гортензія великолисткова Меджікал Анук ® 1gr PC C7,5",810,1000,"ID постачальника збігся, але різні бренди"
,plantsclub,33.3,7516,7516,Інокулянт РизоСтарт 1 кг Агро Цезар Україна,Тис ягідний (а) Довастоніана Штамб+Пальма C130 / Pa175-200,800,36432,"ID постачальника збігся, але назви різні"
,plantsclub,33.3,3119,3119,Фунгіцид Світч 100 г (розсип) Syngenta Сингента Швейцарія,Лаванда вузьколиста Мунстед PC14 P9 / H10-15,798,40,"ID постачальника збігся, але назви різні"
,plantsclub,33.3,9104,9104,Ад'ювант Адюмакс 500 мл Enzim Biotech Agro / Ензим Біотех Агро Україна,"Добриво Ekote Control 25-05-09+3MgO (6 місяців) Deltacote, 25 кг",698,3245,"ID постачальника збігся, але різні об'єми або розміри"
,plantsclub,33.3,7108,7108,Добриво Сульфат магнію Agrosol Max 25 кг Akfermag Туреччина,Троянда плетиста Перпешуалі Йорс DP PC18 C2,648,119,"ID постачальника збігся, але різні бренди"
,plantsclub,33.3,3167,3167,Фунгіцид Ацидан 1 кг Хімагромаркетинг Україна,Лілія ЛОО-гібридна Пінк Брілліант 12\14,598,50,"ID постачальника збігся, але назви різні"
,plantsclub,33.3,1052,1052,Гербіцид Гроза 500 г Нопосон,Береза плакуча (ий) Пурпуреа C45 / H200-250,598,4968,"ID постачальника збігся, але назви різні"
,plantsclub,33.3,3117,3117,Фунгіцид Фонтес 1 кг Нертус Угорщина,Лаванда вузьколиста Мунстед C2,557,81,"ID постачальника збігся, але назви різні"
,plantsclub,33.3,3041,3041,Фунгіцид Пенкоцеб ЗП 1 кг UPL / ЮПЛ,Ялівець середній Олд Голд PC16 C3,468,100,"ID постачальника збігся, але назви різні"
,plantsclub,33.3,2161,2161,Інсектицид Полкар 500 г PEST.UA Пест.Юей Україна,Гортензія великолисткова Меджікал Фарфалла ® 1gr PC20 C5 / H40-50,390,720,"ID постачальника збігся, але назви різні"
,plantsclub,33.3,1072,1072,Гербіцид Позитив Плюс 500 мл Хімагромаркетинг Україна,Береза звичайна Доренбос Мультиштамб C20 / Pa150-175,312,3146,"ID постачальника збігся, але назви різні"
,plantsclub,33.3,3315,3315,Фунгіцид Наутіл ВГ 200 г SumiAgro Сумі Агро Японія,Магнолія Дафні PC21 C5 / H60-80,248,1159,"ID постачальника збігся, але назви різні"
,plantsclub,33.3,2200,2200,Інсекто-акарицид Препарат 30 Д 900 мл Агропромніка Україна,Гортензія волотиста Кенделайт PC18 C10 / H60-80,170,653,"ID постачальника збігся, але назви різні"
,plantsclub,33.3,3193,3193,Фунгіцид Мілдікат 25 КС 1 л Sumi Agro Самміт Агро Японія,Лілія трубчаста гібридна Голден Сплендор 12\14,1,50,"ID постачальника збігся, але назви різні"
,plantsclub,33.2,7145,7145,Добриво Вуксал БІО Аскофол рН WUXAL Bio Ascofol рН 1 л Unifer Уніфер Німеччина,Троянда гібридний(а) Августа Луіза DP G,700,60,"ID постачальника збігся, але різні бренди"
,plantsclub,33.1,7616,7616,Добриво Келік Калій - Кремній (Kelik Potassium-Silicon) 250 мл Вітера Atlantica Agricola Іспанія,Тис середній Хіксіі Бонсай Woodenbox 700 / H160-180,326,17999,"ID постачальника збігся, але різні бренди"
,plantsclub,33,7174,7174,Добриво Нутрівант Плюс гарбузовий 6-16-31+2MgO+ME 25 кг Вітера ICL Ізраїль,Троянда гібридний(а) Фолієс SP G,10250,44,"ID постачальника збігся, але різні бренди"
,plantsclub,33,2098,2098,Інсектицид Сілкер КЕ 5 л Sumi Agro Сумі Агро Японія,Гортензія деревовидна Анабелль C10 / H40-60,9250,360,"ID постачальника збігся, але назви різні"
,plantsclub,33,8084,8084,Добриво Осмокот / Osmocote Standard 15-9-12 (8-9 М) 25 кг ICL Нідерланди,В'яз шорсткий Кампердаунії Штамб C40 / o10-12 / Pa180-200,9205,4637,"ID постачальника збігся, але назви різні"
,plantsclub,33,7168,7168,Біостимулянт Флорон (Florone) 5 л Вітера Atlantica Agricola Іспанія,"Троянда гібридний(а) Еліна DP PC20 C7,5",8705,290,"ID постачальника збігся, але різні бренди"
,plantsclub,33,3358,3358,Фунгіцид Банджо Форте 5 л Adama Адама Ізраїль,Магнолія гібридний(а) Блек Туліп Штамб PC21 C10 / Pa180,8398,3600,"ID постачальника збігся, але назви різні"
,plantsclub,33,2192,2192,Інсектицид Ампліго 150 ZC 1 л (розлив) Syngenta Сингента Швейцарія,Гортензія волотиста Бейбі Лейс C3 / H40-60,4398,305,"ID постачальника збігся, але назви різні"
,plantsclub,33,2013,2013,Інсектицид Разіт 5 л Alfa Smart Agro / Альфа Смарт Агро Україна,Гібіскус сірійський Дук де Брабант Штамб C5 / Pa80,3498,605,"ID постачальника збігся, але назви різні"
,plantsclub,33,2352,2352,Інсектицид Floramite / Флорамайт 250 мл Agri Sciences Туреччина,Гортензія волотиста Пінк Даймонд Штамб C10 / Pa100,2565,1134,"ID постачальника збігся, але назви різні"
,plantsclub,33,2045,2045,Інсектицид Мовенто 1 л Bayer Байєр Німеччина,Гібіскус сірійський Мультіколор Штамб C10 / Pa100,2425,1884,"ID постачальника збігся, але назви різні"
,plantsclub,33,3367,3367,Біофунгіцид Поліверсум / Polyversum 100 г Biopreparaty Чехія,Магнолія гібридний(а) Фламінго Штамб C20 / Pa130,2048,3600,"ID постачальника збігся, але назви різні"
,plantsclub,33,7506,7506,Добриво ЯраВіта Бортрак / YaraVita Bortrac 150 10 л Велика Британія,Тис ягідний (а) Куб 100*100*100 G+C500,1998,16465,"ID постачальника збігся, але різні об'єми або розміри"
,plantsclub,33,3194,3194,Фунгіцид Скала 1 л (розлив) Bayer Байєр Німеччина,Лілія трубчаста гібридна Пінк Перфекшн 12\14,1898,50,"ID постачальника збігся, але назви різні"
,plantsclub,33,9055,9055,Антиспінювач Ікар Перфект Фом / Ikar Perfect Foam 1 л Литва,Динамік Гриппл Gripple D4 для натяжіння тросів,1879,245,"ID постачальника збігся, але різні бренди"
,plantsclub,33,8123,8123,Інокулянт Ризофос Зерива / Zeryva 1 кг Україна,"Чорниця висока (Голубика, Лохина) Патріот PC20 C30 / H80-90",1800,1200,"ID постачальника збігся, але назви різні"
,plantsclub,33,2327,2327,Інсектицид Емакс Про / Emax Pro КЕ 1 л Імекс Агро Україна,Гортензія волотиста Меджікал Світ Саммер PC21 C3 / H20-30,1748,288,"ID постачальника збігся, але назви різні"
,plantsclub,33,2141,2141,Інсектицид Ранчо 1 л Хімагромаркетинг Україна,Гортензія великолисткова Меджікал Амазон ® 2gr PC20 C5,1148,720,"ID постачальника збігся, але назви різні"
,plantsclub,33,7273,7273,Добриво Yara Krista MgS Яра Криста MgS Сульфат магнію 25 кг Норвегія,Троянда перська Бебілон Айз Глоріус ® PC21 C5,1075,232,"ID постачальника збігся, але назви різні"
,plantsclub,33,2348,2348,Інсектицид Floramite / Флорамайт 100 мл Agri Sciences Туреччина,"Гортензія волотиста Пінк Даймонд PC20 C7,5 / H80-90",1048,420,"ID постачальника збігся, але назви різні"
,plantsclub,33,7309,7309,Добриво Кафом Калій / Kafom K 1 л Meristem Мерістем Іспанія,Верба цільнолиста Хакуро Нішікі Штамб GK / Pa100,1048,210,"ID постачальника збігся, але різні бренди"
,plantsclub,33,1.102,1102,Секатор з наковаленкою Льове / Lowe Original (1.102) Німеччина,"Самшит вічнозенений Куля PC19 C27,5 / H35-40 / L40",1045,1560,"ID постачальника збігся, але назви різні"
,plantsclub,33,9028,9028,Прилипач ПроЛіф ProLif 5 л Хімагромаркетинг Україна,"Дерев'яна ручка 1,5 м Штокер Stocker 2200",900,269,"ID постачальника збігся, але різні об'єми або розміри"
,plantsclub,33,1094,1094,Гербіцид Огородник 500 г Хімагромаркетинг Україна,Будлея Давіда Уайт Проф'южн PC14 C10 / H80-100,575,216,"ID постачальника збігся, але назви різні"
,plantsclub,33,5020,5020,Протруйник Магнум Дуо 500 мл Bingo Україна,Сосна густоквіткова Умбракуліфера K20 C80 / H100-120,525,3.6,"ID постачальника збігся, але назви різні"
,plantsclub,33,9001,9001,Прилипач Сільвет Голд ПАР 250 мл (розлив) Arysta Аріста,"Мармурова крихта Dias White Klviv, фр. 10-30мм, 10кг",498,211.8,"ID постачальника збігся, але різні об'єми або розміри"
,plantsclub,33,7854,7854,Стимулятор Біонорма Кімнатні рослини 800 г BioNorma Україна,Туя західна (ий) Смарагд K19 C65 / H100-120,436,435,"ID постачальника збігся, але назви різні"
,plantsclub,33,3122,3122,Фунгіцид Сігнум 100 г розсип Basf Басф Німеччина,Лаванда вузьколиста Платінум ніко K G / H30-40,398,414,"ID постачальника збігся, але назви різні"
,plantsclub,33,3139,3139,Фунгіцид Чарівник 200 г ProtectON / ПротектОн Україна,Лілія азіатська гібридна 'Танго' Кафе Нуар 12\14,200,50,"ID постачальника збігся, але назви різні"
,vodospad,32.9,40-252,40252,Лопата штикова Целлфаст / Cellfast Basic 112.5 см 1.85 кг (40-252) Польща,Пильне полотно Bosch Starlock BIM Dual-Tec 53x40 мм AYZ 53 BPB (2608664202),977,729,"ID постачальника збігся, але різні об'єми або розміри"
,plantsclub,32.9,7560,7560,Інокулянт Блу N 3 кг Corteva Кортева США,Тис ягідний (а) Шварцгрун Бонсай C230 / H150 / L120,8000,34776,"ID постачальника збігся, але назви різні"
,plantsclub,32.9,7459,7459,Добриво GroGreen NPK 17-10-32+TE 25 кг Lima Бельгія,Тис ягідний (а) Куля G+C270 / H120+,4905,17145,"ID постачальника збігся, але назви різні"
,plantsclub,32.9,8134,8134,Антистресант Ксерула Зерива / Zeryva 10 л Україна,"Калина червона Ескімо Штамб C7,5 / Pa120",4300,1588,"ID постачальника збігся, але назви різні"
,plantsclub,32.9,3375,3375,Фунгіцид Аккорд 5 л Нертус Угорщина,Магнолія гібридний(а) Джині ® C10 / H100-125,2225,3643,"ID постачальника збігся, але назви різні"
,plantsclub,32.9,7770,7770,Добриво Ікар Зінто (Цинк) / Ikar Zinto 1 л Литва,Туя західна (ий) Мірьям ® K19 C15 / H30-40,624,435,"ID постачальника збігся, але назви різні"
,plantsclub,32.9,7143,7143,Мікродобриво Оракул Насіння 1 л Долина Україна,Троянда гібридний(а) (Анжеліка DP PC20 C2,448,174,"ID постачальника збігся, але назви різні"
,plantsclub,32.9,7348,7348,Біопрепарат Iaros Ярос 1 л Україна,Спірея японська Дартс Ред PC19 C5 / H30-40,425,156,"ID постачальника збігся, але назви різні"
,plantsclub,32.9,2334,2334,Інсектицид ХітАтака 100 мл Спектр СадУкраїна,"Гортензія волотиста Мега Мінді C7,5",365,275,"ID постачальника збігся, але назви різні"
,plantsclub,32.9,4038,4038,Родентицид Мишливець 400 г ProtectON / ПротектОн Україна,Ялина двоколірна C4 / H30-40,275,960,"ID постачальника збігся, але назви різні"
,plantsclub,32.8,2115,2115,Акарицид Сінтак 1 л Alfa Smart Agro Альфа Смарт Агро Україна,Гортензія великолисткова Ендлесс Саммер Блум Стар Блау-Ліла C5 / H20-30,3248,720,"ID постачальника збігся, але назви різні"
,plantsclub,32.8,2090,2090,Інсектицид Міральд 5 л Дефенда / Defenda,Гіацинт Дельф Блю 15\16,2248,25,"ID постачальника збігся, але назви різні"
,plantsclub,32.8,2173,2173,Інсектицид Супер Бізон 1 л Alfa Smart Agro Альфа Смарт Агро Україна,Гортензія великолисткова Пінк Б'юті Штамб PC19 C10 / Pa100,676,1080,"ID постачальника збігся, але назви різні"
,plantsclub,32.8,1113,1113,Гербіцид Топметрин КС 1 л Нопосон,Самшит вічнозенений Конус C110 / H80,325,3600,"ID постачальника збігся, але назви різні"
,plantsclub,32.8,7354,7354,Добриво Плантатор 30+10+10 1 кг Кіссон Україна,"Спірея японська Голден Прінцес C1,5 / H20-25",236,90,"ID постачальника збігся, але назви різні"
,plantsclub,32.7,9046,9046,Регулятор кислотності (адювант) Технофіт pH+/ Tecnophyt pH+ 5 л AgriTecno Іспанія,"Держак для комбі-інструменту Штокер Комбі 0,8 м Stocker 2018",3798,400,"ID постачальника збігся, але різні об'єми або розміри"
,plantsclub,32.7,7510,7510,Добриво YaraTera Kristalon ЯраТера Кристалон 13-5-26 25 кг Нідерланди,Тис ягідний (а) Девід Extra C35 / H100-120,3648,5299,"ID постачальника збігся, але різні бренди"
,plantsclub,32.7,3257,3257,Фунгіцид Джерело 5 л Presence / Презенс,Ліріодендрон (Тюльпанове дерево) тюльпановий Глобозум Штамб C35 / Pa140,3475,6624,"ID постачальника збігся, але назви різні"
,plantsclub,32.7,7795,7795,Добриво Ікар Інтенс Олійний Універсал / Ikar Intense Oil 5 л Литва,Туя західна (ий) Смарагд Extra K C25 / H60-80,2142,508,"ID постачальника збігся, але різні бренди"
,plantsclub,32.7,8121,8121,Добриво Зерива Молібден + Кобальт / Zeryva Mo+Co 5 л Україна,"Чорниця висока (Голубика, Лохина) Патріот PC20 C25 / H90-100",1250,1656,"ID постачальника збігся, але назви різні"
,plantsclub,32.7,2203,2203,Інсектицид Конфідор 200 РК 500 мл Bayer Байєр Німеччина,Гортензія волотиста Кенделайт PC22 C5 / H70-80,1227,360,"ID постачальника збігся, але назви різні"
,plantsclub,32.7,2315,2315,Інсектицид Атрікс Максі 1 л Агрохімічні технології Україна,"Гортензія волотиста Меджикал Мунлайт ® PC19 C7,5",925,420,"ID постачальника збігся, але назви різні"
,plantsclub,32.7,7353,7353,Добриво Плантатор 30+10+10 5 кг Кіссон Україна,Спірея японська Фаєрлайт PC14 C3 / L20-30,821,90,"ID постачальника збігся, але назви різні"
,plantsclub,32.7,2302,2302,Інсектицид Матч 250 мл (розлив) Syngenta Сингента Швейцарія,Гортензія волотиста Меджікал Маттерхорн PC21 C3 / H20-25,598,240,"ID постачальника збігся, але назви різні"
,plantsclub,32.7,2330,2330,Грунтовий інсектицид Нематоцид 1 кг Імекс Агро Україна,Гортензія волотиста Меджікел Везувіо PC18 C5,575,420,"ID постачальника збігся, але назви різні"
,plantsclub,32.7,7983,7983,Добриво Леда Гель Старт / Leda Gel Start 10-40-20+ТЕ 500 мл Велика Британія,Липа американська (чорна) K G / o18-20 / Pa175,394,6000,"ID постачальника збігся, але назви різні"
,plantsclub,32.7,2138,2138,Інсектицид Октант ВРГ 500 г Defenda Китай,Гортензія великолисткова Меджікал Аллегретто ® 1gr PC22 C10,325,720,"ID постачальника збігся, але назви різні"
,plantsclub,32.6,8152,8152,Укорінювач НеоКор / NeoCore 20 л Neova Фінляндія,Виноград культурний Тімур (столовий) NN GK,8394,60,"ID постачальника збігся, але різні бренди"
,plantsclub,32.6,3023,3023,Фунгіцид Луна Сенсейшн 1 л Bayer Байєр Німеччина,Ялівець середній Мордіган Голд PC12 C5 / H20-30,7648,170,"ID постачальника збігся, але назви різні"
,plantsclub,32.6,7178,7178,Добриво Нутрівант Дріп 11-8-35+3CaO 25 кг ICL Ізраїль,Троянда гібридний(а) Глорія Дей SP G,3975,44,"ID постачальника збігся, але різні бренди"
,plantsclub,32.6,1050,1050,Гербіцид Грінфорт ІГ 480 20 л Green Fort,Береза плакуча (ий) Мультиштамб K20 C290 / H300-400 / o20-25,2998,9936,"ID постачальника збігся, але назви різні"
,plantsclub,32.6,3207,3207,Біофунгіцид Бесткур РК 1 л SumiAgro Сумі Агро Японія,Лілія ОТ-гібридна Пурпл Леді 12\14,2288,50,"ID постачальника збігся, але назви різні"
,plantsclub,32.6,9002,9002,Прилипач Сільвет Голд ПАР 1 л Arysta Аріста,"Мармурова крихта Dias White Klviv, фр. 5-10мм, 10кг",1998,223.9,"ID постачальника збігся, але різні об'єми або розміри"
,plantsclub,32.6,1231,1231,Гербіцид Майтус 500 г Нертус Угорщина,Катальпа бігнонієвидна Нана Штамб C18 / o10-12 / Pa200,1800,2050,"ID постачальника збігся, але назви різні"
,plantsclub,32.6,3371,3371,Біостимулятор Некі / Nequi 1 л Bioera Іспанія,Магнолія гібридний(а) Гелексі C180 / H100-150 / L200-250,1664,22356,"ID постачальника збігся, але назви різні"
,plantsclub,32.6,2145,2145,Інсектицид Дихлор БТ 5 л Океан Інвест,Гортензія великолисткова Меджікал Блю Беллс ® 2gr PC21 C5,1600,660,"ID постачальника збігся, але назви різні"
,plantsclub,32.6,1180,1180,Десикант Дикват 10 л Хімагромаркетинг Україна,Кампсіс укорінливий Трампет Вайн C12 / o8-10 / Pa100,1475,970,"ID постачальника збігся, але назви різні"
,plantsclub,32.6,3238,3238,Фунгіцид Циделі Топ 140 DC КД 500 мл (розлив) Syngenta Сингента Швейцарія,Ліквідамбар (Амброве дерево) смолоносний Воплесдон Штамб C15 / Pa150,1298,2484,"ID постачальника збігся, але назви різні"
,plantsclub,32.6,9039,9039,Регулятор кислотності (рН-коректор) Extra Aqua Soft / Екстра Аква Софт 1 л Легіон Україна,Держак Bellota М1-1200 SB.B для мотик (1200 мм),598,313,"ID постачальника збігся, але різні об'єми або розміри"
,plantsclub,32.6,7919,7919,Добриво Ікар Елайз (Сірка) / Ikar Elais 0.5 л Литва,Туя західна (ий) Смарагд Спіраль C60 / H150,357,3623,"ID постачальника збігся, але назви різні"
,plantsclub,32.6,8066,8066,Добриво Молібор / Molibor 500 г Meristem Мерістем Іспанія,Тюльпан бахромастий Блек Джевел 11\12,,10,"ID постачальника збігся, але назви різні"
,plantsclub,32.5,3116,3116,Фунгіцид Фалькон 5 л Bayer Байєр Німеччина,Лаванда вузьколиста Хідкот Блю PC17 C2,6548,131,"ID постачальника збігся, але назви різні"
,plantsclub,32.5,5025,5025,Протруйник Максим XL 035 FS 1 л (розлив) Syngenta Сингента Швейцарія,Сосна густоквіткова Умбракуліфера PC21 C180 / H80-100 / L80-100,1872,7452,"ID постачальника збігся, але назви різні"
,plantsclub,32.5,7719,7719,Біоукорінювач Кеміра 1 л Organic Planet Україна,Туя західна (ий) Ерікоідес G / H80-100,798,420,"ID постачальника збігся, але назви різні"
,plantsclub,32.5,7581,7581,Біодеструктор Комплезім К 1 кг Enzim Biotech Agro / Ензим Біотех Агро Україна,"Тис ягідний (а) Топіар, Складна Фігура C130 / H200-250",525,57960,"ID постачальника збігся, але назви різні"
,plantsclub,32.5,7840,7840,Інокулянт Біонорма Азот 1 л BioNorma Україна,Туя західна (ий) Смарагд K19 C35 / H60-80,,300,"ID постачальника збігся, але назви різні"
,plantsclub,32.4,7201,7201,Регулятор росту антистресант Гуміфілд ВР-18 20 л Humin Tech Німеччина,Троянда гібридний(а) Пінк Інтуішн SP G,9398,44,"ID постачальника збігся, але різні бренди"
,plantsclub,32.4,5048,5048,Протруйник Канонір Ультра 5 л Агрохімічні Технології Україна,"Сосна гнучка Ван дер Волфс Пірамід C7,5 / H60-80",4998,1230,"ID постачальника збігся, але назви різні"
,plantsclub,32.4,3220,3220,Фунгіцид Тілт Турбо 575 ЕС КЕ 5 л Syngenta Сінгента Швейцарія,Ліквідамбар (Амброве дерево) смолоносний C35 / H175-200,3998,1906,"ID постачальника збігся, але назви різні"
,plantsclub,32.4,2212,2212,Інсектицид Святогор 5 л Presence / Презенс,Гортензія волотиста Грандіфлора C5,1825,302,"ID постачальника збігся, але назви різні"
,plantsclub,32.4,9006,9006,Ад'ювант Адюмакс 1 л Enzim Biotech Agro / Ензим Біотех Агро Україна,"Декоративний паркан Eko-Palisada 17 см, 1 м (сірий)",1348,220,"ID постачальника збігся, але різні об'єми або розміри"
,plantsclub,32.4,3168,3168,Фунгіцид Рінкоцеб 1 кг Нертус Угорщина,Лілія ЛОО-гібридна Полар 16\18,572,50,"ID постачальника збігся, але назви різні"
,plantsclub,32.4,5047,5047,Протруйник Максим 025 FS 100 мл Syngenta Сингента Швейцарія,Сосна гнучка Ван дер Волфс Пірамід C45 / H100-120,200,4.8,"ID постачальника збігся, але назви різні"
,plantsclub,32.3,2282,2282,Інсектицид Спірос 5 л Green Express / Грін Експрес,"Гортензія волотиста Межджікал Кендл PC22 C7,5",9998,420,"ID постачальника збігся, але назви різні"
,plantsclub,32.3,2344,2344,Інсектицид Scelta / Скельта 1 л Agri Sciences Туреччина,Гортензія волотиста Фантом PC21 C3 / H25-30,8748,240,"ID постачальника збігся, але назви різні"
,plantsclub,32.3,1077,1077,Гербіцид Дуал Голд 960 EC КЕ 5 л Syngenta Сингента Швейцарія,Будлея Давіда Адоніс Блю PC14 C10,3375,205,"ID постачальника збігся, але назви різні"
,plantsclub,32.3,7461,7461,Добриво GroGreen NPK 3-10-40+TE 10 кг Lima Бельгія,Тис ягідний (а) Куля на Штамбі C140 / L60-80 / Pa200,2085,16800,"ID постачальника збігся, але назви різні"
,plantsclub,32.3,7276,7276,Регулятор росту Регаліс Плюс 250 г (розсип) Basf Басф Німеччина,Троянда перська Лукінг фор Лав ® PC21 C3,1250,232,"ID постачальника збігся, але назви різні"
,plantsclub,32.3,7648,7648,Регулятор росту Авангард Гроу Аміно 5 л Ukravit Україна,"Туя (Платікладус) східна Ауреа Нана C7,5 / H40-50",1098,1085,"ID постачальника збігся, але назви різні"
,plantsclub,32.3,3349,3349,Фунгіцид Арія 1 л Зерива / Zeryva Україна,Магнолія Хані Туліп C20,900,4140,"ID постачальника збігся, але назви різні"
,plantsclub,32.3,5021,5021,Протруйник Бімакс Bimax 1 л Хімагромаркетинг Україна,Сосна густоквіткова Умбракуліфера K20 G / H100-120,765,2400,"ID постачальника збігся, але різні об'єми або розміри"
,plantsclub,32.3,3239,3239,Фунгіцид Діналі 90 DC КД 250 мл (розлив) Syngenta Сингента Швейцарія,Ліквідамбар (Амброве дерево) смолоносний Воплесдон Штамб C35 / Pa150,624,6000,"ID постачальника збігся, але назви різні"
,plantsclub,32.3,7081,7081,Біостимулятор Віва Viva 1 л Syngenta (Valagro) Італія,Троянда плетиста Бентрі Бей Штамб GK / Pa100,565,420,"ID постачальника збігся, але різні бренди"
,plantsclub,32.3,7582,7582,Біодеструктор Комплезім К 500 г Enzim Biotech Agro / Ензим Біотех Агро Україна,"Тис ягідний (а) Топіар, Складна Фігура C130 / H225-250",275,41400,"ID постачальника збігся, але назви різні"
,plantsclub,32.3,3203,3203,Фунгіцид Пенкоцеб ЗП 200 г SumiAgro Самміт Агро Японія,Лілія ОТ-гібридна Лейксайд Білавд 12\14,156,50,"ID постачальника збігся, але назви різні"
,plantsclub,32.3,2168,2168,Інсектицид Логус 1 л Alfa Smart Agro Альфа Смарт Агро Україна,"Гортензія великолисткова Меджікал Пінк Рубі ® 1gr PC22 C7,5 / H25-30",,840,"ID постачальника збігся, але назви різні"
,plantsclub,32.2,3270,3270,Фунгіцид Дезарал Екстра 20 л Ukravit Укравіт Україна,Жимолость камчатська (голуба) Дует C2,7300,145,"ID постачальника збігся, але назви різні"
,plantsclub,32.2,1001,1001,Гербіцид Раундап Макс 20 л Monsanto Монсанто Бельгія,Барбарис Тунберга Роуз Глоу PC13 C3,6998,120,"ID постачальника збігся, але назви різні"
,plantsclub,32.2,7455,7455,Добриво GroGreen NPK 14-6-28+6СаО+TE 25 кг Lima Бельгія,Тис ягідний (а) Куля Extra C45 / H40-45,5224,4155,"ID постачальника збігся, але різні бренди"
,plantsclub,32.2,1029,1029,Десикант Макс 20 л Ukravit Укравіт Україна,Барбарис Тунберга Саммер Сансет ® PC22 C5 / H30-35,4898,290,"ID постачальника збігся, але назви різні"
,plantsclub,32.2,5033,5033,Протруйник Ультрасил Дуо 5 л Ukravit Укравіт Україна,Сосна гнучка Пігмея Extra C25 / H60-70,3536,3809,"ID постачальника збігся, але різні бренди"
,plantsclub,32.2,7751,7751,Добриво Текнокель Аміно Залізо / Tecnokel Amino Fe 5 л AgriTecno Іспанія,Туя західна (ий) Литл Чемпіон PC21 C12 / H45-50 / L30-35,1875,480,"ID постачальника збігся, але назви різні"
,plantsclub,32.2,2189,2189,Інсектицид Актоцид 5 л Кіссон Україна,Гортензія великолисткова Вайт Делайт PC20 C5 / H35-40,1872,504,"ID постачальника збігся, але назви різні"
,plantsclub,32.2,5019,5019,Протруйник Магнум Дуо 1 л Bingo Україна,Сосна густоквіткова Умбракуліфера K20 C65 / H80-100,998,4637,"ID постачальника збігся, але назви різні"
,plantsclub,32.2,7762,7762,Добриво Ікар Корал (Кальцій) / Ikar Koral 1 л Литва,Туя західна (ий) Литл Джаінт PC19 C5 / H25-30,475,384,"ID постачальника збігся, але назви різні"
,plantsclub,32.2,7083,7083,Мікродобриво Бороплюс Boroplus 1 л Syngenta (Valagro) Італія,Троянда плетиста Блю Мун DP G,475,60,"ID постачальника збігся, але різні бренди"
,plantsclub,32.2,3302,3302,Фунгіцид Віоліс 500 мл Ukravit Укравіт Україна,Жимолость приморська (плетиста) Серотіна C5,298,415,"ID постачальника збігся, але назви різні"
,plantsclub,32.1,7322,7322,Добриво Кафом Магній / Kafom Mg 20 л Meristem Мерістем Іспанія,Горобина тюрингська Фастігіата Woodenbox 700 / H200-225,15475,7590,"ID постачальника збігся, але різні бренди"
,plantsclub,32.1,7646,7646,Укорінювач Ризапон AA 0.2% Tablets 200 шт Rhizopon B.V. Нідерланди,Туя (Платікладус) східна Ауреа Нана C2 / H25-30,9538,185,"ID постачальника збігся, але назви різні"
,plantsclub,32.1,2052,2052,Інсектицид Белт 1 л Байєр Bayer Німеччина,Гібіскус сірійський Пінк Джаінт C4 / H40-60,6498,195,"ID постачальника збігся, але назви різні"
,plantsclub,32.1,7074,7074,Регулятор кислотності Control DMP Контроль ДМП 10 л Valagro Валагро Італія,Акація псевдоакація Умбракуліфера Штамб C35 / o8-10 / Pa180-200,6198,4140,"ID постачальника збігся, але назви різні"
,plantsclub,32.1,2087,2087,Інсектицид акарицид Вертимек 1 л Syngenta Сингента Швейцарія,Гіацинт Бродвей 15\16,3650,25,"ID постачальника збігся, але назви різні"
,plantsclub,32.1,3250,3250,Фунгіцид Болівар Форте 5 л Alfa Smart Agro Альфа Смарт Агро Україна,Ліріодендрон (Тюльпанове дерево) тюльпановий Фастігіатум G / H400-450 / o16-20,3998,7220,"ID постачальника збігся, але назви різні"
,plantsclub,32.1,7097,7097,Добриво Розасоль 18:18:18+МЕ 25 кг Rosier S A Бельгія,Троянда плетиста Голд Б'юті SP G,3998,44,"ID постачальника збігся, але різні бренди"
,plantsclub,32.1,8115,8115,Регулятор росту Ферті Ліф / Ferti Leaf 5 л Кіссон Україна,"Чорниця висока (Голубика, Лохина) Mix (в асортименті) C2 / H30-40",3137,240,"ID постачальника збігся, але різні бренди"
,plantsclub,32.1,2158,2158,Акарицид Піризокс 1 кг Агрохімічні технології Україна,Гортензія великолисткова Меджікал Крімсон ® 1gr PC20 C5 / H50-60,2148,720,"ID постачальника збігся, але назви різні"
,plantsclub,32.1,5.104,5104,Секатор із наковаленкою Льове / Lowe Original (5.104) Німеччина,Сосна білокора (Гельдрейха) Компакт Джем PC12 C15 / H30-50,1900,720,"ID постачальника збігся, але назви різні"
,plantsclub,32.1,3164,3164,Фунгіцид Джек Пот КЕ 1 л Ukravit Укравіт Україна,Лілія ЛА-гібридна Треббіано 12\14,1348,50,"ID постачальника збігся, але назви різні"
,plantsclub,32.1,7230,7230,Добриво Хелатин Зернобобові 10 л Кіссон Україна,Троянда Кордеса Сувенір де Баден Баден DP G,1334,60,"ID постачальника збігся, але назви різні"
,plantsclub,32.1,3183,3183,Фунгіцид Луна Кер 1 кг Bayer Байер Німеччина,Лілія тигрова Ауратум Голд Бенд 12\14,1274,50,"ID постачальника збігся, але назви різні"
,plantsclub,32.1,1266,1266,Гербіцид Сабер 250 г Нертус Угорщина,Кедр гімалайський Філін Блю C30 / L100-125 / Pa100,1126,3465,"ID постачальника збігся, але назви різні"
,plantsclub,32.1,7675,7675,Добриво Ікар Бор-Молібден / Ikar B + Mo (NB 7-17+0.7Mo) 1 л Литва,Туя західна (ий) Брабант K14 G / H120-140,527,262,"ID постачальника збігся, але різні об'єми або розміри"
,plantsclub,32.1,7016,7016,Добриво Мастер Master 13+40+13 1 кг Valagro Валагро Італія,Рододендрон гібридний Таурус C5 / H30-40,398,540,"ID постачальника збігся, але назви різні"
,plantsclub,32,7517,7517,Регулятор росту Моддус 250 EC КЕ 5 л Syngenta Сингента Швейцарія,"Тис ягідний (а) Довастоніана Топіар, Складна Фігура C130 / H200-225",9998,33120,"ID постачальника збігся, але назви різні"
,plantsclub,32,7446,7446,Добриво GroGreen NPK 10-52-10+TE 25 кг Lima Бельгія,Тис ягідний (а) Куля C15 / L50,5605,1320,"ID постачальника збігся, але назви різні"
,plantsclub,32,8114,8114,Регулятор росту Ферті Рут / Ferti Root 5 л Кіссон Україна,"Чорниця висока (Голубика, Лохина) Херма C5 / H50-60",4190,630,"ID постачальника збігся, але назви різні"
,plantsclub,32,2185,2185,Інсектицид Венон 5 л Ukravit Україна,Гортензія великолисткова Ваніль Скай C2,3354,215,"ID постачальника збігся, але назви різні"
,plantsclub,32,7192,7192,Добриво Мікрокат Зерновий Старт (Microcat Cereal Start) 5 л Вітера Atlantica Agricola Іспанія,Троянда гібридний(а) Луксор PC20 C2,2822,174,"ID постачальника збігся, але назви різні"
,plantsclub,32,1084,1084,Гербіцид Оберіг 5 л Presence / Презенс,Будлея Давіда Нанхо Перпл PC15 C2 / H30-40,1975,60,"ID постачальника збігся, але назви різні"
,plantsclub,32,7695,7695,Добриво Хелатин Магній 10 л Кіссон Україна,Туя західна (ий) Даніка K17 G / H35-40,1261,405,"ID постачальника збігся, але різні об'єми або розміри"
,plantsclub,32,2125,2125,Біоинсектицид Актоверм 0.2 % КЕ 1 л БТУ Центр Україна,Гортензія великолисткова Форевер & Евер Блю ® PC19 C5,498,600,"ID постачальника збігся, але назви різні"
,plantsclub,31.9,7066,7066,Біостимулятор Віва Viva 20 л Valagro Валагро Італія,Акація псевдоакація Умбракуліфера C30 / o10-12,9825,5760,"ID постачальника збігся, але назви різні"
,plantsclub,31.9,7059,7059,Стимулятор росту Активейв Actiwave 10 л Valagro Валагро Італія,Смородина червона (-ий) Вердавіа Штамб C3 / H125-150 / Pa80,7325,525,"ID постачальника збігся, але назви різні"
,plantsclub,31.9,3215,3215,Фунгіцид Альфа-Мідь ЗП 10 кг Alfa Smart Agro Альфа Смарт Агро Україна,Ліквідамбар (Амброве дерево) смолоносний C15 / H175-200,5200,1159,"ID постачальника збігся, але назви різні"
,plantsclub,31.9,7460,7460,Добриво GroGreen NPK 11-9-34+3MgO+TE 25 кг Lima Бельгія,Тис ягідний (а) Куля на Штамбі C130 / H200-250,4895,23996,"ID постачальника збігся, але назви різні"
,plantsclub,31.9,3412,3412,Фунгіцид Метакарб КС 5 л Хімагромаркетинг Україна,Магнолія гібридний(а) Єллоу Джой PC21 C5 / H80-90,2998,1159,"ID постачальника збігся, але назви різні"
,plantsclub,31.9,7054,7054,Біостимулятор Світ Sweet 1 л Valagro Валагро Італія,Смородина біла Алмаз Штамб K17 G / L40-60 / Pa60,1585,305,"ID постачальника збігся, але різні об'єми або розміри"
,plantsclub,31.9,7710,7710,Біостимулятор-Антистресант Аміно Ксеріон 1 кг Adama Адама Ізраїль,Туя західна (ий) Даніка PC18 C3,1498,215,"ID постачальника збігся, але назви різні"
,plantsclub,31.9,3264,3264,Фунгіцид Джек Пот КЕ 1 л (розлив) Ukravit Укравіт Україна,Ліріодендрон (Тюльпанове дерево) тюльпановий Штамб C50 / Pa220,1274,12000,"ID постачальника збігся, але назви різні"
,plantsclub,31.9,1171,1171,Гербіцид Султан 1 л Adama Адама Ізраїль,Кампсіс укорінливий Флоріда C5,1175,288,"ID постачальника збігся, але назви різні"
,plantsclub,31.9,7347,7347,Добриво Нітрат Кальцію Дуканіт / Ducanit 25 кг Duslo Словаччина,Спірея японська Дартс Ред PC18 C5,1148,155,"ID постачальника збігся, але назви різні"
,plantsclub,31.9,1022,1022,Гербіцид Антисапа 1 кг Ukravit Укравіт Україна,Барбарис Тунберга Спешл Голд PC21 C3 / H15-20 / L20-25,1048,216,"ID постачальника збігся, але назви різні"
,plantsclub,31.9,2079,2079,Інсектицид Канонір 500 г Агрохімічні Технології Україна,Гібіскус сірійський Уайт Шифон ® C4 / H40-60,899,240,"ID постачальника збігся, але назви різні"
,plantsclub,31.9,3138,3138,Фунгіцид Чарівник 1 кг ПротектОН Україна,Бірючина звичайна K16 G / H60-80,798,100,"ID постачальника збігся, але різні об'єми або розміри"
,plantsclub,31.9,7251,7251,Інокулянт Ризовіт - АКС 2 кг Промислова мікробіологія Казахстан,Троянда мініатюрна Скарлет Мейландекор PC21 C5 / H30-40,700,190,"ID постачальника збігся, але назви різні"
,plantsclub,31.9,3075,3075,Фунгіцид Енергодар 500 мл Аптека Садівника Україна,Келерія валійська Монтеін Бріз PC15 C1 / H10-15,548,55,"ID постачальника збігся, але назви різні"
,plantsclub,31.9,2205,2205,Біоінсектицид Антаут 500 г Enzim Biotech Agro / Ензим Біотех Агро Україна,Гортензія волотиста Діамант Руж (Рендіа) C10,465,366,"ID постачальника збігся, але назви різні"
,plantsclub,31.9,7147,7147,Добриво Вуксал Аміноплант рН Wyxal Aminoplant рН 1 л Unifer Уніфер Німеччина,Троянда гібридний(а) Авеланш SP G,450,44,"ID постачальника збігся, але різні бренди"
,plantsclub,31.9,2191,2191,Біоінсектицид Актофіт КЕ 900 мл Біоветфарм Україна,Гортензія великолисткова Вайт Делайт PC21 C3,425,300,"ID постачальника збігся, але назви різні"
,plantsclub,31.9,3144,3144,Біофунгіцид Ізокур 1 л Агро-Захист Україна,Лілія азіатська махрова гібридна Аннамарі Дрім 12\14,400,50,"ID постачальника збігся, але назви різні"
,plantsclub,31.9,9007,9007,Ад'ювант Адюмакс 250 мл (розлив) Enzim Biotech Agro / Ензим Біотех Україна,"Декоративний паркан Eko-Palisada 17 см, 1 м (теракота)",364,220,"ID постачальника збігся, але різні об'єми або розміри"
,plantsclub,31.9,7914,7914,Добриво Леда Кальцієва селітра / Leda Calanit NPK: 15.5-0-0 + 26.5CaO 1 кг Бельгія,Туя західна (ий) Смарагд Спіраль C / H150,75,2770,"ID постачальника збігся, але назви різні"
,vodospad,31.8,40-215,40215,Лопата штикова Целфаст / Cellfast Ideal Pro 129 см 1.9 кг (40-215) Польща,Набір свердел Bosch HSS PointTeQ 7 шт Mini X-Line D2-10 (2608577347),895,458,"ID постачальника збігся, але різні об'єми або розміри"
,plantsclub,31.8,7566,7566,Рідке добриво Мерістем Купрітем / Meristem Cupritem 20 л Іспанія,Тис ягідний (а) Семперауреа Бонсай C250 / H150-175,20348,45601,"ID постачальника збігся, але назви різні"
,plantsclub,31.8,7065,7065,Біостимулятор Світ Sweet 10 л Valagro Валагро Італія,Акація псевдоакація Умбракуліфера C180 / o12-14-16 / Pa200-220,15025,6624,"ID постачальника збігся, але назви різні"
,plantsclub,31.8,7087,7087,Регулятор росту AgriFlex Amino Агріфлекс Аміно 20 кг CityMax,Троянда плетиста Казіно DP G,7998,60,"ID постачальника збігся, але різні бренди"
,plantsclub,31.8,3226,3226,Фунгіцид Артемікс КС 10 л SumiAgro Сумі Агро Японія,Ліквідамбар (Амброве дерево) смолоносний Гумболл C20 / H60-80,5998,2981,"ID постачальника збігся, але назви різні"
,plantsclub,31.8,7214,7214,Стимулятор росту Ізабіон 5 л Syngenta Сингента Швейцарія,Троянда гібридний(а) Світнес SP G,4627,44,"ID постачальника збігся, але різні бренди"
,plantsclub,31.8,1279,1279,Десикант Дикват 20 л Хімагромаркетинг Україна,Кедр гімалайський Прострата Штамб C20 / Pa100,2775,5796,"ID постачальника збігся, але назви різні"
,plantsclub,31.8,7779,7779,Добриво Ікар Калісто (Калій) / Ikar Kalisto 5 л Литва,Туя західна (ий) Мірьям ® PC20 C5 / H25 / L20-25,2418,290,"ID постачальника збігся, але назви різні"
,plantsclub,31.8,7274,7274,Добриво YaraMila Complex ЯраМіла Комплекс 12-11-18 25 кг Норвегія,Троянда перська Бебілон Айз Глоріус ® PC22 C10,2148,348,"ID постачальника збігся, але назви різні"
,plantsclub,31.8,3218,3218,Фунгіцид Бампер 1 л Adama Адама Ізраїль,Ліквідамбар (Амброве дерево) смолоносний C150 / o18-20,815,11665,"ID постачальника збігся, але назви різні"
,plantsclub,31.8,7647,7647,Добриво Авангард Овочеві 5 л Ukravit Україна,Туя (Платікладус) східна Ауреа Нана C50 / H80-100,775,5378,"ID постачальника збігся, але назви різні"
,plantsclub,31.8,3243,3243,Фунгіцид Фрегат 500 мл Хімагромаркетинг Україна,Ліріодендрон (Тюльпанове дерево) тюльпановий C35 / H350-400 / o12-14,650,10800,"ID постачальника збігся, але назви різні"
,plantsclub,31.8,7810,7810,Біостимулятор Альгефіт / Alghefit 100 г Bioera Іспанія,Туя західна (ий) Смарагд K C65 / H140-160,443,580,"ID постачальника збігся, але назви різні"
,plantsclub,31.8,8139,8139,Добриво Nova PeKacid Пекацид 0-60-20 1 кг (розсип) ICL Ізраїль,Виноград Бонсай PC19 C60 / H50-60,298,6293,"ID постачальника збігся, але назви різні"
,plantsclub,31.8,7609,7609,Добриво GroGreen Гель Меджик 200 г Lima Бельгія,Тис середній Хіксіі Бонсай C230 / H200 / L100,260,41400,"ID постачальника збігся, але назви різні"
,plantsclub,31.8,7585,7585,Регулятор росту Бурштинова кислота 1 кг (розсип) Anhui Sunsing,"Тис ягідний (а) Топіар, Складна Фігура C80 / H180-200",200,10138,"ID постачальника збігся, але назви різні"
,plantsclub,31.7,7293,7293,Добриво Вігортем-С / Vigortem-S 20 кг Meristem Мерістем Іспанія,Троянда Штамб Mix (в асортименті) C12 / Pa100,28155,653,"ID постачальника збігся, але різні бренди"
,plantsclub,31.7,1095,1095,Гербіцид Пендіган 10 л Adama Адама Ізраїль,Будлея Давіда Уайт Проф'южн PC14 C3 / H40-60,5798,90,"ID постачальника збігся, але назви різні"
,plantsclub,31.7,5032,5032,Протруйник Каріоліс 5 л Ukravit Укравіт Україна,Сосна гнучка Пігмея Extra C12 / H50-60,4748,2160,"ID постачальника збігся, але різні бренди"
,plantsclub,31.7,9056,9056,Технічна хімія Ортофосфорна кислота 85% (H₃PO₄) 20 л Сербія,Динамік Гриппл Gripple D6 для натяжіння тросів,3500,276,"ID постачальника збігся, але різні бренди"
,plantsclub,31.7,3191,3191,Фунгіцид Ридоміл Голд R 162 WG ВДГ 5 кг Syngenta Сингента Швейцарія,Лілія тигрова Світ Саррендер 12\14,2900,50,"ID постачальника збігся, але назви різні"
,plantsclub,31.7,7167,7167,Біостимулянт Флорон (Florone) 1 л Вітера Atlantica Agricola Іспанія,Троянда гібридний(а) Еліна DP PC20 C2,1880,174,"ID постачальника збігся, але різні бренди"
,plantsclub,31.7,2176,2176,Інсектицид Фараон 5 л Хімагромаркетинг Україна,Гортензія великолисткова Ред Б'юті C4,1848,315,"ID постачальника збігся, але назви різні"
,plantsclub,31.7,5034,5034,Протруйник Тіабен Т / Tiaben T 1 л Хімагромаркетинг Україна,Сосна гнучка Ван дер Волфс Пірамід C10 / H40-60,1375,1310,"ID постачальника збігся, але назви різні"
,plantsclub,31.7,2123,2123,Грунтовий інсектицид Бізар 1 л Агро-Захист Україна,Гортензія великолисткова Ендлесс Саммер Зе Брайд ® C5,975,840,"ID постачальника збігся, але назви різні"
,plantsclub,31.7,3434,3434,Фунгіцид Оріус 250 1 л (розлив) Adama Адама Ізраїль,Магнолія Лебнера Вайлдкет Soliter Woodenbox 300 / H250+,800,17158,"ID постачальника збігся, але різні бренди"
,plantsclub,31.7,3115,3115,Фунгіцид Фолікур 1 л (розлив) Bayer Байєр Німеччина,Лаванда вузьколиста Хідкот Блю C1,700,137,"ID постачальника збігся, але назви різні"
,plantsclub,31.7,2010,2010,Інсектицид Оперкот Акро 1 л Хімагромаркетинг Україна,Гібіскус сірійський Дук де Брабант PC22 C5 / H80-100,698,265,"ID постачальника збігся, але назви різні"
,plantsclub,31.7,4014,4014,Фумігант Селфос 1 кг Ukravit Укравіт Україна,Ялина звичайна Віллс Цверг K14 G / H60-80,572,922,"ID постачальника збігся, але різні об'єми або розміри"
,plantsclub,31.7,2117,2117,Інсектицид Прованто Майт 60 мл Bayer Байер Німеччина,Гортензія великолисткова Ендлесс Саммер Блум Стар Пінк Роуз C5 / H20-30,548,720,"ID постачальника збігся, але назви різні"
,plantsclub,31.7,7231,7231,Добриво Альгум Плюс Alhum Plus 1 л SmartGrow Україна,Троянда Кордеса Сувенір де Баден Баден DP PC19 C5 / H20-30,539,183,"ID постачальника збігся, але різні бренди"
,plantsclub,31.7,2199,2199,Інсекто-акарицид Препарат 30 В 900 мл Агропромніка Україна,Гортензія волотиста Кенделайт PC15 C5 / H60-80,175,195,"ID постачальника збігся, але назви різні"
,plantsclub,31.6,2306,2306,Інсектицид Спатаро КС 5 л Globagem N.V. Бельгія,"Гортензія волотиста Межджікал Монт Блан PC19 C7,5",10298,420,"ID постачальника збігся, але назви різні"
,plantsclub,31.6,8149,8149,Інокулянт Радісан Хорт / Radisane Hort 1 кг Bioera Іспанія,Виноград культурний Новий подарок Запоріжжю (столовий) NN GK,7800,80,"ID постачальника збігся, але різні бренди"
,plantsclub,31.6,3123,3123,Фунгіцид Малвін 10 кг Arysta Аріста,Лаванда вузьколиста Платінум ніко PC20 C3,6125,240,"ID постачальника збігся, але назви різні"
,plantsclub,31.6,1134,1134,Гербіцид Опора 5 л Хімагромаркетинг Україна,Куничник гостроквітковий Карл Фоерстер PC15 C4 / H40-60,2598,130,"ID постачальника збігся, але назви різні"
,plantsclub,31.6,1157,1157,Гербіцид Триатлон Прайм 500 г Alfa Smart Agro / Альфа Смарт Агро Україна,Камелія японська Mix (в асортименті) C10 / H60-80,2496,1800,"ID постачальника збігся, але різні бренди"
,plantsclub,31.6,3002,3002,Фунгіцид Флінт Стар 1 л Bayer Байєр Німеччина,Ялівець середній Мінт Джулеп C5,2348,290,"ID постачальника збігся, але назви різні"
,plantsclub,31.6,1090,1090,Гербіцид Чистогран 5 кг Presence / Презенс,Будлея Давіда Роял Ред PC14 C3 / H60-80,1698,105,"ID постачальника збігся, але назви різні"
,plantsclub,31.6,2033,2033,Інсектицид акарицид Санмайт ЗП 500 г Sumiagro Самміт Агро Японія,Гібіскус сірійський Маджента Шифон Штамб ® C10 / Pa100,1425,1884,"ID постачальника збігся, але назви різні"
,plantsclub,31.6,7078,7078,Біостимулятор Кендал Рут Kendal Root 1 л Valagro Валагро Італія,Троянда Арка Mix (в асортименті) C,1175,8879,"ID постачальника збігся, але різні бренди"
,plantsclub,31.6,3259,3259,Фунгіцид Екватор КЕ 1 л Akvarius Акваріус Україна,Ліріодендрон (Тюльпанове дерево) тюльпановий K20 C180 / o8-10 / Pa150-200,962,6624,"ID постачальника збігся, але назви різні"
,plantsclub,31.6,3225,3225,Фунгіцид Арева Голд 1 кг Аdama Адама Ізраїль,Ліквідамбар (Амброве дерево) смолоносний G+C270 / o20-25,754,11325,"ID постачальника збігся, але назви різні"
,plantsclub,31.6,7047,7047,Добриво Феррілен Ferrilene 4.8 1 кг Valagro Валагро Італія,Смородина чорна Ювілейна Копаня BS GK,725,30,"ID постачальника збігся, але різні бренди"
,plantsclub,31.6,9010,9010,Прилипач Добрий Господар 5 л Агро-Захист Україна,"Декоративний паркан Eko-Palisada 22 см, 1 м (сірий)",498,220,"ID постачальника збігся, але різні об'єми або розміри"
,plantsclub,31.6,7769,7769,Добриво Ікар Елайз (Сірка) / Ikar Elais 1 л Литва,Туя західна (ий) Мірьям ® K G / H40-50,435,576,"ID постачальника збігся, але назви різні"
,plantsclub,31.6,7996,7996,Добриво Леда Гель Мікро / Leda Gel Micro 500 мл Велика Британія,Липа широколиста Фастігіата Штамб C100 / o18-20 / Pa150-175,404,8280,"ID постачальника збігся, але назви різні"
,plantsclub,31.6,8099,8099,Добриво Osmocote / Хобі Осмокот для плодово-ягідних 16-8-16 (5-6 М) 1 кг ICL Нідерланди,"Чорниця висока (Голубика, Лохина) Блюкроп PC20 C25 / H80-90",397,1080,"ID постачальника збігся, але назви різні"
,plantsclub,31.6,2055,2055,"Інсектицид Жук OFF 0,5 л Ukravit Укравіт Україна",Гібіскус сірійський Пінк Джаінт PC21 C3 / H100-120,375,203,"ID постачальника збігся, але назви різні"
,vodospad,31.5,40-227,40227,Вирівнювач грунту Cellpro 1670 мм Целлфаст / Cellfast (40-227) Польща,Свердло Bosch CYL-5 бетон 8x50x100мм (2608588151),1798,235,"ID постачальника збігся, але різні об'єми або розміри"
,plantsclub,31.5,3190,3190,Фунгіцид Міравіс 200 SC КС 1 л Syngenta Сингента Швейцарія,Лілія тигрова Перл Стейсі 12\14,5975,50,"ID постачальника збігся, але назви різні"
,plantsclub,31.5,7071,7071,Добриво ЕДТА мідь EDTA Cu 5 кг Valagro Валагро Італія,Акація псевдоакація Умбракуліфера PC21 C230 / o20-30 / Pa200,5925,8280,"ID постачальника збігся, але назви різні"
,plantsclub,31.5,2165,2165,Акарицид Гексоран 1 л Хімагромаркетинг Україна,Гортензія великолисткова Меджікал Пінк Клауд ® 1gr PC20 C5 / H50-60,4148,720,"ID постачальника збігся, але назви різні"
,plantsclub,31.5,3078,3078,Фунгіцид Захисник Екстра 5 л Ukravit Україна,Бобовник альпійський Санспайє Штамб C15 / Pa130,3898,1380,"ID постачальника збігся, але назви різні"
,plantsclub,31.5,3174,3174,Фунгіцид ІКАРУС ТУРБО 430 SC КС 5 л Самміт-Агро Японія,Лілія східна гібридна Сіберія 12\14,3698,50,"ID постачальника збігся, але назви різні"
,plantsclub,31.5,7136,7136,Добриво Гуміголд GumiGold (Гумат калію) 10 кг Кіссон Україна,Троянда густоквіткова Майн Мюнхен DP PC19 C5 / H20-30,2825,145,"ID постачальника збігся, але різні бренди"
,plantsclub,31.5,1013,1013,Десикант Регістан РК 20 л Агрохімічні технології Україна,Барбарис Тунберга Розетта PC14 P9,2750,25,"ID постачальника збігся, але назви різні"
,plantsclub,31.5,3106,3106,Фунгіцид Превікур Енерджі 1 л Bayer Німеччина,"Модрина японська Стів Віпер Штамб C7,5 / Pa120",1998,1565,"ID постачальника збігся, але назви різні"
,plantsclub,31.5,7121,7121,Рост-концентрат NPK 5+5+5 Універсальний 10 л Кіссон Україна,Троянда плетиста Вайт Бьюти SP G,948,44,"ID постачальника збігся, але різні бренди"
,plantsclub,31.5,10-101,10101,Пила садова вигнута 490 мм Тукан / Toucan (10-101),Кокосовий блок Ceres 5 кг в упакуванні (Церес),298,283.1,"ID постачальника збігся, але різні об'єми або розміри"
,vodospad,31.4,41-041,41041,Пила садова складна Целлфаст / Cellfast ERGO 25 см 300 г (41-041) Польща,Термочашка Shortstack Matte Black 0.23 л (6939236348201),990,1069,"ID постачальника збігся, але різні об'єми або розміри"
,plantsclub,31.4,7163,7163,Добриво Атланте Cu Мідь 5 л Вітера Atlantica Agricola Іспанія,Троянда гібридний(а) Дам де Кер DP PC20 C2,5948,144,"ID постачальника збігся, але різні бренди"
,plantsclub,31.4,7508,7508,Добриво YaraTera Kristalon ЯраТера Кристалон 12-12-36 25 кг Нідерланди,Тис ягідний (а) Куб C250 / H150-160 / L60,4398,34776,"ID постачальника збігся, але різні коди виробника"
,plantsclub,31.4,5022,5022,Протруйник Кватрофорс 5 л Агрохімічні технології Україна,Сосна густоквіткова Умбракуліфера K20 G / H80-100,4398,1800,"ID постачальника збігся, але різні об'єми або розміри"
,plantsclub,31.4,7256,7256,Добриво Брендт Конвердж / BRANDT Converge 10 л SRN 28-0-0 Іспанія,Троянда мініатюрна Зе Фейрі PC21 C5 / H30-40,4156,190,"ID постачальника збігся, але назви різні"
,plantsclub,31.4,7082,7082,Біостимулятор Максикроп Екстра Maxicrop Extra 1 кг Valagro Валагро Італія,Троянда плетиста Белфаст SP G,1648,44,"ID постачальника збігся, але різні бренди"
,plantsclub,31.3,3236,3236,Фунгіцид Фундазол 20 кг Агро-Кемі Угорщина,Ліквідамбар (Амброве дерево) смолоносний Воплесдон Мультиштамб C20 / Pa100-125,14000,9000,"ID постачальника збігся, але назви різні"
,plantsclub,31.3,1026,1026,Гербіцид Клінік 20 л Nufarm Нуфарм Австралія,Барбарис Тунберга Саммер Сансет ® PC18 C3,6000,205,"ID постачальника збігся, але назви різні"
,plantsclub,31.3,7232,7232,Добриво Альгум Плюс Alhum Plus 10 л SmartGrow Україна,Троянда Кордеса Сувенір де Баден Баден DP PC20 C2,4472,144,"ID постачальника збігся, але різні бренди"
,plantsclub,31.3,1271,1271,Гербіцид Рейсер 5 л Adama Адама Ізраїль,Кедр гімалайський Пендула Бонсай C80 / H125-150,3798,26496,"ID постачальника збігся, але назви різні"
,plantsclub,31.3,3404,3404,Фунгіцид Віртуоз 5 л Нертус Угорщина,Магнолія гібридний(а) Транквіліті PC21 C5 / H90-100,3226,1159,"ID постачальника збігся, але назви різні"
,plantsclub,31.3,7936,7936,Регулятор росту Акура 5 л Хімагромаркетинг Україна,Туя західна (ий) Тіні Тім K G / H30-40,2748,432,"ID постачальника збігся, але назви різні"
,plantsclub,31.3,7089,7089,Добриво YaraMila Cropcare ЯраМіла Кропкер 11-11-21 25 кг Фінляндія,Троянда плетиста Плетистий Віолет Парфум DP PC18 C2,1848,85,"ID постачальника збігся, але різні бренди"
,plantsclub,31.3,2313,2313,Інсекто-фунгіцид Зимовіт 10 л Кіссон Україна,Гортензія волотиста Меджикал Мунлайт ® C3,1612,312,"ID постачальника збігся, але назви різні"
,plantsclub,31.3,3209,3209,Фунгіцид Косайд 2000 1 кг (розсип) DuPont Дюпон США,Лілія ОТ-гібридна Ред Монінг 12\14,775,50,"ID постачальника збігся, але назви різні"
,plantsclub,31.3,3187,3187,Фунгіцид Флінт Стар 250 мл (розлив) Bayer Байєр Німеччина,Лілія тигрова Ліхтліні 12\14,728,50,"ID постачальника збігся, але назви різні"
,plantsclub,31.3,7989,7989,Добриво Леда Гель Кальцй Плюс / Leda Gel Ca Plus 1 л Велика Британія,Липа європейська (-е) Паліда K20 C180 / o20-22 / Pa200-220,715,8280,"ID постачальника збігся, але назви різні"
,plantsclub,31.3,7122,7122,Рост-концентрат PK 5+5+5 Універсальний 4 л Кіссон Украина,Троянда англійська Б'янка Арка 180*220 C30,396,9380,"ID постачальника збігся, але назви різні"
,plantsclub,31.2,3147,3147,Фунгіцид Діналі 90 DC КД 5 л Syngenta Сингента Швейцарія,Лілія азіатська гібридна Діменшіон 12\14,9989,50,"ID постачальника збігся, але назви різні"
,plantsclub,31.2,7193,7193,Добриво Мікрокат Зерновий Старт (Microcat Cereal Start) 25 л Вітера Atlantica Agricola Іспанія,"Троянда гібридний(а) Луксор PC20 C7,5",12998,290,"ID постачальника збігся, але назви різні"
,plantsclub,31.2,1122,1122,Гербіцид Тітус 500 г Corteva Кортева США,Самшит вічнозенений Конус C80 / H100-125,10000,4201,"ID постачальника збігся, але назви різні"
,plantsclub,31.2,3440,3440,Фунгіцид Максентіс 5 л Adama Адама Ізраїль,Магнолія Рікі C5 / H60-80,7498,365,"ID постачальника збігся, але назви різні"
,plantsclub,31.2,2156,2156,Інсектицид Ескаліп 5 л Ukravit Укравіт Україна,Гортензія великолисткова Меджікал Колор Дрім ® 1gr PC22 C10 / H50-60,4998,720,"ID постачальника збігся, але назви різні"
,plantsclub,31.2,7164,7164,Добриво Атланте Zn Цинк 5 л Вітера Atlantica Agricola Іспанія,Троянда гібридний(а) Дабл Делайт DP PC19 C5 / H20-30,3627,144,"ID постачальника збігся, але різні бренди"
,plantsclub,31.2,2153,2153,Інсектицид Оберон Рапід 1 л Bayer Байєр Німеччина,Гортензія великолисткова Меджікал Канзоне ® 1gr PC22 C10 / H50-60,3598,720,"ID постачальника збігся, але назви різні"
,plantsclub,31.2,2102,2102,Інсектицид Антиколорад Макс кс 5 л Ukravit Укравіт Україна,Гортензія деревовидна Анабелль PC18 C5,2998,180,"ID постачальника збігся, але назви різні"
,plantsclub,31.2,5014,5014,Протруйник Матадор 5 л Ukravit Укравіт Україна,Сосна густоквіткова Умбракуліфера K20 C100 / H100-120,2756,4968,"ID постачальника збігся, але назви різні"
,plantsclub,31.2,8054,8054,Добриво Нова Кальціум / Nova Calcium (Нітрат кальцію) 15.5-0-0+26.5CaO 25 кг ICL Ізраїль,Тюльпан махровий бахромчастий Ліон Кінг 11\12,1398,15,"ID постачальника збігся, але назви різні"
,plantsclub,31.2,7548,7548,Добриво Ризо Бор+Молібден 5 л Агро Цезар Україна,Тис ягідний (а) Пон-Пон C200 / H200-250,1250,49680,"ID постачальника збігся, але назви різні"
,plantsclub,31.2,7052,7052,Добриво Феррілен Тріум Ferrilene Trium 1 кг Valagro Валагро Італія,Смородина чорна Тсема Штамб C3 / H125-150 / Pa80,1025,525,"ID постачальника збігся, але назви різні"
,plantsclub,31.2,2121,2121,Інсектоакарицид Препарат 30 Д 83% 5 л,Гортензія великолисткова Ендлесс Саммер Самер Лав Пінкрот ® C5,748,865,"ID постачальника збігся, але назви різні"
,plantsclub,31.2,9041,9041,Регулятор кислотності Носферату Регул - Еко (NospHeratu Regul – Eco) 1 л Вітера Atlantica Іспанія,"Держак Bellota М952 LSB для грабель1500 мм, d=28 мм (Беллота)",564,265,"ID постачальника збігся, але різні об'єми або розміри"
,plantsclub,31.2,7998,7998,Добриво Леда Гель Фосфор-Актив / Leda P-Active 4-37.5-14.7 500 мл Велика Британія,Липа широколиста Фастігіата Штамб K C230 / o20-25 / Pa175,468,9108,"ID постачальника збігся, але назви різні"
,plantsclub,31.2,7272,7272,Добриво Кеміра Люкс NPK 14-11.4-25 1 кг Yara Яра Норвегія,Троянда перська Бебілон Айз Фенсі ® PC21 C5,300,232,"ID постачальника збігся, але назви різні"
,plantsclub,31.2,7718,7718,Біостимулятор Кендал Рут Kendal Root 100 мл Valagro Валагро Італія,Туя західна (ий) Даніка Штамб C20 / L30-40 / Pa100,225,2770,"ID постачальника збігся, але назви різні"
,plantsclub,31.2,3314,3314,Фунгіцид Манзат ВГ 200 г Sumi Agro Сумі Агро Японія,Магнолія Дафні C80 / H250-300,200,12625,"ID постачальника збігся, але назви різні"
,plantsclub,31.1,7194,7194,Добриво Мікрокат Олійний (Microcat Oil Crops) 25 л Вітера Atlantica Agricola Іспанія,Троянда гібридний(а) Маджестік DP PC20 C2,13235,174,"ID постачальника збігся, але різні бренди"
,plantsclub,31.1,1076,1076,Гербіцид Тотал К 20 л Хімагромаркетинг Україна,Береза звичайна Мультиштамб C25 / H200-300 / Pa*3,4998,3115,"ID постачальника збігся, але назви різні"
,plantsclub,31.1,2310,2310,Інсектицид Спікер 5 л Нертус Угорщина,Гортензія волотиста Межджікал Монт Блан PC21 C3 / H20-30,2276,240,"ID постачальника збігся, але назви різні"
,plantsclub,31.1,2054,2054,Інсектицид Смерть жукам ВДГ 1 кг Ukravit Укравіт Україна,"Гібіскус сірійський Пінк Джаінт PC20 C7,5 / H30-40",1498,290,"ID постачальника збігся, але назви різні"
,plantsclub,31.1,5001,5001,Протруйник Матадор 1 л Ukravit Укравіт Україна,Сосна густоквіткова Умбракуліфера C30 / H80-100,648,2760,"ID постачальника збігся, але назви різні"
,plantsclub,31.1,1121,1121,Гербицид Квін Стар Макс 500 мл Ukravit Укравіт Україна,"Самшит вічнозенений Конус C7,5 / H50-60",414,840,"ID постачальника збігся, але назви різні"
,plantsclub,31.1,3235,3235,Фунгіцид Ембрелія 75 мл Adama Адама Ізраїль,Ліквідамбар (Амброве дерево) смолоносний Воплесдон C55 / H250-300,375,7200,"ID постачальника збігся, але назви різні"
,plantsclub,31.1,1036,1036,Гербіцид Отаман 1 л Alfa Smart Agro Альфа Смарт Агро Україна,Барбарис середній Паркджавел PC14 C10 / H40-50,325,170,"ID постачальника збігся, але назви різні"
,plantsclub,31.1,7067,7067,Біостимулятор Світ Sweet 100 мл Valagro Валагро Італія,Акація псевдоакація Умбракуліфера C30 / o10-12 / Pa220,298,2595,"ID постачальника збігся, але назви різні"
,plantsclub,31,2177,2177,Акарицид Резидент 5 л Нертус Угорщина,Гортензія великолисткова Ред Б'юті Ліла C2 / H20-30,7720,205,"ID постачальника збігся, але назви різні"
,plantsclub,31,3118,3118,Фунгіцид Світч 1 кг Syngenta / Сингента Швейцарія,Лаванда вузьколиста Мунстед P12 / H10-15,6898,70,"ID постачальника збігся, але назви різні"
,plantsclub,31,3127,3127,Фунгіцид Мерпан Платинум 5 кг Adama Адама Ізраїль,Лаванда середня Граппенхол C3 / H30-40,3248,120,"ID постачальника збігся, але назви різні"
,plantsclub,31,3680,3680,Фунгіцид Імпакт 500 КС 1 л FMС ФМС США,Нарцис Карлтон 14\16,1144,15,"ID постачальника збігся, але назви різні"
,plantsclub,31,3565,3565,Фунгіцид Зорвек Вінабрія 1 л Corteva Кортева США,Яблуня домашня однорічна Мутсу BS GK,1144,80,"ID постачальника збігся, але різні бренди"
,plantsclub,31,3181,3181,Фунгіцид Фитал 1 л Кемілайн Агро Україна,Лілія ОТ-гібридна Замбезі 14\16,975,50,"ID постачальника збігся, але назви різні"
,plantsclub,31,3189,3189,Фунгіцид Фольпан 1 кг Adama Адама Ізраїль,Лілія тигрова Найт Флаєр 12\14,744,50,"ID постачальника збігся, але назви різні"
,plantsclub,30.9,2266,2266,Акарицид Синтак 5 л Alfa Smart Agro / Альфа Смарт Агро Україна,"Гортензія волотиста Меджікал Андс PC20 C7,5 / H90-100",14098,420,"ID постачальника збігся, але назви різні"
,plantsclub,30.9,3364,3364,Фунгіцид Алкобан / Alcoban 5 кг Globagem N.V. Бельгія,Магнолія гібридний(а) Баттерфляй Штамб C20 / Pa180,12998,3312,"ID постачальника збігся, але назви різні"
,plantsclub,30.9,2163,2163,Інсектицид Лонгас 1 л Alfa Smart Agro Альфа Смарт Агро Україна,Гортензія великолисткова Меджікал Фо Сізон®Корал Блю C5 / H30-40,3898,845,"ID постачальника збігся, але назви різні"
,plantsclub,30.9,7798,7798,Біостимулятор Ікар Хайго Інфра / Ikar Higo Infra 5 л Литва,Туя західна (ий) Смарагд Extra K C35 / H80-100,3336,608,"ID постачальника збігся, але різні бренди"
,plantsclub,30.9,3363,3363,Фунгіцид Алкобан / Alcoban 1 кг Globagem N.V. Бельгія,Магнолія гібридний(а) Баттерфляй Штамб C20 / Pa130,2798,3065,"ID постачальника збігся, але назви різні"
,plantsclub,30.9,10.107,10107,LOWE Original 10.107 Секатор з ковадлом Німеччина,"Кокосовий брикет Grond Meester UNI 615 гр, поштучно в упаковці",2450,48,"ID постачальника збігся, але різні бренди"
,plantsclub,30.9,3216,3216,Фунгіцид Анелас 1 л Alfa Smart Agro Альфа Смарт Агро Украина,Ліквідамбар (Амброве дерево) смолоносний C15 / H175-200,1925,1500,"ID постачальника збігся, але назви різні"
,plantsclub,30.9,2032,2032,Акарицид Ніссоран ЗП 500 г Sumiagro Самміт Агро Японія,Гібіскус сірійський Лавендер Шифон ® C4 / H40-60,1298,240,"ID постачальника збігся, але назви різні"
,plantsclub,30.9,2017,2017,Інсектицид Моспілан 400 г Sumiаgro Самміт Агро Японія,Гібіскус сірійський Френч кабарет Пастель ® PC21 C3 / H100-120,1248,190,"ID постачальника збігся, але назви різні"
,plantsclub,30.9,7995,7995,Добриво Леда Гель Мікро / Leda Gel Micro 1 л Велика Британія,Липа широколиста Фастігіата Штамб 180 / o12-14 / Pa150-175,785,4968,"ID постачальника збігся, але назви різні"
,plantsclub,30.9,7589,7589,Стимулятор росту Фульвітал Плюс 1 л Humin Tech Німеччина,"Тис ягідний (а) Вестерштеде Куля C4,5 / H20-25",698,840,"ID постачальника збігся, але назви різні"
,plantsclub,30.9,7923,7923,Добриво Ікар Хайго Колд / Ikar Higo Cold 0.5 л Литва,Туя західна (ий) Смарагд Спіраль K20 C230 / H175-200,591,4347,"ID постачальника збігся, але назви різні"
,plantsclub,30.9,7534,7534,Добриво Натурвін / Naturwin 9-45-15 + ТЕ 2 кг Libra agro Туреччина,Тис ягідний (а) Оверендері Куля Woodenbox 300 / H90-100,475,24840,"ID постачальника збігся, але різні бренди"
,plantsclub,30.9,2142,2142,Інсектицид ЛОК-5 1 л Хімагромаркетинг Україна,Гортензія великолисткова Меджікал Амазон ® 2gr PC22 C10,437,720,"ID постачальника збігся, але назви різні"
,plantsclub,30.9,3370,3370,Фунгіцид Руна 100 мл ProtectON / ПротектОн Україна,Магнолія гібридний(а) Гелексі C160 / H100-150 / L200-250,333,22356,"ID постачальника збігся, але назви різні"
,plantsclub,30.9,7064,7064,Біостимулятор Кендал Kendal 100 мл Valagro Валагро Італія,Агрус Штамб Mix (в асортименті) K18 G / Pa80,190,300,"ID постачальника збігся, але різні об'єми або розміри"
,plantsclub,30.8,2166,2166,Інсектицид Маврік 5 л Adama Адама Ізраїль,Гортензія великолисткова Меджікал Пінк Клауд ® 1gr PC22 C10 / H50-60,9998,720,"ID постачальника збігся, але назви різні"
,plantsclub,30.8,2267,2267,Інсектицид Логус 5 л Alfa Smart Agro Альфа Смарт Агро Україна,"Гортензія волотиста Меджікал Андс PC20 C7,5 / H90-100 / Pa100",7998,1134,"ID постачальника збігся, але назви різні"
,plantsclub,30.8,7111,7111,Регулятор росту AgriFlex Humic Агріфлекс Гумік 25 кг CityMax СітіМакс,Троянда плетиста Пінк Мусімара DP G,7998,60,"ID постачальника збігся, але різні бренди"
,plantsclub,30.8,8082,8082,Добриво Осмокот / Osmocote Pro 19-9-10 (3-4 М) 25 кг ICL Нідерланди,Тюльпан тріумф Стронг Голд 11/12,6884,10,"ID постачальника збігся, але назви різні"
,plantsclub,30.8,1265,1265,Гербіцид Аргумент Форте 500 SL 20 л Нертус Угорщина,Кедр гімалайський Філін Блю C180 / H200-250,4998,21000,"ID постачальника збігся, але назви різні"
,plantsclub,30.8,3253,3253,Фунгіцид Вівандо 1 л Basf Басф Німеччина,Ліріодендрон (Тюльпанове дерево) тюльпановий Фастігіатум Woodenbox 1000 / H500-600,4420,48000,"ID постачальника збігся, але різні бренди"
,plantsclub,30.8,7323,7323,Регулятор росту Вимпел Два 10 л Долина Україна,Горобина x проміжний (а) C60 / H200-250 / o8-10 / Pa100,3248,2760,"ID постачальника збігся, але назви різні"
,plantsclub,30.8,15-902,15902,Парник складаний 195х143х73 см ПВХ плівка 4 полиці Neo Tools (15-902),"Бамбукова опора 4,0 м, діаметр 28 - 30 мм",2585,125,"ID постачальника збігся, але різні об'єми або розміри"
,plantsclub,30.8,7191,7191,Добриво Мікрокат Бор 5 л Вітера Atlantica Agricola Іспанія,"Троянда гібридний(а) Люстиге DP PC20 C7,5 / H20-30",1998,290,"ID постачальника збігся, але різні бренди"
,plantsclub,30.8,7696,7696,Добриво Хелатин Кукурудза 10 л Кіссон Україна,Туя західна (ий) Даніка K18 G / H35-40,1289,360,"ID постачальника збігся, але різні об'єми або розміри"
,plantsclub,30.8,8150,8150,Інокулянт Радісан Хорт / Radisane Hort 100 г Bioera Іспанія,Виноград культурний Первозванний (столовий) NN GK,936,80,"ID постачальника збігся, але різні бренди"
,plantsclub,30.8,3031,3031,Фунгіцид Світч 100 г Syngenta Сингента Швейцарія,"Ялівець середній Олд Голд C7,5",798,420,"ID постачальника збігся, але назви різні"
,plantsclub,30.8,7058,7058,Стимулятор росту Активейв Actiwave 1 л Valagro Валагро Італія,Смородина червона (-ий) Штамб K17 G / L40-60 / Pa60,798,305,"ID постачальника збігся, але різні об'єми або розміри"
,plantsclub,30.8,7916,7916,Добриво Сульфат магнію / MagPlon7 25 кг Alventa Польща,Туя західна (ий) Смарагд Спіраль C30 / H180+,775,3850,"ID постачальника збігся, але назви різні"
,plantsclub,30.8,2014,2014,Інсектицид Канонір Дуо 1 л Агрохімічні Технології Україна,Гібіскус сірійський Фрідом PC18 C3,748,144,"ID постачальника збігся, але назви різні"
,plantsclub,30.8,3039,3039,Фунгіцид Тіофен 1 кг Хімагромаркетинг Україна,Ялівець середній Олд Голд PC14 P9,525,25,"ID постачальника збігся, але назви різні"
,plantsclub,30.8,3310,3310,Фунгіцид Доктор Кроп КС 1 л Хімагромаркетинг Україна,Магнолія Дафні C55 / H150-175,375,11592,"ID постачальника збігся, але назви різні"
,plantsclub,30.6,7311,7311,Добриво Кафом Калій / Kafom K 20 л Меристем Meristem Іспанія,Верба цільнолиста Пендула Штамб GK / Pa120,13530,210,"ID постачальника збігся, але різні бренди"
,plantsclub,30.6,2056,2056,Інсектицид Актеллік 5 л Syngenta Сингента Швейцарія,Гібіскус сірійський Пінк Джаінт PC22 C5 / H100-120,8498,276,"ID постачальника збігся, але назви різні"
,plantsclub,30.6,3273,3273,Фунгіцид Пропульс 5 л Bayer Байер Німеччина,"Жимолость камчатська (голуба) Дует PC21 C7,5",8318,290,"ID постачальника збігся, але назви різні"
,plantsclub,30.6,7162,7162,Добриво Фосфорно-калійне Атланте Плюс 5 л Вітера Atlantica Іспанія,Троянда гібридний(а) Корветт SP G,6115,44,"ID постачальника збігся, але різні бренди"
,plantsclub,30.6,1262,1262,Добриво Леда / Leda NPK 8-17-42+TE+GS+Amino 25 кг Нідерланди,Кедр атласький Глаука Пендула C280 / H300-350,4973,82800,"ID постачальника збігся, але назви різні"
,plantsclub,30.6,7811,7811,Біостимулятор Альгефіт / Alghefit 1 кг Bioera Іспанія,Туя західна (ий) Смарагд K G / H100-120,3692,504,"ID постачальника збігся, але назви різні"
,plantsclub,30.6,3124,3124,Фунгіцид Малвін 5 кг UPL / ЮПЛ Франція,"Лаванда вузьколиста Сентіва Блю C1,2",3248,50,"ID постачальника збігся, але назви різні"
,plantsclub,30.6,1227,1227,Гербіцид Пріус 5 л Нертус Угорщина,Катальпа бігнонієвидна Мультиштамб K20 C230 / H250-300,1835,2981,"ID постачальника збігся, але назви різні"
,plantsclub,30.6,7110,7110,Регулятор росту AgriFlex Humic Агріфлекс Гумік 5 кг CityMax СітіМакс,Троянда плетист Пінк Б'юті SP G,1825,44,"ID постачальника збігся, але різні бренди"
,plantsclub,30.6,5015,5015,Протруйник Антал 1 л Нертус Угорщина,Сосна густоквіткова Умбракуліфера K20 C100 / H80-100,1625,4968,"ID постачальника збігся, але назви різні"
,plantsclub,30.6,1117,1117,Гербицид Квін Стар Макс 1 л Ukravit Укравіт Україна,Самшит вічнозенений Конус C180 / H80,748,3600,"ID постачальника збігся, але назви різні"
,plantsclub,30.6,1048,1048,Гербіцид Грізний Експерт 250 г Нертус Угорщина,Береза плакуча (ий) Мультиштамб K20 C180 / H300-400 / o20-25,704,9936,"ID постачальника збігся, але назви різні"
,plantsclub,30.6,7436,7436,Добриво GroGreen К-Гумат 85 1 кг Lima Бельгія,Бузок звичайний Штамб Mix (в асортименті) K14 C15 / Pa120,679,565,"ID постачальника збігся, але різні бренди"
,plantsclub,30.6,3098,3098,Фунгіцид Чемп Ультра 1 кг (розсип) Nufarm Нуфарм Австралія,Модрина японська Стів Віпер K14 G / Pa150-200,624,2255,"ID постачальника збігся, але різні об'єми або розміри"
,plantsclub,30.6,7935,7935,Регулятор росту Акура 1 л Хімагромаркетинг Україна,Туя західна (ий) Тіні Тім K C45 / H30-40,598,653,"ID постачальника збігся, але назви різні"
,plantsclub,30.6,7682,7682,Антистресант Аміно Стар / Amino Star 1 л Кіссон Україна,"Туя західна (ий) Брабант PC20 C7,5",596,300,"ID постачальника збігся, але назви різні"
,plantsclub,30.6,3180,3180,Фунгіцид Фитал 500 мл Кемілайн Агро Україна,Лілія ОТ-гібридна Сенсі 14\16,546,50,"ID постачальника збігся, але назви різні"
,plantsclub,30.6,1116,1116,Гербіцид Позитив Плюс 1 л Хімагромаркетинг Україна,Самшит вічнозенений Конус C180 / H120,338,4830,"ID постачальника збігся, але назви різні"
,plantsclub,30.6,3159,3159,Фунгіцид Шавіт Ф 72 WG ВДГ 100 г Adama Адама Ізраїль,Лілія ЛА-гібридна Форза Ред 14\16,200,50,"ID постачальника збігся, але назви різні"
,plantsclub,30.5,7733,7733,Біостимулятор Текамін Флауер / Tecamin Flower 5 л AgriTecno Іспанія,Туя західна (ий) Голден Глоб PC16 C5 / H20-30,4472,150,"ID постачальника збігся, але назви різні"
,plantsclub,30.5,8.107,8107,Садовий секатор із наковаленкою LOWE Original 8.107,"Чорниця висока (Голубика, Лохина) Чендлер PC20 C55 / H80-100",2990,1656,"ID постачальника збігся, але назви різні"
,plantsclub,30.5,3389,3389,Фунгіцид Орондіс Ево 262 SC к.с. 1 л Syngenta Сингента Швейцарія,Магнолія гібридний(а) Джині Штамб ® C20 / Pa100,2498,3146,"ID постачальника збігся, але назви різні"
,plantsclub,30.5,14.104,14104,Секатор садовий LOWE Original 14.104 (190 мм) Німеччина,Фунгіцид Старк К.С. (азоксистробін) 100 мл Сімейний Сад,1850,240,"ID постачальника збігся, але різні об'єми або розміри"
,plantsclub,30.5,7724,7724,Укорінювач Текамін Раіз / Tecamin Raiz 1 л AgriTecno Іспанія,Туя західна (ий) Глобоза Компакта K20 C120 / H80-100,1435,1080,"ID постачальника збігся, але назви різні"
,plantsclub,30.5,7141,7141,Добриво Вуксал Борон рН Wyxal Boron рН 1 л Unifer Уніфер Німеччина,Троянда гібридний(а) Анастасія SP G,600,44,"ID постачальника збігся, але різні бренди"
,plantsclub,30.5,7594,7594,Стимулятор росту Гуміфілд Форте Брікс 1 л Humin Tech Німеччина,Тис гострокінцевий Хессеі Бонсай C60 / H80-100,575,19872,"ID постачальника збігся, але назви різні"
,plantsclub,30.5,2060,2060,Інсектицид акарицид Вертимек 100 мл Syngenta Сингента Швейцарія,Гібіскус сірійський Перпл Піллар ® C20 / H50-60,485,1812,"ID постачальника збігся, але назви різні"
,plantsclub,30.5,4015,4015,Родентицид Раттер 1 л Enzim Biotech Agro / Ензим Біотек Агро Україна,Ялина звичайна Віллс Цверг K18 G / H80-100,475,660,"ID постачальника збігся, але різні об'єми або розміри"
,plantsclub,30.5,7610,7610,Добриво GroGreen Gel Ca-B-Sul (Кальцій-Бор-Сірка) 200 г Lima Бельгія,Тис середній Хіксіі Бонсай C230 / H200 / L120,325,52992,"ID постачальника збігся, але назви різні"
,plantsclub,30.5,7080,7080,Стимулятор росту Бенефіт ПЗ Benefit PZ 100 мл Valagro Валагро Італія,Троянда плетиста Агата Штамб C5 / Pa100,298,422,"ID постачальника збігся, але назви різні"
,plantsclub,30.5,2218,2218,Інсектицид Ініціатор 10 таблеток (розсип) Bayer Байєр Німеччина,Гортензія волотиста Грандіфлора PC21 C20 / H80,208,492,"ID постачальника збігся, але назви різні"
,plantsclub,30.4,3433,3433,Фунгіцид Ліндер 5 л Adama Адама Ізраїль,Магнолія Лебнера Вайлдкет PC22 C10 / H60-80,7250,1872,"ID постачальника збігся, але назви різні"
,plantsclub,30.4,1016,1016,Гербіцид Клінік Макс 20 л Nufarm Нуфарм Австралія,Барбарис Тунберга Роузі Рокет PC14 C3 / H30-40,3800,125,"ID постачальника збігся, але назви різні"
,plantsclub,30.4,8.109,8109,LOWE Original 8.109 Садовий секатор з наковаленкою Німеччина,"Чорниця висока (Голубика, Лохина) Голдтраубе C10 / H80-100",3690,1080,"ID постачальника збігся, але назви різні"
,plantsclub,30.4,2109,2109,Інсектицид Люкс Максі КС 5 л Ukravit Укравіт Україна,"Гортензія великолисткова Кайпірінха C7,5",3000,442,"ID постачальника збігся, але назви різні"
,plantsclub,30.4,3267,3267,Фунгіцид Лайфсул Lifesul 20 кг Хімагромаркетинг Україна,Жимолость Хекротта Голдфлейм C2 / H40-60,2498,155,"ID постачальника збігся, але назви різні"
,plantsclub,30.4,8151,8151,Укорінювач НеоКор / NeoCore 5 л Neova Фінляндія,Виноград культурний Супер Екстра (столовий) NN GK,2308,80,"ID постачальника збігся, але різні бренди"
,plantsclub,30.4,7515,7515,Добриво Агромастер Agromaster 10-11-21+9CaO+2MgO+7SO3 25 кг ICL Ізраїль,Тис ягідний (а) Довастоніана K20 C130 / H200-220,1640,33120,"ID постачальника збігся, але різні коди виробника"
,plantsclub,30.4,2184,2184,Інсектицид Тамер 400 г Nufarm Нуфарм Австралія,"Гортензія великолисткова Тіволі Рот C7,5 / H15-20",779,504,"ID постачальника збігся, але назви різні"
,plantsclub,30.4,2114,2114,Інсектицид Наповал 1 л Alfa Smart Agro Альфа Смарт Агро Україна,Гортензія великолисткова Ендлесс Саммер Блум Стар Блау-Ліла C5,1250,840,"ID постачальника збігся, але назви різні"
,plantsclub,30.4,7268,7268,Стимулятор росту антистресант Гуміфілд Форте Фульвік 1 л Humin Tech Німеччина,Троянда паркова Вестерленд C4 / H30-50,548,70,"ID постачальника збігся, але назви різні"
,plantsclub,30.4,3079,3079,Фунгіцид Байзафон 1 кг Хімагромаркетинг Україна,Бобовник альпійський Санспайє Штамб C25 / Pa130,475,1932,"ID постачальника збігся, але назви різні"
,plantsclub,30.4,3244,3244,Фунгіцид Чемпіон ЗП 200 г Nufarm Нуфарм Австралія мідьвмістний препарат,Ліріодендрон (Тюльпанове дерево) тюльпановий Фастігіатум C180 / H300-400,298,6600,"ID постачальника збігся, але назви різні"
,plantsclub,30.3,7691,7691,Добриво Хелатин Mo Co (Молібден-Кобальт) 10 л Кіссон Україна,Туя західна (ий) Клос оф Голд K20 C80 / H60-80,6810,1159,"ID постачальника збігся, але назви різні"
,plantsclub,30.3,5009,5009,Протруйник Командор Гранд 5 л Alfa Smart Agro Альфа Смарт Агро Україна,Сосна густоквіткова Умбракуліфера K19 C45 / H100-120,4198,4800,"ID постачальника збігся, але назви різні"
,plantsclub,30.3,2129,2129,Інсектицид Данадім Стабільний КЕ 10 л FMC ФМС США,Гортензія великолисткова Форевер & Евер Вайт ® PC19 C5,3948,600,"ID постачальника збігся, але назви різні"
,plantsclub,30.3,2019,2019,Інсектицид Рімон 1 л Adama Адама Ізраїль,"Гібіскус сірійський Френч кабарет Пастель ® PC22 C7,5 / H100-120",1872,260,"ID постачальника збігся, але назви різні"
,plantsclub,30.3,1082,1082,Гербіцид Зернодар 500 г Презенс / Presence,Будлея Давіда Нанхо Блю C2,675,145,"ID постачальника збігся, але назви різні"
,plantsclub,30.3,8094,8094,Добриво Osmocote / Хобі Осмокот для троянд 12-8-19 (5-6 М) 1 кг ICL Нідерланди,"Чорниця висока (Голубика, Лохина) Блюкроп C5 / H80-100",623,335,"ID постачальника збігся, але назви різні"
,plantsclub,30.3,2210,2210,Біоінсектицид ґрунтовий Ентоцид (Метаризін) 1 кг Enzim Biotech Agro / Ензим Біотех Агро Україна,"Гортензія волотиста Діамантіно C7,5 / H30-40",525,366,"ID постачальника збігся, але назви різні"
,plantsclub,30.3,7124,7124,Мікродобриво Оракул Мультикомплекс 1 л Долина Україна,Троянда англійська Кінг Артур DP PC19 C5 / H20-30,375,215,"ID постачальника збігся, але назви різні"
,plantsclub,30.2,2174,2174,Інсектицид Спірос 10 л Green Express / Грін Експрес,Гортензія великолисткова Ред Барон C2,19998,270,"ID постачальника збігся, але назви різні"
,plantsclub,30.2,3251,3251,Фунгіцид Квадріс Топ 325 SC КС 5 л Syngenta Сингента Швейцарія,Ліріодендрон (Тюльпанове дерево) тюльпановий Фастігіатум G / H500-600,13377,48000,"ID постачальника збігся, але назви різні"
,plantsclub,30.2,3175,3175,Фунгіцид Дітан М-45 80% 10 кг Dow AgroScienses США,Лілія східна гібридна Старгейзер 12\14,4698,50,"ID постачальника збігся, але назви різні"
,plantsclub,30.2,7462,7462,Добриво GroGreen NPK 3-10-40+TE 25 кг Lima Бельгія,Тис ягідний (а) Куля на Штамбі C180 / H180,4605,10764,"ID постачальника збігся, але назви різні"
,plantsclub,30.2,4012,4012,Родентицид Бродіфакум 0.25% 5 л Olkar Олкар Україна,Ялина звичайна Віллс Цверг G / H200-250,4498,14525,"ID постачальника збігся, але назви різні"
,plantsclub,30.2,2009,2009,Інсектицид Канонір Дуо 5 л Агрохімічні Технології Україна,Гібіскус сірійський Дук де Брабант PC21 C3 / H80-100,3398,240,"ID постачальника збігся, але назви різні"
,plantsclub,30.2,7156,7156,Добриво Келік Бор 5 л Вітера Atlantica Agricola Іспанія,Троянда гібридний(а) Каріна SP G,3235,44,"ID постачальника збігся, але різні бренди"
,plantsclub,30.2,7781,7781,Добриво Ікар Ензо (Марганець) / Ikar Enzo 5 л Литва,Туя західна (ий) Мірьям ® PC21 C5 / H25 / L20-25,2785,264,"ID постачальника збігся, але назви різні"
,plantsclub,30.2,7113,7113,Добриво-антистресант AgriFlex Amino Zn Агріфлекс Аміно Цинк 5 кг CityMax,Троянда плетиста Полька DP PC18 C2,2675,144,"ID постачальника збігся, але різні бренди"
,plantsclub,30.2,3685,3685,Фунгіцид Аканто Плюс Acanto Plus 1 л (розлив) Corteva Кортева США,Нарцис Ріп Ван Уік 8\10,1760,5,"ID постачальника збігся, але назви різні"
,plantsclub,30.2,7688,7688,Добриво Хелатин Сірка Pro 10 л Кіссон Україна,Туя західна (ий) Клос оф Голд K20 C55 / H60-80,1153,1159,"ID постачальника збігся, але назви різні"
,plantsclub,30.2,7349,7349,Добриво Хелатин Форте / Forte 10 л Кіссон Україна,Спірея японська Дартс Ред PC20 C3 / H25-30,1085,151,"ID постачальника збігся, але назви різні"
,plantsclub,30.2,2223,2223,Інсектицид Актарофіт Bela 500 мл Enzim Biotech Agro / Ензим Біотех Агро Україна,Гортензія волотиста Левана C5,1054,360,"ID постачальника збігся, але назви різні"
,plantsclub,30.2,7997,7997,Добриво Леда Гель Фосфор-Актив / Leda P-Active 4-37.5-14.7 1 л Велика Британія,Липа широколиста Фастігіата Штамб C180 / o12-14 / Pa150-175,905,4968,"ID постачальника збігся, але різні коди виробника"
,plantsclub,30.2,7312,7312,Добриво Кафом Кальцій / Kafom Ca 1 л Meristem Мерістем Іспанія,Верба цільнолиста Пендула Штамб PC17 C10 / Pa120,825,265,"ID постачальника збігся, але назви різні"
,plantsclub,30.2,4023,4023,Родентицид Бромавіт 1 л Ukravit Укравіт Україна,Ялина звичайна Вінгліз Віпінг C10 / H70-80,780,2650,"ID постачальника збігся, але назви різні"
,plantsclub,30.2,2036,2036,Інсектицид Проклейм 5 SG 100 г (розсип) Syngenta Сингента Швейцарія,Гібіскус сірійський Майке PC21 C3 / H100-120,498,203,"ID постачальника збігся, але назви різні"
,plantsclub,30.2,7407,7407,Добриво GroGreen Гроліф NPK 10-40-10 + TE + QPS45 1 кг Lima Бельгія,Бузок звичайний Чарльс Джолі PC17 C10 / Pa80-100,450,555,"ID постачальника збігся, але різні коди виробника"
,plantsclub,30.2,3262,3262,Фунгіцид Кевлар 1 л Нопосон,Ліріодендрон (Тюльпанове дерево) тюльпановий Штамб C110 / Pa220,442,9108,"ID постачальника збігся, але назви різні"
,plantsclub,30.1,7329,7329,Добриво Кафом Цинк / Kafom Zn 20 л Meristem Мерістем Іспанія,Спірея березолиста Тор Голд PC21 C3,13498,151,"ID постачальника збігся, але назви різні"
,plantsclub,30.1,2305,2305,Інсектицид Флоніки 500 ВГ 1 кг Globagem N.V. Бельгія,Гортензія волотиста Межджікал Монт Блан ® C3,8300,312,"ID постачальника збігся, але назви різні"
,plantsclub,30.1,7660,7660,Регулятор росту Кальма 5 л Adama Адама Ізраїль,Туя (Платікладус) східна Ауреа Нана PC14 C3 / H20-30,6998,130,"ID постачальника збігся, але назви різні"
,plantsclub,30.1,7999,7999,Регулятор росту Перлан РК 1 л Fine Agrochemicals Велика Британія,Липа широколиста Фастігіата Штамб K G / o20-25 / Pa175,6898,6600,"ID постачальника збігся, але назви різні"
,plantsclub,30.1,7130,7130,Добриво YaraTera Kristalon ЯраТера Кристалон 3-11-38 25 кг Норвегія,Троянда густоквіткова Ескалібур DP PC19 C5 / H20-30,3998,144,"ID постачальника збігся, але різні бренди"
,plantsclub,30.1,3247,3247,Фунгіцид Ямато СЕ 5 л SumiAgro Сумі Агро Японія,Ліріодендрон (Тюльпанове дерево) тюльпановий Фастігіатум C55 / H250-300,3588,8280,"ID постачальника збігся, але назви різні"
,plantsclub,30.1,2106,2106,Інсектицид Жук OFF 5 л Ukravit Укравіт Україна,Гортензія великолисткова Блек Даймондс ® C5 / H30-40,3000,1087,"ID постачальника збігся, але назви різні"
,plantsclub,30.1,1032,1032,Десикант Альфа-Дикват 20 л Alfa Smart Agro Альфа Смарт Агро Україна,Барбарис Тунберга Вулкано PC21 C3 / H30-40,2598,260,"ID постачальника збігся, але назви різні"
,plantsclub,30.1,1143,1143,Гербіцид Горизонт 5 л Хімагромаркетинг Україна,Куничник гостроквітковий Овердам PC17 C10 / H50-55,2475,156,"ID постачальника збігся, але назви різні"
,plantsclub,30.1,2048,2048,Інсектицид Нокаут Екстра 5 л Alfa Smart Agro / Альфа Смарт Агро Україна,Гібіскус сірійський Вазо Бло Штамб ® C20 / Pa150,1998,1667,"ID постачальника збігся, але назви різні"
,plantsclub,30.1,3076,3076,Фунгіцид Захисник КС 5 л Ukravit Укравіт Україна,Бобовник альпійський Пендулум Штамб C15 / Pa130,1998,1440,"ID постачальника збігся, але назви різні"
,plantsclub,30.1,2171,2171,Iнсектицид Номолт 1 л Basf Басф Німеччина,Гортензія великолисткова Мася C2,1820,205,"ID постачальника збігся, але назви різні"
,plantsclub,30.1,1033,1033,Десикант Альфа-Дикват 10 л Alfa Smart Agro Альфа Смарт Агро Україна,Барбарис Тунберга Вулкано PC22 C5 / H30-40,1748,252,"ID постачальника збігся, але назви різні"
,plantsclub,30.1,7746,7746,Біостимулятор Фертігрейн Страт Кобальт-Молібден / Fertigrain Start CoMo 1 л AgriTecno Іспанія,Туя західна (ий) Кінг оф Брабант K G / H100-120,1456,484,"ID постачальника збігся, але назви різні"
,plantsclub,30.1,7009,7009,Добриво Plantafol Плантафол 30+10+10 5 кг Syngenta (Valagro) Італія,Рододендрон гібридний Сцифокалікс C15 / H40-50,1375,865,"ID постачальника збігся, але назви різні"
,plantsclub,30.1,1024,1024,Гербіцид Оріон 250 г Хімагромаркетинг Україна,Барбарис Тунберга Спешл Голд PC22 C5 / H30-35 / L20-25,998,290,"ID постачальника збігся, але назви різні"
,plantsclub,30.1,5051,5051,Протруйник Максим XL 035 FS 500 мл (розлив) Syngenta Сингента Швейцарія,Сосна гнучка Ван дер Волфс Пірамід G / H100-125,935,4815,"ID постачальника збігся, але назви різні"
,plantsclub,30.1,8117,8117,Добриво Агрeкол / Agrecol для газону осіннє 0-10-25 + MgO 1.2 кг Польща,"Чорниця висока (Голубика, Лохина) Нельсон C5 / H80-100",679,335,"ID постачальника збігся, але назви різні"
,plantsclub,30.1,7094,7094,Біостимулятор Агріфул Антисал / Agriful Antisal 1 л AgriTecno Іспанія,Троянда плетиста Ельф SP G,588,44,"ID постачальника збігся, але різні бренди"
,plantsclub,30.1,7137,7137,Біостимулятор Агріфул / Agriful 1 л AgriTecno Іспанія,Троянда густоквіткова Ніна Вейбулл PC20 C2,530,144,"ID постачальника збігся, але назви різні"
,plantsclub,30.1,3202,3202,Фунгіцид Міравіс 200 SC КС 45 мл Syngenta Сингента Швейцарія,Лілія ОТ-гібридна Флешпоінт 12\14,398,50,"ID постачальника збігся, але назви різні"
,plantsclub,30.1,7608,7608,Добриво GroGreen Гель Блек Меджик 200 г Lima Бельгія,Тис середній Хіксіі Бонсай C230 / H180 / L130,312,41400,"ID постачальника збігся, але назви різні"
,plantsclub,30,3246,3246,Фунгіцид Ютака СЕ 10 л SumiAgro Сумі Агро Японія,Ліріодендрон (Тюльпанове дерево) тюльпановий Фастігіатум C50 / H400-450 / o12-14,8998,5190,"ID постачальника збігся, але назви різні"
,plantsclub,30,7175,7175,Добриво Нутрівант Плюс Картопля 0-43-28+2MgO+ME 25 кг Вітера ICL Ізраїль,Троянда гібридний(а) Френдшип G,11497,60,"ID постачальника збігся, але назви різні"
,plantsclub,30,7994,7994,Добриво Леда Гель Фініш / Leda Gel Finish 10-20-40+TE 10 л Велика Британія,Липа широколиста Фастігіата PC20 C80 / H300-350 / o18-20,7387,4637,"ID постачальника збігся, але різні коди виробника"
,plantsclub,30,3286,3286,Фунгіцид Мілдікат 25 КС 10 л Sumi Agro Сумі Агро Японія,Жимолость східна Німфа C2,5175,120,"ID постачальника збігся, але назви різні"
,plantsclub,30,2101,2101,Інсектицид Воліам Флексі 1 л Syngenta Сингента Швейцарія,Гортензія деревовидна Анабелль PC16 C5 / H40-60,5715,180,"ID постачальника збігся, але назви різні"
,plantsclub,30,7450,7450,Добриво GroGreen NPK 21-21-21+TE 25 кг Lima Бельгія,Тис ягідний (а) Куля C250 / H120-130,5121,27195,"ID постачальника збігся, але різні коди виробника"
,plantsclub,30,3097,3097,Фунгіцид Фолікур 5 л Bayer Байєр Німеччина,Модрина японська Діана XXL C30 / H150-175,3910,2960,"ID постачальника збігся, але різні бренди"
,plantsclub,30,3086,3086,Фунгіцид Шавіт Ф 72 WG ВДГ 5 кг Adama Адама Ізраїль,Модрина європейська Пендула Штамб C10 / L60-80 / Pa180,3744,1715,"ID постачальника збігся, але назви різні"
,plantsclub,30,102-30,10230,Пила садова із чохлом Silky Gomtaro 300-8 (102-30) Японія,"Контейнер М32, 32л, 40*25см",3290,48,"ID постачальника збігся, але назви різні"
,plantsclub,30,7722,7722,Біостимулятор Квантіс 10 л Сингента / Syngenta Швейцарія,Туя західна (ий) Філіформіс Штамб C35 / L30-40 / Pa80,3225,3465,"ID постачальника збігся, але назви різні"
,plantsclub,30,8124,8124,Деструктор Деструмаг Зерива / Zeryva 5 л Україна,"Чорниця висока (Голубика, Лохина) Патріот PC20 C45 / H80-100",1750,1200,"ID постачальника збігся, але назви різні"
,plantsclub,30,3568,3568,Фунгіцид Мелоді Компакт 1 кг (розсип) Bayer Байєр Німеччина,Яблуня домашня Ананас Бенженицький PC17 C12,1560,396,"ID постачальника збігся, але назви різні"
,plantsclub,30,7146,7146,Біостимулятор Амінокат 30% (Aminocat 30%) 1 л Вітера Atlantica Agricola Іспанія,Троянда гібридний(а) Августа Луіза DP PC19 C5 / H20-30,1279,145,"ID постачальника збігся, але різні бренди"
,plantsclub,30,7269,7269,Атрактант Біополін СК 1 л Sumi Agro Сумі Агро,Троянда паркова Вестерленд GK / H30-50,1225,55,"ID постачальника збігся, але різні бренди"
,plantsclub,30,3222,3222,Фунгіцид Геокс 50 WG ВДГ 100 г (розсип) Syngenta Сингента Швейцарія,Ліквідамбар (Амброве дерево) смолоносний C35 / o8-10-12 / Pa150,998,6600,"ID постачальника збігся, але назви різні"
,plantsclub,30,15-910,15910,Парник складаний 80х46х24 см ПВХ плівка 3 полиці Neo Tools (15-910),рН-метр польовий Agrario VT-16 для ґрунту і субстратів 2 в 1: рН-кислотність + вологість,732,790,"ID постачальника збігся, але різні бренди"
,plantsclub,30,1152,1152,Гербіцид Луазит 1 л Хімагромаркетинг Україна,Калла Пікассо 14+,648,50,"ID постачальника збігся, але назви різні"
,plantsclub,30,7922,7922,Біостимулятор Ікар Хайго Інфра / Ikar Higo Infra 0.5 л Литва,Туя західна (ий) Смарагд Спіраль G+C / H120-140,493,4800,"ID постачальника збігся, але назви різні"
,plantsclub,30,7134,7134,Добриво Гуміголд GumiGold (Гумат калію) 1 кг Кіссон Україна,Троянда густоквіткова Фрезія Штамб GK / Pa100,298,420,"ID постачальника збігся, але різні бренди"
,plantsclub,30,3677,3677,Біофунгіцид дезинфектант Йодоцид 1 л Агромаг Україна,N - тестер (ручний датчик азоту),265,21630,"ID постачальника збігся, але назви різні"
,vodospad,29.9,40-262,40262,Ніж садовий для окулірування Целлфаст / Cellfast 40-262 Польща,Набір лобзикових пил Bosch Wood 10 шт (2607011169),548,523,"ID постачальника збігся, але різні бренди"
,plantsclub,29.9,7091,10221,Добриво Опіфол Баланс / Optifol Equilibrium 15-15-15 25 кг Valagro Італія,"Контейнер квадрат 15*15*15см, 3,0л (15*15*15)",4500,6,"код збігся, але різні об'єми або розміри"
,plantsclub,29.9,2150,2150,Інсектицид Сіванто Прайм 1 л Bayer Байєр Німеччина,Гортензія великолисткова Меджікал Брайд ® 3gr PC20 C5 / H50-60,4148,720,"ID постачальника збігся, але назви різні"
,plantsclub,29.9,7112,7112,Добриво Авангард Бор 20 л Ukravit Укравіт Україна,Троянда плетиста Пінк Мусімара PC17 C2,3175,70,"ID постачальника збігся, але назви різні"
,plantsclub,29.9,3208,3208,Фунгіцид Тілт 250 ЕС КЕ 5 л Syngenta Сингента Швейцарія,Лілія ОТ-гібридна Ред Датч 12\14,3120,50,"ID постачальника збігся, але назви різні"
,plantsclub,29.9,3245,3245,Фунгіцид Карнеоль 5 л Adama Адама Ізраїль,Ліріодендрон (Тюльпанове дерево) тюльпановий Фастігіатум C20 / H250-300,2998,8280,"ID постачальника збігся, але назви різні"
,plantsclub,29.9,5007,5007,Протруйник Венцедор 5 л Alfa Smart Agro Альфа Смарт Агро Україна,Сосна густоквіткова Умбракуліфера G / H100-125,1625,5895,"ID постачальника збігся, але назви різні"
,plantsclub,29.9,1028,1028,Гербіцид Містраль 1 кг Аdama Адама Ізраїль,Барбарис Тунберга Саммер Сансет ® PC20 C3 / H30-35,1298,232,"ID постачальника збігся, але назви різні"
,plantsclub,29.9,7185,7185,Добриво Новалон Сід Трітмент Novalon Seed Treatment 1 кг TERRA TARSA Туреччина,Троянда гібридний(а) Керн SP G,500,44,"ID постачальника збігся, але різні бренди"
,plantsclub,29.9,2046,2046,Інсектицид Залп 1 л Alfa Smart Agro / Альфа Смарт Агро Україна,Гібіскус сірійський Мультіколор Штамб C15 / Pa100,624,1594,"ID постачальника збігся, але назви різні"
,plantsclub,29.9,8096,8096,Добриво Osmocote / Хобі Осмокот для гортензій 12-8-19 (5-6 М) 1 кг ICL Нідерланди,"Чорниця висока (Голубика, Лохина) Блюкроп PC20 C12 / H60-80",623,828,"ID постачальника збігся, але назви різні"
,plantsclub,29.9,2086,2086,Інсектицид АТО Жук 500 мл Ukravit Укравіт Україна,Гіацинт Аіда 15\16,598,25,"ID постачальника збігся, але назви різні"
,plantsclub,29.9,7924,7924,Добриво Ікар Інтенс Фруктовий / Ikar Intense Fruit 0.5 л Литва,Туя західна (ий) Смарагд Спіраль K20 C230 / H200-225,585,4347,"ID постачальника збігся, але назви різні"
,plantsclub,29.9,2219,2219,Інсектицид Енжіо 247 SC КС 250 мл (розлив) Syngenta Сингента Швейцария,Гортензія волотиста Грандіфлора PC21 C3,520,240,"ID постачальника збігся, але назви різні"
,plantsclub,29.9,2208,2208,Біоінсектицид ґрунтовий Ентоцид (Метаризін) 0.2 1 кг Enzim Biotech Agro / Ензим Біотех Агро Україна,Гортензія волотиста Діамантіно C3 / H30-40,516,240,"ID постачальника збігся, але назви різні"
,plantsclub,29.9,2084,2084,Інсектицид Бі-58 Топ 1 л Basf Басф Німеччина,Гібіскус сірійський Вудбрідж Штамб C20 / Pa150,450,2880,"ID постачальника збігся, але назви різні"
,plantsclub,29.9,8098,8098,Добриво Osmocote / Хобі Осмокот для овочевих культур 6-13-24 (2-3 М) 1 кг ICL Нідерланди,"Чорниця висока (Голубика, Лохина) Блюкроп PC20 C18 / H40-60",231,828,"ID постачальника збігся, але назви різні"
,plantsclub,29.8,7314,7314,Добриво Кафом Кальцій / Kafom Ca 20 л Meristem Мерістем Іспанія,Верба x сімулатрикс Штамб C3 / Pa60,14098,305,"ID постачальника збігся, але назви різні"
,plantsclub,29.8,7570,7570,Рідке добриво Мерістем Калібор / Meristem Calibor 20 л Іспанія,Тис ягідний (а) Спіраль C250 / H225-250,10953,18130,"ID постачальника збігся, але назви різні"
,plantsclub,29.8,7956,7956,Добриво МагНіт (Нітрат магнію) / MagNit 25 кг Agril Польща,Туя складчата Форева Голді PC21 C3 / H35-40,1248,180,"ID постачальника збігся, але назви різні"
,plantsclub,29.8,2110,2110,Інсектицид Фас КС 5 л Ukravit Укравіт Україна,Гортензія великолисткова Кайпірінха PC21 C5 / H45-50,1125,378,"ID постачальника збігся, але назви різні"
,plantsclub,29.8,7911,7911,Добриво Леда Нітрат магнію / Leda Maganit 11-0-0+16MgO 25 кг Бельгія,Туя західна (ий) Смарагд Пон-Пон C55 / H140-160,1120,5796,"ID постачальника збігся, але назви різні"
,plantsclub,29.8,7955,7955,Добриво Ел-Джі 81/ LG 81 1 л L.Gobbi Італія,Туя складчата Форева Голді PC20 C5 / L30-35,988,384,"ID постачальника збігся, але назви різні"
,plantsclub,29.8,8093,8093,Добриво Хоббі Осмокот / Osmocote Preplant 17-8-10 (16-18 M) 1 кг ICL Нідерланди,"Чорниця висока (Голубика, Лохина) Блюкроп C10 / H80-100",504,1080,"ID постачальника збігся, але різні коди виробника"
,plantsclub,29.8,3413,3413,Фунгіцид Тіофен Турбо 1 л Хімагромаркетинг Україна,Магнолія лілієквіткова Нігра C65 / o12-14 / Pa200,475,8650,"ID постачальника збігся, але назви різні"
,plantsclub,29.8,7125,7125,Регулятор росту AgriFlex Humic Агріфлекс Гумік 1 кг CityMax СітіМакс,Троянда англійська Пенні Лейн DP PC19 C5 / H20-30,448,183,"ID постачальника збігся, але різні бренди"
,plantsclub,29.8,35-70,3570,Плодомір-калібратор для фруктів 35-70 мм (35-70) Eko-Plon Польща,Яблуня домашня Ананас Бенженицький Шпалера PC17 C12,359,600,"ID постачальника збігся, але назви різні"
,plantsclub,29.8,3678,3678,Фунгіцид Сірка суспензійна 800 КС 1 л AgroProtection Україна,Нандіна домашня Гулфстрім C8 / H30-40,225,966,"ID постачальника збігся, але назви різні"
,plantsclub,29.7,2345,2345,Інсектицид Floramite / Флорамайт 1 л Agri Sciences Туреччина,"Гортензія волотиста Фантом PC21 C7,5 / H80-100",8748,420,"ID постачальника збігся, але назви різні"
,plantsclub,29.7,7264,7264,Добриво YaraTera Krista MKP ЯраТера Криста MKP Монокалій фосфат 0-52-34 25 кг Норвегія,Троянда паркова Ред Іден Роуз DP PC19 C5 / H20-30,4298,145,"ID постачальника збігся, але різні бренди"
,plantsclub,29.7,3272,3272,Фунгіцид Міланіт 5 л Нопосон,Жимолость камчатська (голуба) Дует PC21 C3 / H10-15,4264,348,"ID постачальника збігся, але назви різні"
,plantsclub,29.7,2354,2354,Біоінсектицид Арбінс Тут / Arbins Tut 1л Bioera Іспанія,Гортензія волотиста Пінкі Вінкі Штамб C10 / Pa100,3859,1739,"ID постачальника збігся, але назви різні"
,plantsclub,29.7,8113,8113,Регулятор росту Ферті Сет / Ferti Set 5 л Кіссон Україна,"Чорниця висока (Голубика, Лохина) Херма C10 / H80-100",1497,660,"ID постачальника збігся, але назви різні"
,plantsclub,29.7,5004,5004,Протруйник Селест Топ 100 мл Syngenta / Сингента Швейцарія,Сосна густоквіткова Умбракуліфера C60 / H120-140,475,8280,"ID постачальника збігся, але назви різні"
,plantsclub,29.7,1-800,1800,Садовий бальзам Вокс / Voks 800 г зі шпателем Агрохімпак Україна,Бересклет Форчуна Емералд Гаєті C5 / Pa60,375,560,"ID постачальника збігся, але назви різні"
,plantsclub,29.7,9037,9037,Прилипач ад'ювант Скаба КЕ 50 мл Sumi Agro Сумі Агро Японія,Держак Bellota M901 LR120.B для вил (1200мм),128,533,"ID постачальника збігся, але різні об'єми або розміри"
,plantsclub,29.7,1092,1092,Гербіцид Чистець 5 л Presence / Презенс,Будлея Давіда Роял Ред PC16 C10 / H60-80,2,125,"ID постачальника збігся, але назви різні"
,plantsclub,29.6,2130,2130,Інсектицид Кораген 20 КС 5 л FMС ФМС США,Гортензія великолисткова Фройденштайн D10,37498,485,"ID постачальника збігся, але назви різні"
,plantsclub,29.6,7326,7326,Добриво Кафом Мідь / Kafom Cu 20 л Meristem Мерістем Іспанія,Горобина x проміжний (а) PC19 C45 / H200-250 / o8-10 / Pa100,12998,1440,"ID постачальника збігся, але назви різні"
,plantsclub,29.6,1096,1096,Гербіцид Стомп 330 КЕ 10 л Basf Басф Німеччина,Будлея Давіда Уайт Проф'южн PC16 C10,6998,125,"ID постачальника збігся, але назви різні"
,plantsclub,29.6,7197,7197,Біостимулятор Атланте (Atlante) 5 л Вітера Atlantica Agricola Іспанія,Троянда гібридний(а) Моніка Штамб GK / Pa100,5236,420,"ID постачальника збігся, але різні бренди"
,plantsclub,29.6,5006,5006,Протруйник Авіценна 5 л Alfa Smart Agro Альфа Смарт Агро Україна,"Сосна густоквіткова Умбракуліфера C7,5 / H40-50",4998,600,"ID постачальника збігся, але назви різні"
,plantsclub,29.6,1069,1069,Гербіцид Отаман Екстра 20 л Alfa Smart Agro Альфа Смарт Агро Україна,"Береза плакуча (ий) Янгіі Штамб C7,5 / Pa120",4998,1045,"ID постачальника збігся, але назви різні"
,plantsclub,29.6,7221,7221,Добриво Грінплант Greenplant 8-7-40+2+ME 25 кг Green Has Грін Хас Італія,Троянда Кордеса Алоха DP PC19 C5 / H20-30,3750,183,"ID постачальника збігся, але різні бренди"
,plantsclub,29.6,8059,8059,Добриво Сайкін Преміум / Saikin Premium 8-5-40+2MgO+МЕ+ЕАV 15 кг Туреччина,Тюльпан махровий пізній Дабл Тач 11\12,3048,30,"ID постачальника збігся, але назви різні"
,plantsclub,29.6,2047,2047,Інсектицид Наповал 5 л Alfa Smart Agro Альфа Смарт Агро Україна,Гібіскус сірійський Мультіколор Штамб PC20 C30 / Pa100,2898,1812,"ID постачальника збігся, але назви різні"
,plantsclub,29.6,7454,7454,Добриво GroGreen NPK 14-6-28+6СаО+TE 10 кг Lima Бельгія,Тис ягідний (а) Куля C90 / Pa120,2263,10375,"ID постачальника збігся, але назви різні"
,plantsclub,29.6,8009,8009,Добриво Солденсо Гель / Soldenso Gel NPK 17-69-17+TE 5 кг Orange​​​​​​​ Іспанія,Липа широколиста K20 C180 / o20-22 / Pa150-175,2091,8280,"ID постачальника збігся, але різні коди виробника"
,plantsclub,29.6,3103,3103,Фунгіцид Тельдор 500 г (розсип) Bayer Байєр Німеччина проти гнилів на винограді та плодових,Модрина японська Стів Віпер Штамб C15 / Pa120-150,1922,2080,"ID постачальника збігся, але назви різні"
,plantsclub,29.6,2043,2043,Інсектицид акарицид і фунгіцид Брунька 1 л Кемілайн Агро Україна,"Гібіскус сірійський Матильда PC22 C7,5 / H50-60",1398,260,"ID постачальника збігся, але назви різні"
,plantsclub,29.6,2094,2094,Інсектицид Асистент Максі 1 л Агрохімічні Технології Україна,Гіацинт Вудсток 15\16,898,25,"ID постачальника збігся, але назви різні"
,plantsclub,29.6,3152,3152,Фунгіцид Пергадо R 270 WG ВДГ 1 кг (розсип) Syngenta Сингента Швейцарія,Лілія азіатська махрова гібридна Маст Сі 12\14,698,50,"ID постачальника збігся, але назви різні"
,plantsclub,29.6,7992,7992,Добриво Леда Гель Фініш / Leda Gel Finish 10-20-40+TE 1 л Велика Британія,Липа широколиста Фастігіата C155 / H300-350 / o18-20,761,7452,"ID постачальника збігся, але різні коди виробника"
,plantsclub,29.6,7105,7105,Добриво-антистресант AgriFlex Amino Vix Агріфлекс Аміно Вікс 1 кг CityMax,Троянда плетиста Нахеглут DP PC19 C5 / H20-30,675,145,"ID постачальника збігся, але різні бренди"
,plantsclub,29.6,5045,5045,Протруйник Nominal Ultra / Номінал Ультра 1 л Хімагромаркетинг Україна,Сосна гнучка Ван дер Волфс Пірамід C290 / H250-275,598,20400,"ID постачальника збігся, але назви різні"
,plantsclub,29.6,7253,7253,Стимулятор росту для Ягідних Terrenova / Терренова 500 мл Daymsa Іспанія,Троянда мініатюрна Зе Фейрі DP PC18 C2,275,144,"ID постачальника збігся, але різні бренди"
,plantsclub,29.5,8159,8159,Добриво Азорган-Н / Azorgan-N 20 л Bioera Іспанія,"Вейгела квітуча Александра PC21 C7,5 / H45-50",11398,288,"ID постачальника збігся, але назви різні"
,plantsclub,29.5,2004,2004,Інсектицид Енжіо 247 SC КС 5 л Syngenta Сингента Швейцарія,Гібіскус сірійський Дук де Брабант C2,10348,192,"ID постачальника збігся, але назви різні"
,plantsclub,29.5,7954,7954,Добриво Герфос К / Gerfos K 10 л L.Gobbi Італія,Туя складчата Форева Голді PC20 C35 / H140-160,6948,5400,"ID постачальника збігся, але назви різні"
,plantsclub,29.5,7574,7574,Рідке добриво Мерістем Кайран / Meristem Cairan 10 л Іспанія,Тис ягідний (а) Спіраль C70 / H125+,5102,11592,"ID постачальника збігся, але назви різні"
,plantsclub,29.5,7325,7325,Добриво Кафом Мідь / Kafom Cu 5 л Meristem Мерістем Іспанія,Горобина x проміжний (а) K G / o25-30 / Pa100,3498,4800,"ID постачальника збігся, але назви різні"
,plantsclub,29.5,4001,4001,Родентицид Бромадіолон 0.25% 5 л Olkar Олкар Україна,Ялина звичайна Віргата Woodenbox 300 / H300-350,2870,23184,"ID постачальника збігся, але різні бренди"
,plantsclub,29.5,9031,9031,Прилипач Тандем 20 л Ukravit Укравіт Україна,Держак Bellota M3034.B для грабель віялових (1400мм),2200,411,"ID постачальника збігся, але різні об'єми або розміри"
,plantsclub,29.5,3320,3320,Фунгіцид Зорвек Інкантія 250 мл (розлив) Corteva Кортева США,Магнолія гола Єллоу Рівер C20 / H200-220,1250,3809,"ID постачальника збігся, але назви різні"
,plantsclub,29.5,2038,2038,Акарицид Таурус 1 кг Хімагромаркетинг Україна,"Гібіскус сірійський Майке PC22 C7,5 / H100-120",898,260,"ID постачальника збігся, але назви різні"
,plantsclub,29.5,7763,7763,Добриво Ікар Бор / Ikar B 170 (NB 5-17) 1 л Литва,Туя західна (ий) Литл Джаінт PC20 C5 / H35-40 / L30,460,324,"ID постачальника збігся, але назви різні"
,plantsclub,29.5,7928,7928,Добриво Ікар Калісто (Калій) / Ikar Kalisto 0.5 л Литва,Туя західна (ий) Смарагд Штамб C20 / L40-50 / Pa100,370,2640,"ID постачальника збігся, але назви різні"
,plantsclub,29.5,3303,3303,Фунгіцид Феномен Прайм 250 г Ukravit Укравіт Україна,"Жимолость приморська (плетиста) Серотіна C7,5",225,331,"ID постачальника збігся, але назви різні"
,plantsclub,29.5,2213,2213,Інсектицид Ампліго 150 ZC 40 мл Syngenta Сингента Швейцарія,"Гортензія волотиста Грандіфлора C7,5",225,366,"ID постачальника збігся, але назви різні"
,plantsclub,29.5,7716,7716,Мікродобриво Бороплюс Boroplus 100 мл Valagro Валагро Італія,Туя західна (ий) Даніка PC22 C5 / L20-30,115,420,"ID постачальника збігся, але назви різні"
,plantsclub,29.4,7593,7593,Стимулятор росту Гуміфілд Форте Брікс 20 л Humin Tech Німеччина,Тис гострокінцевий Бонсай C1000 / H250-300,11625,120255,"ID постачальника збігся, але назви різні"
,plantsclub,29.4,5037,5037,Протруйник Triolan / Тріолан 5 л Хімагромаркетинг Україна,Сосна гнучка Ван дер Волфс Пірамід C130 / H175-200,4998,15000,"ID постачальника збігся, але назви різні"
,plantsclub,29.4,7070,7070,Добриво ЕДТА 5SG EDTA 5 кг Valagro Валагро Італія,Акація псевдоакація Умбракуліфера PC18 C100 / o12-14-16 / Pa200-220,4648,4637,"ID постачальника збігся, але назви різні"
,plantsclub,29.4,7578,7578,Добриво Калтемі / Kaltemi 10 л Meristem Меристем Іспанія,"Тис ягідний (а) Топіар, Складна Фігура C100 / H200-250",4606,29808,"ID постачальника збігся, але назви різні"
,plantsclub,29.4,5053,5053,Протруйник Селест Топ 1 л (розлив) Syngenta Сингента Швейцарія,Сосна гнучка Ван дер Волфс Пірамід PC20 C20 / H80-90,3400,1.56,"ID постачальника збігся, але назви різні"
,plantsclub,29.4,2124,2124,Інсектицид Трансформ ВРГ Transform WG 250 г Сorveta Кортева,Гортензія великолисткова Фест Уайт C5 / H30-40,2998,325,"ID постачальника збігся, але назви різні"
,plantsclub,29.4,7.107,7107,LOWE Original 7.107 Садовий секатор з наковаленкою Німеччина,Троянда плетиста Нью Даун DP PC19 C5 / H20-30,2850,174,"ID постачальника збігся, але різні бренди"
,plantsclub,29.4,3300,3300,Фунгіцид Антракол ВГ 1 кг (розсип) Bayer Байєр Німеччина,"Жимолость приморська (плетиста) Бельгіка Select PC21 C7,5",998,415,"ID постачальника збігся, але різні бренди"
,plantsclub,29.4,7144,7144,Добриво Вуксал Мікроплант рН Wyxal Microplant рН 1 л Unifer Унифер Німеччина,"Троянда гібридний(а) (Анжеліка DP PC20 C7,5",850,290,"ID постачальника збігся, але різні бренди"
,plantsclub,29.4,7984,7984,Добриво Леда Гель Старт / Leda Gel Start 10-40-20+ТЕ 1 л Велика Британія,"Липа американська (чорна) PC17 C27,5",762,3000,"ID постачальника збігся, але назви різні"
,plantsclub,29.4,2003,2003,Інсектицид Апплауд ЗП 500 г Sumiagro Самміт Агро Японія,"Гібіскус сірійський Чайна Шифон ® PC21 C7,5 / H80-90",700,260,"ID постачальника збігся, але назви різні"
,plantsclub,29.4,7559,7559,Добриво імунорегулятор рослин Софтгард SoftGuard 1 л Leili Лейлі,Тис ягідний (а) Шварцгрун Бонсай C130 / H150 / L120,525,34776,"ID постачальника збігся, але назви різні"
,plantsclub,29.4,7932,7932,Добриво Ікар Зінто (Цинк) / Ikar Zinto 0.5 л Литва,"Туя західна (ий) Смарагд Топіар, Складна Фігура C80 / H100-120",517,3600,"ID постачальника збігся, але назви різні"
,plantsclub,29.4,1057,1057,Гербіцид Пермаклін Ліквід 100 мл Protect Garden Німеччина,Береза плакуча (ий) Штамб №25 C250 / H500-600 / o20-25,465,750,"ID постачальника збігся, але назви різні"
,plantsclub,29.4,1263,1263,Добриво Леда / Leda NPK 8-17-42+TE+GS+Amino 1 кг Нідерланди,Кедр атласький Глаука Пендула Штамб C290 / H300-400 / Pa250,225,49680,"ID постачальника збігся, але назви різні"
,plantsclub,29.4,7545,7545,Добриво Кеміра для газону NPK 12-11-18 1 кг Yara Яра Норвегія,Тис ягідний (а) Піраміда Woodenbox 500 / H175-200 / L70-80,225,19083,"ID постачальника збігся, але різні бренди"
,plantsclub,29.4,7126,7126,Стимулятор росту Ізабіон 100 мл Syngenta Сингента Швейцарія,Троянда англійська Зе Прінцес траст PC17 C2,115,90,"ID постачальника збігся, але назви різні"
,plantsclub,29.3,8154,8154,Регулятор росту НеоВіво / NeoVivo 20 л Neova Фінляндія,"Вейгела Брістол Рубі PC17 C7,5",13923,166,"ID постачальника збігся, але назви різні"
,plantsclub,29.3,1191,1191,Гербіцид Ефірон 20 л Нертус Україна,Осока птахонога Варієгата PC15 P10 / H10-15,7130,55,"ID постачальника збігся, але назви різні"
,plantsclub,29.3,3166,3166,Фунгіцид Джек Пот 5 л КЕ Ukravit Укравіт Україна,Лілія ЛО-гібридна Тріумфатор 12\14,6198,50,"ID постачальника збігся, але назви різні"
,plantsclub,29.3,7557,7557,Добриво Келькат Цинк / Kelkat Zinc 5 кг Вітера Atlantica Agricola Іспанія,Тис ягідний (а) Шварцгрун Бонсай C130 / H120 / L110,4852,26496,"ID постачальника збігся, але назви різні"
,plantsclub,29.3,2283,2283,Інсектициди Актоцид EXTRA 5 л Кіссон Україна,"Гортензія волотиста Меджикал Фаєр ® C7,5",2775,366,"ID постачальника збігся, але назви різні"
,plantsclub,29.3,3263,3263,Фунгіцид Варос 5 л Alfa Smart Agro Альфа Смарт Агро Україна,Ліріодендрон (Тюльпанове дерево) тюльпановий Штамб C30 / o10-12 / Pa220,2000,9000,"ID постачальника збігся, але назви різні"
,plantsclub,29.3,1162,1162,Гербіцид Імі-Віт 5 л Ukravit Укравіт Україна,Кампсіс укорінливий Фламенко C2,1998,144,"ID постачальника збігся, але назви різні"
,plantsclub,29.3,7650,7650,Біостимулятор Egrow Розвиток кореневої системи 1 л Grupo Inesta Іспанія,Туя (Платікладус) східна Ауреа Нана G+C20 / H40-60,798,1656,"ID постачальника збігся, але назви різні"
,plantsclub,29.3,5057,5057,Протруйник Кайзер 1 л Нертус Угорщина,Сосна корейська Шібамічі K20 C65 / H60-80,725,2640,"ID постачальника збігся, але назви різні"
,plantsclub,29.3,7188,7188,Добриво Мікрокат Кальцій (Microcat Ca) 1 л Вітера Vitera Atlantica Agricola Іспанія,Троянда гібридний(а) Ландора Штамб GK / Pa100,552,420,"ID постачальника збігся, але різні бренди"
,plantsclub,29.3,2095,2095,Грунтовий інсектицид Бізар 250 мл Агро-Захист Україна,Гортензія черешкова C5 / H80-100,398,460,"ID постачальника збігся, але назви різні"
,plantsclub,29.3,3428,3428,Фунгіцид СпороМакс В 1 кг Імекс Агро Україна,Магнолія Лебнера Меррілл PC20 C3 / H20-30,348,216,"ID постачальника збігся, але назви різні"
,plantsclub,29.3,8097,8097,Добриво Osmocote / Хобі Осмокот для газону 15-5-5 (2-3 М) 1 кг ICL Нідерланди,"Чорниця висока (Голубика, Лохина) Блюкроп PC20 C15 / H40-60",310,828,"ID постачальника збігся, але назви різні"
,plantsclub,29.3,7068,7068,Біостимулятор МаксіКроп Крем Maxicrop Cream 100 мл Valagro Валагро Італія,Акація псевдоакація Умбракуліфера C55 / o10-12,215,5760,"ID постачальника збігся, але назви різні"
,plantsclub,29.2,3088,3088,Фунгіцид Делавіт 5 л Ukravit Укравит Украина,Модрина європейська Пендула Штамб K14 G+C45 / Pa150-200,5498,2425,"ID постачальника збігся, але різні об'єми або розміри"
,plantsclub,29.2,5013,5013,Протруйник Серкадіс 1 л Basf Басф Німеччина,Сосна густоквіткова Умбракуліфера K19 G / H80-100,5200,1200,"ID постачальника збігся, але різні об'єми або розміри"
,plantsclub,29.2,2335,2335,Інсектицид Міст Супер 5 л Хімагромаркетинг Україна,Гортензія волотиста Mix (в асортименті) PC15 C10,3525,480,"ID постачальника збігся, але назви різні"
,plantsclub,29.2,104-27,10427,Пила садова із чохлом Silky Gomtaro 270-13 (104-27) Японія,Лезо для пили ARS UV-32E-1 (АРС UV-32E-1),2950,844,"ID постачальника збігся, але різні бренди"
,plantsclub,29.2,7207,7207,Добриво Мікрокат Залізо 5 л Вітера Atlantica Agricola Іспанія,Троянда гібридний(а) Ред Берлін SP G,2532,44,"ID постачальника збігся, але різні бренди"
,plantsclub,29.2,7229,7229,Біостимулятор Разормін 1 л Вітера Atlantica Agricola Іспанія,Троянда Кордеса Роткепчен DP PC20 C2,1940,174,"ID постачальника збігся, але різні бренди"
,plantsclub,29.2,1035,1035,Гербіцид Зенкор Ліквід 1 л (розлив) Bayer Байєр Німеччина,"Барбарис Тунберга Вулкано PC22 C7,5 / H30-40",1898,319,"ID постачальника збігся, але назви різні"
,plantsclub,29.2,3284,3284,Фунгіцид Штефікур 5 л Stefes / Штефес Ліхтенштейн,Жимолость східна Ленінградський Велікан C2,1848,100,"ID постачальника збігся, але назви різні"
,plantsclub,29.2,2263,2263,Інсектицид Ріджбек 1 л Corteva Кортева США,Гортензія волотиста Меджікал Андс PC20 C3 / H50-55,1575,290,"ID постачальника збігся, але назви різні"
,plantsclub,29.2,9024,9024,Прилипач Меро EC810 5 л Bayer Байєр Німеччина,Дерев'яний контейнер 120см * 120см * 60см,1820,3194.4,"ID постачальника збігся, але різні об'єми або розміри"
,plantsclub,29.2,7687,7687,Регулятор росту Хелатин Фіто 10 л Кіссон Україна,Туя західна (ий) Клос оф Голд K20 C45 / H60-80,1770,960,"ID постачальника збігся, але назви різні"
,plantsclub,29.2,3094,3094,Фунгіцид Самшит КС 1 л (розлив) Ukravit Укравіт Україна,Модрина японська Бонсай Spirale C60 / H175-200,1475,34580,"ID постачальника збігся, але різні бренди"
,plantsclub,29.2,7465,7465,Біостимулятор росту Alga Care Альга Кер 1 кг Leili Лейлі,Тис ягідний (а) Бонсай C110 / H100-125,1125,19202,"ID постачальника збігся, але назви різні"
,plantsclub,29.2,1261,1261,Гербіцид Огородник 1 кг Хімагромаркетинг Україна,Кедр атласький Глаука Бонсай C230 / H300-350,998,41400,"ID постачальника збігся, але назви різні"
,plantsclub,29.2,7160,7160,Добриво Келік Калій - Кремній (Kelik Potassium-Silicon) 1 л Вітера Atlantica Agricola Іспанія,Троянда гібридний(а) Шопен DP PC20 C2 / H20-30,915,144,"ID постачальника збігся, але різні бренди"
,plantsclub,29.2,7187,7187,Добриво Мікрокат Кальцій-Бор (Microcat Са-В) 1 л Вітера Vitera Atlantica Agricola Іспания,Троянда гібридний(а) Ландора Штамб C12 / Pa100,698,580,"ID постачальника збігся, але назви різні"
,plantsclub,29.2,2281,2281,Біоінсектицид Бітоксибацилін КС 1 л БТУ Центр Україна,Гортензія волотиста Межджікал Кендл PC22 C5,265,360,"ID постачальника збігся, але назви різні"
,plantsclub,29.1,7592,7592,Стимулятор росту Гуміфілд Форте Фульвік 20 л Humin Tech Німеччина,Тис гострокінцевий Бонсай 150*250 C500,9498,84180,"ID постачальника збігся, але назви різні"
,plantsclub,29.1,3108,3108,Фунгіцид Казумін 2Л РК 5 л SumiagroСумі Агро Японія,Модрина японська Стів Віпер Штамб K14 G+C45 / Pa150-200,6225,2425,"ID постачальника збігся, але різні об'єми або розміри"
,plantsclub,29.1,7159,7159,Добриво Келік Калій - Кремній (Kelik K-Si) 5 л Вітера Atlantica Agricola Іспанія,Троянда гібридний(а) Шопен DP PC19 C5 / H20-30,4065,145,"ID постачальника збігся, але різні бренди"
,plantsclub,29.1,9036,9036,Прилипач Ріпо 20 л Stefes / Штефес Ліхтенштейн,Держак Bellota M901 AC75.B для вил з У-подібним закінченням (750мм),4000,633,"ID постачальника збігся, але різні об'єми або розміри"
,plantsclub,29.1,7203,7203,Добриво Мікрокат Цинк-Бор Zn-B 5 л Вітера Atlantica Agricola Іспанія,Троянда гібридний(а) Куїн оф Хертс DP PC19 C5 / H20-30,3666,145,"ID постачальника збігся, але різні бренди"
,plantsclub,29.1,8.104,8104,Садовий секатор з наковаленкою LOWE Original 8.104,"Чорниця висока (Голубика, Лохина) Чендлер PC20 C30 / H60-80",2990,1159,"ID постачальника збігся, але назви різні"
,plantsclub,29.1,2126,2126,Інсектицид Еміприд 1 кг Агрохімічні технології Україна,Гортензія великолисткова Форевер & Евер Ред ® PC19 C5,2782,600,"ID постачальника збігся, але назви різні"
,plantsclub,29.1,1059,1059,Гербіцид Триатлон 500 г Alfa Smart Agro Альфа Смарт Агро Україна,Береза плакуча (ий) Янгіі C30 / o10-12 / Pa120,2496,1400,"ID постачальника збігся, але назви різні"
,plantsclub,29.1,9105,9105,Регулятор кислотності Лимонна кислота безводна / Citric Acid Anhydrous 25 кг Ensign,"Добриво Ekote Fruit Apple 12-06-12+9CaO+3MgO+B (6 місяців), 25 кг",2398,3044,"ID постачальника збігся, але різні бренди"
,plantsclub,29.1,8013,8013,Добриво Солденсо Гель / Soldenso Gel 18-11-59+2%MgO+TE 5 кг Orange​​​​​​​ Іспанія,Липа широколиста Шпалера+Штамб C230 / o20-22 / Pa180,1903,10598,"ID постачальника збігся, але назви різні"
,plantsclub,29.1,15-912,15912,Парник складаний 240x90x90 см ПЕ плівка Neo Tools (15-912),Розчин для калібрування ЕС-метрів Agrario H635 1413us/cm,1895,47,"ID постачальника збігся, але різні бренди"
,plantsclub,29.1,7161,7161,Добриво Фосфорно-калійне Атланте Плюс 1 л Вітера Atlantica Іспанія,"Троянда гібридний(а) Шопен DP PC20 C7,5 / H20-30",1334,290,"ID постачальника збігся, але різні бренди"
,plantsclub,29.1,4033,4033,Молюскоцид Патруль 5 кг Bingo,Ялина двоколірна C15 / H30-40,1248,2160,"ID постачальника збігся, але назви різні"
,plantsclub,29.1,2148,2148,Інсектицид Пірінекс КЕ 1 л Adama Адама Ізраїль,Гортензія великолисткова Меджікал Блю Беллс PC20 C5 / H30-40,655,720,"ID постачальника збігся, але назви різні"
,plantsclub,29.1,9022,9022,Прилипач Тандем 5 л Ukravit Укравіт Україна,Дерев'яний контейнер 90см * 90см * 60см,625,2323.19,"ID постачальника збігся, але різні об'єми або розміри"
,plantsclub,29.1,7443,7443,Добриво GroGreen Файв Фруктус 18-9-36 + 6 CaO + 3 MgO + TE 1 кг Lima Бельгія,Тис ягідний (а) Куля C110 / L60-80 / Pa120,552,10700,"ID постачальника збігся, але назви різні"
,plantsclub,29.1,8062,8062,Добриво Сайкін Преміум / Saikin Premium 16-8-22+3MgO+МЕ+ЕАV 2 кг Туреччина,Тюльпан махровий пізній Парпл Піон 11\12,548,10,"ID постачальника збігся, але назви різні"
,plantsclub,29.1,7927,7927,Добриво Ікар Калісі (Калій-Фосфор-Кремній) / Ikar Kalisi 0.5 л Литва,Туя західна (ий) Смарагд Спіраль XXL C15 / H125-150,480,2770,"ID постачальника збігся, але різні бренди"
,plantsclub,29.1,2167,2167,Інсектицид Фараон 500 мл Хімагромаркетинг Україна,Гортензія великолисткова Меджікал Пінк Рубі ® 1gr PC21 C5 / H25-30,468,420,"ID постачальника збігся, але назви різні"
,plantsclub,29.1,7925,7925,Добриво Ікар Інтенс Олійний / Ikar Intense Oil 0.5 л Литва,Туя західна (ий) Смарагд Спіраль K20 C230 / H220-240,456,4347,"ID постачальника збігся, але назви різні"
,plantsclub,29.1,7615,7615,Добриво Келік Калій (Kelik Potassium) 250 мл Вітера Atlantica Agricola Іспанія,Тис середній Хіксіі Бонсай G+C100 / H200-250,313,42000,"ID постачальника збігся, але назви різні"
,plantsclub,29.1,2316,2316,Інсектицид Антихрущ КС 150 мл Ukravit Укравіт Україна,Гортензія волотиста Меджикал Мунлайт ® PC20 C3 / H60-70,215,240,"ID постачальника збігся, але назви різні"
,plantsclub,29,4034,4034,Молюскоцид Патруль 25 кг Bingo,Ялина двоколірна C15 / H60-80 / L60-70,5525,2915,"ID постачальника збігся, але назви різні"
,plantsclub,29,7289,7289,Добриво Хелатин МоліБор 10 л Кіссон Україна,Троянда Сі Фоам DP PC20 C2,4212,174,"ID постачальника збігся, але назви різні"
,plantsclub,29,7271,7271,Біостимулятор Атлантицел Трихомікс (Atlanticell Trichomix) 1 кг Вітера Atlantica Agricola Іспанія,Троянда перська Бебілон Айз Блашінг ® PC21 C5,3636,232,"ID постачальника збігся, але назви різні"
,plantsclub,29,7186,7186,Добриво Мікрокат Кальцій-Бор (Microcat Са-В) 5 л Вітера Vitera Atlantica Agricola Іспания,Троянда гібридний(а) Ландора DP PC19 C5 / H20-30,2909,144,"ID постачальника збігся, але різні бренди"
,plantsclub,29,7294,7294,Біостимулятор для обробки насіння Стімакс Сідс / Stimax Seeds 1 л Meristem Мерістем Іспанія,Троянда Штамб Mix (в асортименті) C7 / Pa80-110,1175,942,"ID постачальника збігся, але різні бренди"
,plantsclub,29,3134,3134,Біофунгіцид ФітоХелп 1 л БТУ Центр Україна,Бірючина звичайна C15 / H60-80,444,217,"ID постачальника збігся, але назви різні"
,plantsclub,28.9,3014,3014,Фунгіцид Пенкоцеб ЗП 25 кг SumiAgro Самміт Агро Японія,Ялівець середній Мінт Джулеп PC18 C3,9998,155,"ID постачальника збігся, але назви різні"
,plantsclub,28.9,8070,8070,Добриво Осмокот / Osmocote High K 12-8-19 (3-4 М) 25 кг ICL Нідерланди,Тюльпан лілієквітний Бургунді 11/12,9067,10,"ID постачальника збігся, але назви різні"
,plantsclub,28.9,3016,3016,Фунгіцид Антракол ЗП 10 кг Bayer Байєр Німеччина,Ялівець середній Мінт Джулеп PC C15,8298,540,"ID постачальника збігся, але різні бренди"
,plantsclub,28.9,1010,1010,Гербіцид Ураган Форте 20 л Syngenta Сингента Швейцарія,"Барбарис Тунберга Роуз Глоу PC22 C7,5 / H40-60",6998,300,"ID постачальника збігся, але назви різні"
,plantsclub,28.9,7735,7735,Укорінювач Текамін Раіз / Tecamin Raiz 5 л AgriTecno Іспанія,Туя західна (ий) Голден Смарагд ® C3,6838,192,"ID постачальника збігся, але назви різні"
,plantsclub,28.9,7380,7380,Добриво Мікро Павер / Micro Power 10 л SmartGrow Україна,Спірея японська Литл Прінцес PC14 P9,4496,25,"ID постачальника збігся, але назви різні"
,plantsclub,28.9,7453,7453,Добриво GroGreen NPK 17-6-18+TE 25 кг Lima Бельгія,Тис ягідний (а) Куля C80 / Pa140,4332,5606,"ID постачальника збігся, але назви різні"
,plantsclub,28.9,3567,3567,Фунгіцид Сфінкс Екстра 5 кг Adama Адама Ізраїль,Яблуня домашня однорічна Топаз BS GK,4160,70,"ID постачальника збігся, але різні бренди"
,plantsclub,28.9,7958,7958,Добриво Ел-Джі 81/ LG 81 4 л L.Gobbi Італія,Туя складчата Форева Голді Спіраль C25 / H100-125,3744,4927,"ID постачальника збігся, але назви різні"
,plantsclub,28.9,7469,7469,Добриво Кальцій Бор / СaBoron 10 л SmartGrow Україна,Тис ягідний (а) Бонсай C180 / H120-140,3250,25920,"ID постачальника збігся, але назви різні"
,plantsclub,28.9,7825,7825,Добриво Азорган-Н / Azorgan-N 5 л Bioera Іспанія,Туя західна (ий) Смарагд K19 C20 / H140-160,3120,580,"ID постачальника збігся, але назви різні"
,plantsclub,28.9,8067,8067,Добриво Контролфіт Кремній / Controlphyt Si 5 л AgriTecno Іспанія,Тюльпан бахромчастий Канаста 11\12,3048,10,"ID постачальника збігся, але назви різні"
,plantsclub,28.9,1.109,1109,Секатор з ковадлом Lowe Original 1.109 Німеччина,Самшит вічнозенений C5 / H20-25,2800,180,"ID постачальника збігся, але назви різні"
,plantsclub,28.9,2026,2026,Інсектицид Маврік 1 л Adama Адама Ізраїль,Гібіскус сірійський Хамабо C4 / H40-60,2648,195,"ID постачальника збігся, але назви різні"
,plantsclub,28.9,1237,1237,Гербіцид Сокіл 5 л Нертус Угорщина,Катальпа бігнонієвидна Нана Штамб C30 / o10-12 / Pa200,2289,3643,"ID постачальника збігся, але назви різні"
,plantsclub,28.9,7909,7909,Добриво Леда Сульфат калію / Leda Kalasul 0-0-50 +45SO3 25 кг Бельгія,Туя західна (ий) Смарагд Пон-Пон C55 / H120-140,2124,5796,"ID постачальника збігся, але назви різні"
,plantsclub,28.9,2075,2075,Інсектицид Фуфанон 5 л FMC ФМС США,Гібіскус сірійський Триколор Штамб C3 / Pa50,1998,720,"ID постачальника збігся, але назви різні"
,plantsclub,28.9,7693,7693,Добриво Хелатин МегаБор 10 л Кіссон Україна,Туя західна (ий) Даніка K C40 / H40-50,1931,653,"ID постачальника збігся, але назви різні"
,plantsclub,28.9,1055,1055,Гербицид Квін Стар Макс 5 л Ukravit Укравіт Україна,Береза плакуча (ий) Штамб K20 C290 / H300-400 / o20-25,1825,6000,"ID постачальника збігся, але назви різні"
,plantsclub,28.9,7382,7382,Добриво Бор-150 / Boron-150 (В) 10 л SmartGrow Україна,Спірея японська Литл Прінцес PC18 C5 / L35-40,1675,156,"ID постачальника збігся, але назви різні"
,plantsclub,28.9,7800,7800,Добриво Ікар Бор / Ikar B 150 5 л Литва,Туя західна (ий) Смарагд Extra K G / H80-100,1377,300,"ID постачальника збігся, але різні бренди"
,plantsclub,28.9,7492,7492,Мікродобриво Оракул Колофермін Молібдену 1 л Долина Україна,Тис ягідний (а) Конус C130 / H80-100,1375,9936,"ID постачальника збігся, але назви різні"
,plantsclub,28.9,7478,7478,Мікродобриво Оракул Колофермін Бору 5 л Долина Україна,Тис ягідний (а) Бонсай C55 / H100,1278,16560,"ID постачальника збігся, але назви різні"
,plantsclub,28.9,9808,9808,Чохол шкіряний Lowe (9808) Льове Німеччина,Змінне ріжуче лезо до сучкоріза Bahco R160A,1190,1160,"ID постачальника збігся, але різні бренди"
,plantsclub,28.9,7689,7689,Добриво Хелатин Олійні 10 л Кіссон Україна,Туя західна (ий) Клос оф Голд K20 C65 / H60-80,983,2160,"ID постачальника збігся, але назви різні"
,plantsclub,28.9,7694,7694,Добриво Хелатин Марганець 10 л Кіссон Україна,Туя західна (ий) Даніка K G / H40-50,885,480,"ID постачальника збігся, але назви різні"
,plantsclub,28.9,7572,7572,Рідке добриво Мерістем Кайран / Meristem Cairan 1 л Іспанія,Тис ягідний (а) Спіраль C55 / H120-130,698,11592,"ID постачальника збігся, але назви різні"
,plantsclub,28.9,7474,7474,Регулятор росту Вимпел К 1 кг Долина Україна,Тис ягідний (а) Бонсай C30 / H100-140,648,19872,"ID постачальника збігся, але назви різні"
,plantsclub,28.9,7930,7930,Добриво Ікар Менделєніум / Ikar Mendelenium 0.5 л Литва,Туя західна (ий) Смарагд Штамб C45 / L40-50 / Pa100,560,2760,"ID постачальника збігся, але назви різні"
,plantsclub,28.9,7708,7708,Добриво Мікроплант Сірка / Microplant Sulfur 5 кг Кіссон Україна,Туя західна (ий) Даніка PC14 C3 / H15-20,556,120,"ID постачальника збігся, але назви різні"
,plantsclub,28.9,7376,7376,Добриво Мікро Павер / Micro Power 1 л SmartGrow Україна,Спірея японська Джапаніс Дварф PC14 C3 / L20-30,541,90,"ID постачальника збігся, але назви різні"
,plantsclub,28.9,7812,7812,Укорінювач Вітамакс / Vitamax 250 мл Bioera Іспанія,Туя західна (ий) Смарагд K G / H120-140,520,576,"ID постачальника збігся, але назви різні"
,plantsclub,28.9,2089,2089,Інсектицид Нокаут 1 л Alfa Smart Agro Альфа Смарт Агро Україна,Гіацинт Сіті оф Харлем 15\16,312,25,"ID постачальника збігся, але назви різні"
,plantsclub,28.9,2028,2028,Інсектицид Ін Сет 100 г Agrosfera Агросфера,Гібіскус сірійський Хамабо Штамб C5 / Pa80,200,545,"ID постачальника збігся, але назви різні"
,plantsclub,28.9,1064,1064,Гербіцид Тівітус 50 г Ukravit Укравіт Україна,Береза плакуча (ий) Янгіі K19 C80 / H300-400 / o18-20,182,4968,"ID постачальника збігся, але назви різні"
,plantsclub,28.9,2247,2247,Інсектицид Сілкер КЕ 50 мл Sumi Agro Сумі Агро Японія,"Гортензія волотиста Лаймлайт Штамб C7,5 / Pa90",175,1680,"ID постачальника збігся, але назви різні"
,plantsclub,28.8,5052,5052,Протруйник Селест Топ 312.5 FS 5 л Syngenta Сингента Швейцарія,Сосна гнучка Ван дер Волфс Пірамід PC18 C3,15998,358,"ID постачальника збігся, але назви різні"
,plantsclub,28.8,7084,7084,Добриво Опіфол Вегетація / Opifol Vegetative 30-15-5 25 кг Valagro Валагро Італія,Троянда плетиста Блю Мун DP PC19 C5 / H30-40,4500,145,"ID постачальника збігся, але різні бренди"
,plantsclub,28.8,2050,2050,Інсектицид Супербізон 10 л Alfa Smart Agro Альфа Смарт Агро Україна,"Гібіскус сірійський Вазо Бло Штамб ® C7,5 / Pa50",2750,540,"ID постачальника збігся, але назви різні"
,plantsclub,28.8,7189,7189,Добриво Мікрокат Кальцій (Microcat Ca) 5 л Вітера Vitera Atlantica Agricola Іспанія,Троянда гібридний(а) Люстиге DP PC19 C3 / H20-30,2356,144,"ID постачальника збігся, але різні бренди"
,plantsclub,28.8,7612,7612,Біостимулятор Атлантицел Трихомікс (Atlanticell Trichomix) 250 г Вітера Atlantica Agricola Іспанія,Тис середній Хіксіі Бонсай G / H100-120,1248,9601,"ID постачальника збігся, але назви різні"
,plantsclub,28.8,2081,2081,Грунтовий інсектицид Регент 1 кг (розсип) Basf Басф Німеччина,Гібіскус сірійський Уайт Шифон ® XXL C15 / H80-100,650,2170,"ID постачальника збігся, але різні бренди"
,plantsclub,28.8,7019,7019,Добриво Мастер Master 17+6+18 1 кг Valagro Валагро Італія,Рододендрон гібридний Віржинія Річардс C5 / H40-60,350,485,"ID постачальника збігся, але назви різні"
,plantsclub,28.8,3150,3150,Біофунгіцид Viridin Триходермін 1 кг Enzim Biotech Agro / Ензим Біотех Агро Україна,Лілія азіатська гібридна Марлен 14\16,337,50,"ID постачальника збігся, але назви різні"
,plantsclub,28.8,7595,7595,Добриво GroGreen Gel Starter / ГроГрін Гель Стартер NPK 16-69-16+TE 200 г Lima Бельгія,Тис середній Бонсай Woodenbox 700 / H120 / L120,263,33120,"ID постачальника збігся, але різні бренди"
,plantsclub,28.8,7619,7619,Добриво Мікрокат Мікс (Microcat Mix) 250 мл Вітера Atlantica Agricola Іспанія,Тис середній Хіксіі C25 / H60-80,242,780,"ID постачальника збігся, але назви різні"
,plantsclub,28.7,7049,7049,Біостимулятор Кендал ТЕ Kendal ТЕ 1 л Valagro Валагро Італія,Смородина чорна Софіївська BS GK,1398,30,"ID постачальника збігся, але різні бренди"
,plantsclub,28.6,7205,7205,Добриво Мікрокат Мікс (Microcat Mix) 25 л Вітера Atlantica Agricola Іспанія,"Троянда гібридний(а) Куїн оф Хертс DP PC20 C7,5",13817,290,"ID постачальника збігся, але різні бренди"
,plantsclub,28.6,7190,7190,Добриво Мікрокат Кальцій (Microcat Ca) 25 л Вітера Vitera Atlantica Agricola ІспанІя,Троянда гібридний(а) Люстиге DP PC20 C2 / H20-30,10762,174,"ID постачальника збігся, але різні бренди"
,plantsclub,28.6,7172,7172,Добриво Нутрівант Плюс Плодовий 12-5-27+8CaO+МЕ 25 кг Вітера ICL Ізраїль,Троянда гібридний(а) Єва SP G,9835,44,"ID постачальника збігся, але різні бренди"
,plantsclub,28.6,3011,3011,Фунгіцид Натіво 2 кг Bayer Байєр Німеччина,Ялівець середній Мінт Джулеп PC14 C3 / L20-30,8998,125,"ID постачальника збігся, але назви різні"
,plantsclub,28.6,2201,2201,Інсектицид Ініціатор 1 кг Bayer Байєр Німеччина,Гортензія волотиста Кенделайт PC18 C5,7248,360,"ID постачальника збігся, але назви різні"
,plantsclub,28.6,7129,7129,Добриво Розасоль 15:45:10+МЕ 25 кг Rosier S A Бельгія,Троянда густоквіткова Бургунді Штамб GK / Pa100,4650,420,"ID постачальника збігся, але різні бренди"
,plantsclub,28.6,2220,2220,Інсектицид акарицид Вертимек Нео 018 SL РК 1 л Syngenta Сингента Швейцарія,Гортензія волотиста Грандіфлора PC21 C3 / H20-30,3900,240,"ID постачальника збігся, але назви різні"
,plantsclub,28.6,1053,1053,Гербіцид Антисапа Ліквід 5 л Ukravit Укравіт Україна,Береза плакуча (ий) Штамб K20 C180 / H300-400 / o20-25,4425,4968,"ID постачальника збігся, але назви різні"
,plantsclub,28.6,2353,2353,Біоінсектицид Німекст / Neemext 1 л Bioera Іспанія,Гортензія волотиста Пінк Леді PC14 C5 / H60-70,3640,170,"ID постачальника збігся, але назви різні"
,plantsclub,28.6,7761,7761,Добриво Ікар Молібден / Ikar Mo 300 1 л Литва,Туя західна (ий) Литл Джаінт PC18 C5,3158,215,"ID постачальника збігся, але назви різні"
,plantsclub,28.6,7473,7473,Регулятор росту Вимпел К 5 кг Долина Україна,Тис ягідний (а) Бонсай C230 / H250-300,3060,66240,"ID постачальника збігся, але назви різні"
,plantsclub,28.6,1164,1164,Гербіцид Селеніт Макс 5 л Ukravit Укравіт Україна,Кампсіс укорінливий Флява C2,2948,144,"ID постачальника збігся, але назви різні"
,plantsclub,28.6,7195,7195,Добриво Мікрокат Олійний (Microcat Oil Crops) 5 л Вітера Atlantica Agricola Іспанія,Троянда гібридний(а) Малібу SP G,2851,44,"ID постачальника збігся, але різні бренди"
,plantsclub,28.6,3290,3290,Фунгіцид Альфа-Стандарт 10 л Alfa Smart Agro Альфа Смарт Агро Україна,"Жимолость східна Синєглазка C7,5",2750,290,"ID постачальника збігся, але назви різні"
,plantsclub,28.6,7971,7971,Інокулянт Трікобест / Tricobest 500 г Meristem Мерістем Іспанія,Туя складчата Віпкорд Штамб C15 / Pa100,2325,3600,"ID постачальника збігся, але назви різні"
,plantsclub,28.6,7457,7457,Добриво GroGreen NPK 15-5-30+3MgO+TE 10 кг Lima Бельгія,Тис ягідний (а) Куля G / L50,2060,1205,"ID постачальника збігся, але назви різні"
,plantsclub,28.6,2044,2044,Інсектицид Залп 5 л Alfa Smart Agro / Альфа Смарт Агро Україна,Гібіскус сірійський Mix (в асортименті) PC21 C3,1898,176,"ID постачальника збігся, але різні бренди"
,plantsclub,28.6,1187,1187,Гербіцид Ефірон 5 л Нертус Україна,Осока Моррова Айс Денс PC20 C2 / H25-30,1893,145,"ID постачальника збігся, але назви різні"
,plantsclub,28.6,8001,8001,Добриво Солденсо Гель / Soldenso Gel NPK 12-44-12+6%CaO+3%MgO 5 кг Orange Іспанія,Липа широколиста Фастігіата Штамб K G / o25-30 / Pa175,1852,6000,"ID постачальника збігся, але назви різні"
,plantsclub,28.6,7010,7010,Добриво Plantafol Плантафол 5+15+45 5 кг Syngenta (Valagro) Італія,Рододендрон гібридний Сцифокалікс C5 / H30-40,1725,855,"ID постачальника збігся, але назви різні"
,plantsclub,28.6,3380,3380,Фунгіцид Міравіс Прайм 400 SC КС 250 мл (розлив) Syngenta Сингента Швейцарія,Магнолія гібридний(а) Джині ® C12 / H150-175,1498,1685,"ID постачальника збігся, але назви різні"
,plantsclub,28.6,7913,7913,Добриво Леда Кальцієва селітра / Leda Calanit NPK: 15.5-0-0 + 26.5CaO 25 кг Бельгія,Туя західна (ий) Смарагд Пон-Пон G+C50 / H140-160,1425,7200,"ID постачальника збігся, але різні коди виробника"
,plantsclub,28.6,292-1,2921,Степлер садовий My Garden Pro (292-1) для підв'язування рослин,Ялівець віргінський Тріпатіта Бонсай C20 / H80-100,1290,2175,"ID постачальника збігся, але назви різні"
,plantsclub,28.6,8132,8132,Мікродобриво Технічні Зерива / Zeryva 5 л Украина,Калина боднантська Шарль Ламон Штамб PC20 C30 / Pa120,1250,1560,"ID постачальника збігся, але назви різні"
,plantsclub,28.6,4005,4005,Родентицид Мишолов 1 л Бродіфакум Нертус Угорщина,Ялина звичайна Віллс Цверг C3 / H25-30,848,994,"ID постачальника збігся, але назви різні"
,plantsclub,28.6,7709,7709,Добриво Мікроплант Бор / Microplant Boron 5 кг Кіссон Україна,"Туя західна (ий) Даніка PC14 P10,5",846,25,"ID постачальника збігся, але назви різні"
,plantsclub,28.6,7202,7202,Добриво Мікрокат Цинк-Бор Zn-B 1 л Вітера Atlantica Agricola Іспанія,Троянда гібридний(а) Куїн оф Хертс DP G,824,60,"ID постачальника збігся, але різні бренди"
,plantsclub,28.6,2105,2105,Інсектицид АЦ Люкс ЗП 1 кг Ukravit Укравіт Україна,"Гортензія великолисткова Бела C7,5",754,300,"ID постачальника збігся, але назви різні"
,plantsclub,28.6,7829,7829,Добриво Азорган-Н / Azorgan–N 1 л Bioera Іспанія,Туя західна (ий) Смарагд K19 C25 / H120-140,728,508,"ID постачальника збігся, але назви різні"
,plantsclub,28.6,7513,7513,Інокулянт ХіСтік Соя 0.4 кг Basf Басф Німеччина,Тис ягідний (а) Девід Extra C45 / H120-140,525,4320,"ID постачальника збігся, але різні бренди"
,plantsclub,28.6,7663,7663,Добриво BRANDT Reaction / Брендт Реакшн Сірка ДС 21-0-0+23S 1 кг США,Туя (Платікладус) східна Ауреа Нана PC18 C3,619,300,"ID постачальника збігся, але назви різні"
,plantsclub,28.6,3227,3227,Фунгіцид Цілитель ЗП 1 кг Ukravit / Укравіт Україна,Ліквідамбар (Амброве дерево) смолоносний Мультиштамб C110 / H200-300,548,16800,"ID постачальника збігся, але назви різні"
,plantsclub,28.6,8008,8008,Добриво Солденсо Гель / Soldenso Gel NPK 17-69-17+TE 1 кг Orange​​​​​​​ Іспанія,Липа широколиста K14 G / H150-200,541,320,"ID постачальника збігся, але різні об'єми або розміри"
,plantsclub,28.6,2001,2001,Інсектицид Форс 1 кг (розсип) Syngenta Сингента Швейцарія,"Гібіскус сірійський Чайна Шифон ® C7,5",520,260,"ID постачальника збігся, але назви різні"
,plantsclub,28.6,100-50,10050,Кущоріз Японська якість / Japan Quality з нержавіючої сталі SK-5 (100-50),"Ключ для КШД 3/4НР (P-33DK), пластик",450,193.6,"ID постачальника збігся, але різні коди виробника"
,plantsclub,28.6,5010,5010,Протруйник Венцедор 1 л Alfa Smart Agro Альфа Смарт Агро Украина,Сосна густоквіткова Умбракуліфера K19 C45 / H80-100,448,1680,"ID постачальника збігся, але назви різні"
,plantsclub,28.6,2238,2238,Інсектицид Апплауд 25 КС 100 мл SumiАgro Японія,"Гортензія волотиста Лаймлайт PC22 C7,5 / H60-65",398,420,"ID постачальника збігся, але назви різні"
,plantsclub,28.6,7384,7384,Добриво Цинк / Zinс (Zn) 1 л SmartGrow Україна,Спірея японська Литл Прінцес PC21 C3 / H10-15,315,151,"ID постачальника збігся, але назви різні"
,plantsclub,28.4,7906,7906,Добриво Леда Калієва селітра / Leda Potanit NPK 13.5-0-46 Leda Potanit 25 кг Бельгія,Туя західна (ий) Смарагд Пон-Пон C35 / H100-120,2523,6121,"ID постачальника збігся, але різні коди виробника"
,plantsclub,28.4,7361,7361,Добриво Плантатор 10+54+10 5 кг Кіссон Україна,Спірея японська Голдфлейм PC17 C5,1146,135,"ID постачальника збігся, але назви різні"
,plantsclub,28.4,7360,7360,Добриво Плантатор 10+54+10 1 кг Кіссон Україна,Спірея японська Голдфлейм PC17 C3,281,80,"ID постачальника збігся, але назви різні"
,plantsclub,28.4,7617,7617,Добриво Мікрокат Кальцій (Microcat Ca) 250 мл Vitera Вітера Atlantica Agricola Испания,Тис середній Хіксіі Бонсай Woodenbox 700 / H200 / L120,260,52992,"ID постачальника збігся, але різні бренди"
,plantsclub,28.3,7635,7635,Укорінювач Ризопон Powder AA 0.5% 10 кг Rhizopon B.V. Нідерланди,Тис середній Хілліі Extra C45 / H120-140,59229,4721,"ID постачальника збігся, але різні бренди"
,plantsclub,28.3,7558,7558,Добриво Мерістем Meristem NPK 13-5-30+2MgO+Mix 25 кг Іспанія,Тис ягідний (а) Шварцгрун Бонсай C130 / H130-140 / L100,3892,33120,"ID постачальника збігся, але назви різні"
,plantsclub,28.3,7804,7804,Регулятор росту Платіна / Platina 1 л Globagem N.V. Бельгія,Туя західна (ий) Смарагд K C45 / H100-120,3848,435,"ID постачальника збігся, але назви різні"
,plantsclub,28.3,7569,7569,Рідке добриво Мерістем Калібор / Meristem Calibor 5 л Іспанія,Тис ягідний (а) Спіраль C15 / H100-125,3148,4140,"ID постачальника збігся, але назви різні"
,plantsclub,28.3,7736,7736,Біостимулятор Агріфул Антисал / Agriful Antisal 5 л AgriTecno Іспанія,Туя західна (ий) Голден Смарагд ® C4,2808,335,"ID постачальника збігся, але назви різні"
,plantsclub,28.3,7406,7406,Добриво GroGreen Гроліф NPK 10-40-10 + TE + QPS45 5 кг Lima Бельгія,Бузок звичайний Каліфорнія Роуз K15 G / H125-150,1794,455,"ID постачальника збігся, але різні об'єми або розміри"
,plantsclub,28.3,7151,7151,Стимулятор росту Райкат Старт (Raykat Start) 1 л Вітера Atlantica Agricola Іспанія,"Троянда гібридний(а) Беверлі DP PC20 C7,5",1498,290,"ID постачальника збігся, але різні бренди"
,plantsclub,28.3,7277,7277,Добриво Нітрат Кальцію Calcium Nitrate 25 кг Heliopotasse Франция,Троянда поліантова Кларет Піксі DP PC19 C5 / H20-30,1425,145,"ID постачальника збігся, але різні бренди"
,plantsclub,28.3,7645,7645,Укорінювач Ризапон AA 0.2% Tablets 20 шт Rhizopon B.V. Нідерланди,Туя (Платікладус) східна Ауреа Нана C2,1246,193,"ID постачальника збігся, але назви різні"
,plantsclub,28.3,2132,2132,Інсектицид Антигусінь КС 5 л Ukravit Укравіт Україна,"Гортензія великолисткова Ховарія Лав ю Кісс D4,6 / H30-40",1148,550,"ID постачальника збігся, але назви різні"
,plantsclub,28.3,7807,7807,Інокулянт Біорадіс Сол / Bioradis Sol 100 г Bioera Іспанія,Туя західна (ий) Смарагд K C60 / H120-140,1040,508,"ID постачальника збігся, але назви різні"
,plantsclub,28.3,8095,8095,Добриво Хобі Осмокот / Osmocote S-Curved 16-8-12 (5-6 M) 1 кг ICL Нідерланди,"Чорниця висока (Голубика, Лохина) Блюкроп PC14 C3 / H30-40",599,110,"ID постачальника збігся, але назви різні"
,plantsclub,28.3,7728,7728,Біостимулятор-антистресант Текамін Макс / Tecamin Max 1 л AgriTecno Іспанія,Туя західна (ий) Глобоза Компакта K20 C80 / H100-120,582,1159,"ID постачальника збігся, але назви різні"
,plantsclub,28.3,1049,1049,Гербіцид Антибур'ян 1 л Аптека садівника Україна,Береза плакуча (ий) Мультиштамб K20 C230 / H300-400 / o20-25,548,7200,"ID постачальника збігся, але назви різні"
,plantsclub,28.3,7343,7343,Біостимулятор укорінювач Alga Root Альга Рут 1 л Leili Лейлі,"Спірея японська Ентоні Ватерер PC C7,5 - 30-50 см",525,288,"ID постачальника збігся, але різні об'єми або розміри"
,plantsclub,28.3,7757,7757,Добриво Ікар Інтенс Олійний / Ikar Intense Oil 1 л Литва,Туя західна (ий) Литл Джаінт K18 G / H30-40,520,360,"ID постачальника збігся, але різні об'єми або розміри"
,plantsclub,28.2,1125,1125,Гербіцид Геліантекс 1 л Corteva Кортева США,Самшит вічнозенений GK / H50-75,16998,55,"ID постачальника збігся, але різні бренди"
,plantsclub,28.2,7177,7177,Добриво Нутрівант Плюс Олійний 0-20-33+ME 25 кг Вітера ICL Ізраїль,Троянда гібридний(а) G,9973,70,"ID постачальника збігся, але назви різні"
,plantsclub,28.2,3275,3275,Фунгіцид Тілмор 240 ЕС КЕ 5 л Bayer Байєр Німеччина,Жимолость блискуча Майгрюн PC16 C3,6238,85,"ID постачальника збігся, але назви різні"
,plantsclub,28.2,7464,7464,Добриво Спектрум B+Mo 20 л FMС ФМС США,Тис ягідний (а) Бонсай C100 / H120-140,4000,21600,"ID постачальника збігся, але назви різні"
,plantsclub,28.2,3015,3015,Фунгіцид Делан 1 кг Basf Басф Німеччина,Ялівець середній Мінт Джулеп PC19 C5 / H20-25 / L35,3248,215,"ID постачальника збігся, але назви різні"
,plantsclub,28.2,7383,7383,Добриво Цинк / Zinс (Zn) 10 л SmartGrow Україна,Спірея японська Литл Прінцес PC19 C5 / L20-25,3198,190,"ID постачальника збігся, але назви різні"
,plantsclub,28.2,3100,3100,Фунгіцид Зидан 5 л Pest Пест Україна,Модрина японська Стів Віпер Штамб C10 / L60-80 / Pa180,1716,1805,"ID постачальника збігся, але назви різні"
,plantsclub,28.2,3679,3679,Фунгицид Сірка суспензійна 800 КС 5 л AgroProtection Україна,Нарцис Апрікот Вірл 14\16,948,35,"ID постачальника збігся, але назви різні"
,plantsclub,28.2,100-02,10002,Гілкоріз кований 800 мм Drop Forged SK 5 (100-02),"Клей SpliceAdhesiv 11,36л (метал)",648,4980,"ID постачальника збігся, але різні об'єми або розміри"
,plantsclub,28.2,7953,7953,Добриво Борон / Boron 21 PG 1 кг L.Gobbi Італія,Туя складчата Форева Голді PC15 C3 / H20-30,585,145,"ID постачальника збігся, але назви різні"
,plantsclub,28.2,1165,1165,Гербіцид Румер 300 мл Fader Велика Британія,"Кампсіс укорінливий Флява PC20 C1,5",425,232,"ID постачальника збігся, але назви різні"
,vodospad,28.1,40-216,40216,Окантовувач країв газону Cellfast IPRO 133 см (40-216) Польща,Набір свердел Bosch HSS PointTeQ 18 шт ToughBox D1-10 (2608577350),998,812,"ID постачальника збігся, але різні об'єми або розміри"
,plantsclub,28.1,7752,7752,Біостимулятор Фертігрейн Старт / Fertigrain Start 5 л AgriTecno Іспанія,Туя західна (ий) Литл Чемпіон PC21 C5 / H35-40 / L30,6396,290,"ID постачальника збігся, але назви різні"
,plantsclub,28.1,7903,7903,Добриво Леда / Leda NPK 17-10-33+0.5MgO+TE+GS+Amino 25 кг Нідерланди,Туя західна (ий) Смарагд Пон-Пон Бонсай G+C35 / H160-180,4622,5796,"ID постачальника збігся, але різні коди виробника"
,plantsclub,28.1,7282,7282,Добриво Келькат Мікс ЕДТА / Kelkat Mix EDTA 1 кг Вітера Atlantica Agricola Іспанія,Троянда поліантова Морздаг Уайт DP PC19 C5 / H20-30,1017,145,"ID постачальника збігся, але різні бренди"
,plantsclub,28.1,9045,9045,Ад’ювант Технофіт pH+ / Tecnophyt pH+ 1 л AgriTecno Іспанія,Держак QuikFit Fiskars 136022 графітовий,822,336,"ID постачальника збігся, але різні бренди"
,plantsclub,28.1,2037,2037,Інсектицид Альфа-ацетаміприд 0.5 кг Alfa Smart Agro Альфа Смарт Агро Україна,Гібіскус сірійський Майке PC22 C5 / H100-120,546,276,"ID постачальника збігся, але назви різні"
,plantsclub,28.1,2172,2172,Інсектицид Логус 100 мл Alfa Smart Agro Альфа Смарт Агро Україна,Гортензія великолисткова Mix (в асортименті) PC14 C5,362,210,"ID постачальника збігся, але різні бренди"
,plantsclub,28.1,7665,7665,Добриво Брендт Реакшн / BRANDT Reaction​​​​​​​ Фосфор ДС 12-58-0 250 г Vitera Україна,Туя (Платікладус) східна Ауреа Нана PC19 C5 / H30-35,336,265,"ID постачальника збігся, але назви різні"
,plantsclub,28.1,9029,9029,Прилипач ПроЛіф ProLif 1 л Хімагромаркетинг Україна,Держак Bellota 3630.B для ножівок та секаторів довгомірних (1790/2800 мм),225,1599,"ID постачальника збігся, але різні об'єми або розміри"
,plantsclub,28,7567,7567,Рідке добриво Мерістем Купрітем / Meristem Cupritem 25 л Іспанія,Тис ягідний (а) Спіраль C / H120-140,22125,10764,"ID постачальника збігся, але назви різні"
,plantsclub,28,7571,7571,Рідке добриво Мерістем Калібор / Meristem Calibor 25 л Іспанія,Тис ягідний (а) Спіраль C35 / H100-125,13120,4174,"ID постачальника збігся, але назви різні"
,plantsclub,28,7575,7575,Рідке добриво Мерістем Кайран / Meristem Cairan 20 л Іспанія,Тис ягідний (а) Штамб C50 / L50-60 / Pa120,9962,6600,"ID постачальника збігся, але назви різні"
,plantsclub,28,3192,3192,Фунгіцид Геокс 50 WG ВДГ 1 кг Syngenta Сингента Швейцарія,Лілія трубчаста гібридна Афрікан Квін 12\14,8748,50,"ID постачальника збігся, але назви різні"
,plantsclub,28,2284,2284,Інсектицид Іназума 5 кг Summit-Agro Сумі Агро Японія,Гортензія волотиста Меджикал Фаєр ® PC18 C10,4998,540,"ID постачальника збігся, але назви різні"
,plantsclub,28,7525,7525,Добриво GroGreen Грінта Беррі NPK 14-7-26 + 3MgO + 1% FULVK + TE 25 кг Lima Бельгія,Тис ягідний (а) 4 Кулі C130 / H200-250,4525,33120,"ID постачальника збігся, але назви різні"
,plantsclub,28,7023,7023,Добриво Мастер Master 17+6+18 25 кг Valagro Валагро Італія,"Рододендрон Лорд Робертс C7,5 / H35-40",4198,477,"ID постачальника збігся, але назви різні"
,plantsclub,28,7891,7891,Регулятор росту Стопрост 10 л Хімагромаркетинг Україна,Туя західна (ий) Смарагд PC19 C20 / H100-120,2598,580,"ID постачальника збігся, але назви різні"
,plantsclub,28,7799,7799,Регулятор росту Гіб 3 Глобахем НВ 10 таб / Gibb 3 Globagem NV Бельгія,Туя західна (ий) Смарагд Extra K C65 / H80-100,2348,608,"ID постачальника збігся, але різні бренди"
,plantsclub,28,7128,7128,Добриво органічне Макс 600 SeaSailer / СіСайлер 1 кг Citymax,Троянда густоквіткова Артур Белл DP PC19 C5 / H20-30,1448,144,"ID постачальника збігся, але різні бренди"
,plantsclub,28,7320,7320,Добриво Кафом Магній / Kafom Mg 1 л Meristem Мерістем Іспанія,Горобина звичайна Додонг Штамб C35 / o8-10 / Pa180-200,1175,3450,"ID постачальника збігся, але назви різні"
,plantsclub,28,7547,7547,Регулятор росту РизоГумат 1 кг Зерива / Zeryva Україна,Тис ягідний (а) Піраміда+Штамб C130 / H200-250,1000,33120,"ID постачальника збігся, але назви різні"
,plantsclub,28,3087,3087,Фунгіцид Фалькон 500 мл (розлив) Bayer Байєр Німеччина,Модрина європейська Пендула Штамб K14 G / Pa150-200,775,2255,"ID постачальника збігся, але різні об'єми або розміри"
,plantsclub,28,7568,7568,Рідке добриво Мерістем Калібор / Meristem Calibor 1 л Іспанія,Тис ягідний (а) Спіраль C100 / H200-220,725,8402,"ID постачальника збігся, але назви різні"
,plantsclub,28,292-2,2922,Степлер садовий підв'язувальний My Garden Easy (292-2),Ялівець середній Блю енд Голд PC14 C3 / L20-30,675,140,"ID постачальника збігся, але назви різні"
,plantsclub,28,7036,7036,Добриво Брексіл Кальцій Brexil Ca 1 кг Syngenta (Valagro) Італія,Рододендрон Смірнова Хеллікі C3,675,245,"ID постачальника збігся, але назви різні"
,plantsclub,28,7758,7758,Добриво Ікар Інтенс Овочевий / Ikar Intense Veggies 1 л Литва,Туя західна (ий) Литл Джаінт K19 C12,640,480,"ID постачальника збігся, але назви різні"
,plantsclub,28,1140,1140,Гербіцид Оптимум 1 л Хімагромаркетинг Україна,"Куничник гостроквітковий Овердам PC15 C1,2 / H40-60",548,75,"ID постачальника збігся, але назви різні"
,plantsclub,28,8011,8011,Добриво Солденсо Гель / Soldenso Gel NPK 30-30-30+TE 1 кг Orange Іспанія,Липа широколиста PC21 C5 / H150-165,510,300,"ID постачальника збігся, але різні коди виробника"
,plantsclub,28,7960,7960,Укорінювач Текамін Раіз / Tecamin Raiz 250 мл AgriTecno Іспанія,Туя складчата Корнік K14 G / H50-60,406,285,"ID постачальника збігся, але різні об'єми або розміри"
,plantsclub,27.9,7817,7817,Укорінювач Вітамакс / Vitamax 5 л Bioera Іспанія,"Туя західна (ий) Смарагд K17 C27,5 / H120-140",6240,480,"ID постачальника збігся, але назви різні"
,plantsclub,27.9,2063,2063,Інсектицид Антихрущ КС 1 л Ukravit Укравіт Україна,Гібіскус сірійський Ред Хат C4 / H40-60,1048,195,"ID постачальника збігся, але назви різні"
,plantsclub,27.9,5024,5024,Протруйник Кватрофорс 1 л (розлив) Агрохімічні технології Україна,Сосна густоквіткова Умбракуліфера PC21 C180 / H120-130 / L100-120,1040,9936,"ID постачальника збігся, але назви різні"
,plantsclub,27.9,7011,7011,Добриво Plantafol Плантафол 10+54+10 1 кг Syngenta (Valagro) Італія,"Рододендрон гібридний Сцифокалікс C7,5 / H40-50",475,810,"ID постачальника збігся, але назви різні"
,plantsclub,27.9,8006,8006,Добриво Солденсо Гель / Soldenso Gel NPK 9-9-39+7%MgO+54%SO3+TE 1 кг Orange​​​​​​​ Іспанія,Липа широколиста Фастігіата Штамб K20 L115 / o18-20 / Pa150-175,468,7452,"ID постачальника збігся, але назви різні"
,plantsclub,27.9,7496,7496,Мікродобриво Оракул Колофермін Калію 1 л Долина Україна,Тис ягідний (а) Конус C40 / H100-110,330,4810,"ID постачальника збігся, але назви різні"
,plantsclub,27.8,7149,7149,Біостимулятор Амінокат 30% (Aminocat 30%) 25 л Вітера Atlantica Agricola Іспанія,Троянда гібридний(а) Бероліна GK / H30-50,28215,55,"ID постачальника збігся, але різні бренди"
,plantsclub,27.8,1172,1172,Гербіцид Лаудіс 3 кг Bayer Байер Німеччина,"Кампсіс укорінливий Флоріда PC20 C7,5",11998,216,"ID постачальника збігся, але назви різні"
,plantsclub,27.8,8088,8088,Добриво Осмокот / Osmocote Protect 14+8+11 (8-9 M) 25 кг ICL Нідерланди,В'яз голландський Жаклін Хіллер C60 / H100-125,10083,2363,"ID постачальника збігся, але назви різні"
,plantsclub,27.8,8074,8074,Добриво Осмокот / Osmocote Standard 15-9-12 (5-6 M) 25 кг ICL Нідерланди,Тюльпан багатоквітковий Меррі Гоу Раунд11/12,8997,10,"ID постачальника збігся, але назви різні"
,plantsclub,27.8,7458,7458,Добриво GroGreen NPK 15-5-30+3MgO+TE 25 кг Lima Бельгія,Тис ягідний (а) Куля G / Pa140,4585,5805,"ID постачальника збігся, але назви різні"
,plantsclub,27.8,3307,3307,Фунгіцид Жокей Екстра КС 5 л Хімагромаркетинг Україна,Магнолія Дафні C10 / H125-150,4098,2400,"ID постачальника збігся, але назви різні"
,plantsclub,27.8,7673,7673,Антистресант Сільвер Аміно-Ап / Silver Amino-Up 5 л Atlantica Іспанія,Туя (Платікладус) східна Пірамідаліс Ауреа G / H80-100,3200,560,"ID постачальника збігся, але назви різні"
,plantsclub,27.8,7731,7731,Біостимулятор-антистресант Текамін Макс / Tecamin Max 5 л AgriTecno Іспанія,Туя західна (ий) Голден Глоб K14 G+C15 / H30-40,2912,245,"ID постачальника збігся, але різні об'єми або розміри"
,plantsclub,27.8,3114,3114,Фунгіцид Оріус ЕВ 1 л Adama Адама Ізраїль,Лаванда вузьколиста Елізабет C2,848,160,"ID постачальника збігся, але назви різні"
,plantsclub,27.8,7729,7729,Біостимулятор Текамін Вігор / Tecamin Vigor 1 л AgriTecno Іспанія,Туя західна (ий) Глобоза Компакта K20 C80 / H50-60,822,720,"ID постачальника збігся, але назви різні"
,plantsclub,27.8,2119,2119,Інсектицид Віарес 1 л Alfa Smart Agro Альфа Смарт Агро Україна,Гортензія великолисткова Ендлесс Саммер Роуз C5 / H20-30,798,720,"ID постачальника збігся, але назви різні"
,plantsclub,27.8,2198,2198,Інсектицид Атік 1 кг DEFENDA Дефенда,Гортензія волотиста Кенделайт ® PC21 C3 / H20-30,598,312,"ID постачальника збігся, але назви різні"
,plantsclub,27.8,7926,7926,Добриво Ікар Інтенс Овочевий / Ikar Intense Veggies 0.5 л Литва,Туя західна (ий) Смарагд Спіраль K20 C290 / H240-260,394,3600,"ID постачальника збігся, але назви різні"
,plantsclub,27.8,3304,3304,Фунгіцид Джек Пот КЕ 100 мл Ukravit Укравіт Україна,Магнолія Бетті PC20 C3 / H20-30,248,216,"ID постачальника збігся, але назви різні"
,plantsclub,27.8,7467,7467,Добриво Кальцій Бор / СaBoron 1 л SmartGrow Україна,Тис ягідний (а) Бонсай C110 / H140,1,14400,"ID постачальника збігся, але назви різні"
,plantsclub,27.7,7638,7638,Укорінювач Ризопон Powder AA 1% 10 кг Rhizopon B.V. Нідерланди,Тис середній Хілліі PC20 C15 / H60-80,63598,1500,"ID постачальника збігся, але назви різні"
,plantsclub,27.7,2243,2243,Інсектицид Сілкер КЕ 10 л Sumi Agro Сумі Агро Японія,Гортензія волотиста Лаймлайт Штамб C5 / Pa50,18500,470,"ID постачальника збігся, але назви різні"
,plantsclub,27.7,8076,8076,Добриво Осмокот / Osmocote Preplant 17-8-10 (16-18 M) 25 кг ICL Нідерланди,Тюльпан багатоквітковий Тукан 11/12,7461,10,"ID постачальника збігся, але назви різні"
,plantsclub,27.7,5017,5017,Протруйник Ларімар 5 л Агрохімічні технології Україна,Сосна густоквіткова Умбракуліфера K20 C55 / H80-100,4992,7800,"ID постачальника збігся, але назви різні"
,plantsclub,27.7,8140,8140,Добриво Савіавітал К / Saviavital K 5 л Bioera Іспанія,Виноград культурний Аркадія (столовий) NN GK,3640,80,"ID постачальника збігся, але різні бренди"
,plantsclub,27.7,7518,7518,Регулятор росту плодів гіберелін Новагіб / Novagib 1 л Fine Agrochemicals Велика Британія,Тис ягідний (а) Довастоніі Ауреа Бонсай C500 / H250-300,3500,248400,"ID постачальника збігся, але назви різні"
,plantsclub,27.7,9.107,9107,LOWE Original 9.107 обхідний секатор Німеччина,"Добриво Ekote Fruit Balance 223 10-10-17+7CaO+4MgO (3 місяці) для плодово-ягідних культур, 25 кг",3190,4095,"ID постачальника збігся, але різні бренди"
,plantsclub,27.7,7780,7780,Добриво Ікар Калісі (Калій-Фосфор-Кремній) / Ikar Kalisi 5 л Литва,Туя західна (ий) Мірьям ® PC21 C3 / H25 / L15-20,2662,202,"ID постачальника збігся, але назви різні"
,plantsclub,27.7,4035,4035,Родентицид Раттер 5 л Enzim Biotech Agro / Ензим Біотек Агро Україна,Ялина двоколірна C25 / H130-150,2225,5796,"ID постачальника збігся, але назви різні"
,plantsclub,27.7,2088,2088,Інсектицид Апплауд 25 КС 1 л SumiАgro Японія,Гіацинт Карнегі 15\16,2148,25,"ID постачальника збігся, але назви різні"
,plantsclub,27.7,2342,2342,Інсектицид Laser 480 SC / Лазер 100 мл Agri Sciences Туречина,"Гортензія волотиста Фантом PC20 C7,5 / H20-30",1998,366,"ID постачальника збігся, але назви різні"
,plantsclub,27.7,3083,3083,Фунгіцид Гарт ЗП 2 кг Ukravit Укравіт Україна,LAQUAtwin. Нітратомір,1098,17900,"ID постачальника збігся, але різні бренди"
,plantsclub,27.7,2237,2237,Інсектицид Траверс / Travers 1 кг Хімагромаркетинг Україна,"Гортензія волотиста Лаймлайт PC20 C7,5 / H90-100",948,420,"ID постачальника збігся, але назви різні"
,plantsclub,27.7,7583,7583,Добриво Калтемі / Kaltemi 1 л Meristem Меристем Іспанія,"Тис ягідний (а) Топіар, Складна Фігура C130 / H250-275",625,24840,"ID постачальника збігся, але назви різні"
,plantsclub,27.7,7749,10221,Біостимулятор ТехноГель Аміно / TecnoGel Amino 15-15-15 Balanced 5 л AgriTecno Fertilizantes Іспанія,"Контейнер квадрат 15*15*15см, 3,0л (15*15*15)",475,6,"код збігся, але різні об'єми або розміри"
,plantsclub,27.6,3204,3204,Фунгіцид Топаз 100 ЕС КЕ 5 л Syngenta Сингента Швейцарія,Лілія ОТ-гібридна Палаццо 16\18,14198,50,"ID постачальника збігся, але назви різні"
,plantsclub,27.6,8079,8079,Добриво Осмокот / Osmocote Pro 18-9-10 (8-9 М) 25 кг ICL Нідерланди,Тюльпан тріумф Барселона 12+,7277,15,"ID постачальника збігся, але назви різні"
,plantsclub,27.6,7279,7279,Добриво Келькат Залізо / Kelkat Iron 5 кг Вітера Atlantica Agricola Іспанія,"Троянда поліантова Кларет Піксі DP PC20 C7,5 / H20-30",5905,290,"ID постачальника збігся, але різні бренди"
,plantsclub,27.6,3148,3148,Фунгіцид Віоліс 5 л Ukravit Укравіт Україна,Лілія азіатська махрова гібридна Елоді 12\14,2648,50,"ID постачальника збігся, але назви різні"
,plantsclub,27.6,7511,7511,Добриво YaraTera Krista К Plus ЯраТера Криста К Плюс Нітрат калію 25 кг Норвегія,Тис ягідний (а) Девід Extra C40 / H120-140,2325,5962,"ID постачальника збігся, але різні бренди"
,plantsclub,27.6,3569,3569,Фунгіцид Делавіт 1 л Ukravit Укравит Украина,Яблуня домашня Ананас Бенженицький PC20 C20,1198,994,"ID постачальника збігся, але назви різні"
,plantsclub,27.6,3228,3228,Фунгіцид Ридоміл Голд 1 кг (розсип) Syngenta Сингента Швейцарія,Ліквідамбар (Амброве дерево) смолоносний Мультиштамб C35 / H200-300,998,16800,"ID постачальника збігся, але назви різні"
,plantsclub,27.6,7764,7764,Добриво Brandt Manni-Plex Ca-B / Брендт Менні-Плекс Кальцій-Бор 1 л Vitera Україна,Туя західна (ий) Литл Джаінт PC21 C10 / H30-35 / L30,692,432,"ID постачальника збігся, але назви різні"
,plantsclub,27.5,7579,7579,Добриво Калтемі / Kaltemi 20 л Meristem Меристем Іспанія,"Тис ягідний (а) Топіар, Складна Фігура C130 / H125-150",8971,19872,"ID постачальника збігся, але назви різні"
,plantsclub,27.5,7003,7003,Добриво Мастер Master 15+5+30 25 кг Syngenta (Valagro) Валагро Італія,Рододендрон гібридний Нова Зембла C5 / H30-40,4675,540,"ID постачальника збігся, але назви різні"
,plantsclub,27.5,7730,7730,Біостимулятор Текамін Вігор / Tecamin Vigor 5 л AgriTecno Іспанія,Туя західна (ий) Глобоза Компакта K20 C80 / H80-100,4004,1015,"ID постачальника збігся, але назви різні"
,plantsclub,27.5,3037,3037,Фунгіцид Бордо Ізагро 74% ЗП 10 кг Isagro Італія,Ялівець середній Олд Голд PC12 C5,3600,324,"ID постачальника збігся, але назви різні"
,plantsclub,27.5,6.109,6109,Секатор із наковаленкою та оборотною ручкою Льове / Lowe Original (6.109) Німеччина,Сосна жовта Пендула D10 / H80-100,3390,2905,"ID постачальника збігся, але назви різні"
,plantsclub,27.5,7212,7212,Добриво Вуксал Аміноплант рН Wyxal Aminoplant рН 10 л Unifer Уніфер Німеччина,Троянда гібридний(а) Сутін SP G,3312,44,"ID постачальника збігся, але різні бренди"
,plantsclub,27.5,7158,7158,Добриво Келік Калій (Kelik Potassium) 5 л Вітера Atlantica Agricola Іспанія,Троянда гібридний(а) Шопен DP PC18 C2,3198,85,"ID постачальника збігся, але різні бренди"
,plantsclub,27.5,15.104,15104,Секатор садовий LOWE Original 15.104,"Ялівець китайський Стрікта Варієгата PC C7,5",1850,420,"ID постачальника збігся, але різні бренди"
,plantsclub,27.5,8144,8144,Добриво Неовіт Кобре / Neovit Cobre 1 л Bioera Іспанія,Виноград культурний Кишмиш лучистий (столовий) NN GK,1404,70,"ID постачальника збігся, але різні бренди"
,plantsclub,27.5,7426,7426,Добриво GroGreen Gel Ca-B-Sul (Кальцій-Бор-Сірка) 1 кг Lima Бельгія,Бузок звичайний Мішель Бюхнер PC17 C10 / Pa80-100,1014,549,"ID постачальника збігся, але назви різні"
,plantsclub,27.5,7215,7215,Добриво-антистресант AgriFlex Amino Zn Агріфлекс Аміно Цинк 1 кг CityMax,Троянда гібридний(а) Топаз SP G,625,44,"ID постачальника збігся, але різні бренди"
,plantsclub,27.5,3232,3232,Фунгіцид Віоліс 1 л Ukravit Укравіт Україна,Ліквідамбар (Амброве дерево) смолоносний Woodenbox 100 / H500-550 / o20-25,598,18216,"ID постачальника збігся, але різні бренди"
,plantsclub,27.5,3427,3427,Фунгіцид СпороМакс Т 1 кг Імекс Агро Україна,Магнолія Лебнера Меррілл C55 / H200-250,248,4325,"ID постачальника збігся, але назви різні"
,plantsclub,27.5,7085,7085,Біостимулятор МаксіКроп Сет Maxicrop Set 100 мл Valagro Валагро Італія,Троянда плетиста Блю Мун PC17 C2,175,70,"ID постачальника збігся, але назви різні"
,plantsclub,27.4,3149,3149,Фунгіцид Сетар 375 SC к с 5 л Syngenta Сингента Швейцария,Лілія азіатська гібридна Ландіні 12\14,7488,50,"ID постачальника збігся, але назви різні"
,plantsclub,27.4,7681,7681,Добриво BRANDT Reaction / Брендт Реакшн Сірка ДС 21-0-0+23S 10 кг США,Туя західна (ий) Брабант PC20 C5,4987,240,"ID постачальника збігся, але назви різні"
,plantsclub,27.4,3003,3003,Фунгіцид Скала 3 л Bayer Байєр Німеччина,"Ялівець середній Мінт Джулеп C7,5",4648,290,"ID постачальника збігся, але назви різні"
,plantsclub,27.4,7637,7637,Укорінювач Ризопон Powder AA 1% 500 г Rhizopon B.V. Нідерланди,Тис середній Хілліі PC18 C20 / H80-100,4238,1044,"ID постачальника збігся, але назви різні"
,plantsclub,27.4,7340,7340,Добриво Мерістем Meristem NPK 8-4-42+2MgO+Mix 25 кг Іспанія,Спірея японська Ентоні Ватерер PC16 C3,4193,85,"ID постачальника збігся, але назви різні"
,plantsclub,27.4,9016,9016,Регулятор кислотності Візуал pH / Visual pH 5 л Meristem Мерістем Іспанія,"Дерев'яна ручка 1,3 м Штокер Stocker 2223",2235,330,"ID постачальника збігся, але різні об'єми або розміри"
,plantsclub,27.4,4032,4032,Родентицид Шах і Мат 7 кг Olkar Олкар Україна,Ялина двоколірна C15 / H130-150,948,2112,"ID постачальника збігся, але назви різні"
,plantsclub,27.4,7387,7387,Добриво Кальцій Хелат / Ca Chelate 1 л SmartGrow Україна,"Спірея японська Неон Флеш PC15 C2,5 / H15-20",644,85,"ID постачальника збігся, але назви різні"
,plantsclub,27.4,7267,7267,Вуксал Кальций Wuxal Ca 1 л Unifer Уніфер Німечина,Троянда паркова Софія Ренесанс Штамб GK / Pa100,450,420,"ID постачальника збігся, але різні бренди"
,plantsclub,27.3,8078,8078,Добриво Осмокот / Osmocote Pro Hghi K 11-11-19 (5-6 М) 25 кг ICL Нідерланди,Тюльпан звичайний пізній Куін оф Найт 11/12,7565,10,"ID постачальника збігся, але назви різні"
,plantsclub,27.3,1066,1066,Гербіцид Містраль 5 кг Аdama Адама Ізраїль,Береза плакуча (ий) Янгіі PC19 C45 / H300-400 / o10-12,6240,3422,"ID постачальника збігся, але назви різні"
,plantsclub,27.3,1151,1151,Гербіцид Бутізан 400 КС 5 л Basf Басф Німеччина,Калла Піч Шиффон 14+,5725,60,"ID постачальника збігся, але назви різні"
,plantsclub,27.3,3221,3221,Фунгіцид Юніформ 446 SE CE 1 л Syngenta Сингента Швейцарія,Ліквідамбар (Амброве дерево) смолоносний C35 / o6-8 / Pa150,4775,5400,"ID постачальника збігся, але назви різні"
,plantsclub,27.3,3442,3442,Фунгіцид Супрім 5 л Adama Адама Ізраїль,Магнолія Рікі PC21 C3 / H60-70,3998,298,"ID постачальника збігся, але назви різні"
,plantsclub,27.3,7.109,7109,Секатор садовий із наковаленкою Льове / Lowe Original (7.109) Німеччина,Троянда плетиста Перпешуалі Йорс DP PC18 C5,3300,144,"ID постачальника збігся, але різні бренди"
,plantsclub,27.3,3306,3306,Фунгіцид Бродвей КС 5 л Хімагромаркетинг Україна,Магнолія бруклинська Єллоу Бьорд Soliter Woodenbox 600 / H300-350,3248,30139,"ID постачальника збігся, але назви різні"
,plantsclub,27.3,2268,2268,Інсектицид Juvinal Gold / Джувінал Голд КЕ 1 л Sumitomo Chemical Японія,Гортензія волотиста Меджікал Андс PC21 C3,2498,240,"ID постачальника збігся, але назви різні"
,plantsclub,27.3,7726,7726,Біостимулятор Текамін Флауер / Tecamin Flower 1 л AgriTecno Іспанія,Туя західна (ий) Глобоза Компакта K20 C65 / H50-60,910,720,"ID постачальника збігся, але назви різні"
,plantsclub,27.3,7040,7040,Добриво Брексіл Мікс Brexil Mix 1 кг Syngenta (Valagro) Італія,Рододендрон якушиманський Моргенрот Штамб C10 / Pa80,685,1720,"ID постачальника збігся, але назви різні"
,plantsclub,27.3,7827,7827,Добриво Савіахумік Л / Saviahumik L 1 л Bioerа Іспанія,Туя західна (ий) Смарагд K19 C20 / H80-100,676,406,"ID постачальника збігся, але назви різні"
,plantsclub,27.3,1169,1169,Гербіцид Майстер Пауер 250 мл (розлив) Bayer Байєр Німеччина,Кампсіс укорінливий Флоріда C2,498,216,"ID постачальника збігся, але назви різні"
,plantsclub,27.3,7820,7820,Біостимулятор - антистресант Новамін Н (Азот) / Novamine N 250 мл Bioera Іспанія,Туя західна (ий) Смарагд K18 G / H100-120,380,385,"ID постачальника збігся, але різні об'єми або розміри"
,plantsclub,27.3,7833,7833,Добриво Кальційглюк / Calcigluc 250 мл Bioera Іспанія,Туя західна (ий) Смарагд K19 C25 / H80-100,325,406,"ID постачальника збігся, але назви різні"
,plantsclub,27.3,9099,9099,Регулятор кислотності Ад’ютант / Adjutant 1 кг Кіссон Україна,Добриво Ekote Agriculture Coated N 42-00-00 (5-6 місяців),321,64,"ID постачальника збігся, але різні бренди"
,plantsclub,27.2,7099,7099,Мікродобриво Розасоль К 8-17-41+ME 25 кг Rosier SA Бельгія,Троянда плетиста Голден Шауерс DP PC19 C5 / H20-30,3500,180,"ID постачальника збігся, але різні бренди"
,plantsclub,27.2,7543,7543,Добриво Нітрат калію Potassium Nitrate 13-0-46 25 кг Кемапко Kemapco Йорданія,Тис ягідний (а) Піраміда Extra Woodenbox 600 / H200-225,1925,20276,"ID постачальника збігся, але різні бренди"
,plantsclub,27.2,8143,8143,Добриво Неовіт Кобре / Neovit Cobre 250 мл Bioera Іспанія,Виноград культурний Гурман ранній (столовий) NN GK,468,80,"ID постачальника збігся, але різні бренди"
,plantsclub,27.2,7022,7022,Добриво Мастер Маster 18+18+18+3 1 кг Valagro Валагро Італія,Рододендрон Лаксгольд C3,350,245,"ID постачальника збігся, але назви різні"
,plantsclub,27.2,7012,7012,Добриво Plantafol Плантафол 20+20+20 1 кг Syngenta (Valagro) Італія,Рододендрон гібридний Сімона C290 / H125-150,348,19872,"ID постачальника збігся, але назви різні"
,plantsclub,27.2,3195,3195,Фунгіцид Магнікур Нео (Консенто) 100 мл Protect Garden Німеччина,Лілія трубчаста гібридна Уайт Хевен 14\16,310,50,"ID постачальника збігся, але назви різні"
,plantsclub,27.1,3299,3299,Фунгіцид Антракол ВГ 10 кг Bayer Байєр Німеччина,Жимолость приморська (плетиста) Бельгіка Select C5,8625,415,"ID постачальника збігся, але різні бренди"
,plantsclub,27.1,8035,8035,Добриво ТекноГель Аміно / TecnoGel Amino 25-8-10 10 л AgriTecno Іспанія,Тсуга канадська K14 G / H100-120,4004,695,"ID постачальника збігся, але різні об'єми або розміри"
,plantsclub,27.1,7672,7672,Біостимулятор Арчер Осмокер / Archer Osmocare 1 кг Atlantica Іспанія,Туя (Платікладус) східна Пірамідаліс Ауреа C25 / H125-150,1455,870,"ID постачальника збігся, але назви різні"
,plantsclub,27.1,7934,7934,Добриво Cульфат магнію/ Nova Mag-S 0-0-0+16 MgO+32 SO3 25 кг ICL Ізраїль,Туя західна (ий) Смарагд Потрійна Куля G+C30 / H160-180,798,4800,"ID постачальника збігся, але назви різні"
,plantsclub,27.1,7933,7933,Добриво Nova PeKacid Пекацид 0-60-20 2 кг ICL Ізраїль,Туя західна (ий) Смарагд Топіар K20 C45 / H120-140,598,5072,"ID постачальника збігся, але назви різні"
,plantsclub,27.1,8031,8031,Добриво ТекноГель Аміно / TecnoGel Amino 10-25-10 1 л AgriTecno Іспанія,Тсуга канадська K C80 / H200-220,498,2484,"ID постачальника збігся, але різні коди виробника"
,plantsclub,27.1,2303,2303,Інсекто-фунгіцид Зимовіт 1 л Кіссон Україна,Гортензія волотиста Меджікал Маттерхорн PC22 C5 / H20-25,189,302,"ID постачальника збігся, але назви різні"
,plantsclub,27.1,7938,7938,Біостимулятор рослин Amalgerol Essence / Амалгерол Ессенс 100 мл SumiAgro Сумі Агро,Туя західна (ий) Тіні Тім PC14 C3 / L15-20,165,120,"ID постачальника збігся, але назви різні"
,plantsclub,27,7787,7787,Добриво Ікар Молібден / Ikar Mo 300 5 л Литва,Туя західна (ий) Реінголд PC14 P9,15576,25,"ID постачальника збігся, але назви різні"
,plantsclub,27,7173,7173,Добриво Нутрівант Плюс Пасльоновий Nutrivant Plus Tomato 6-18-37+2MgO+ME 25 кг Вітера ICL Ізраїль,Троянда гібридний(а) Фієста SP G,10804,44,"ID постачальника збігся, але різні бренди"
,plantsclub,27,7674,7674,Добриво Brandt Manni-Plex B-Moly / Брендт Менні-Плекс Бор-Молібден 10 л США,Туя західна (ий) Брабант Extra K G / H100-120,5208,360,"ID постачальника збігся, але різні бренди"
,plantsclub,27,7732,7732,Біостимулятор Фертігрейн Фоліар / Fertigrain Foliar 5 л AgriTecno Іспанія,Туя західна (ий) Голден Глоб PC14 C3 / H20-30,3978,110,"ID постачальника збігся, але назви різні"
,plantsclub,27,3029,3029,Фунгіцид Сігнум 1 кг Basf Басф Німеччина,Ялівець середній Олд Голд C5 / H20-30,3598,252,"ID постачальника збігся, але назви різні"
,plantsclub,27,7737,7737,Біостимулятор Агріфул / Agriful 5 л AgriTecno Іспанія,Туя західна (ий) Голден Смарагд ® C5 / H40-60,2574,305,"ID постачальника збігся, але назви різні"
,plantsclub,27,7370,7370,Добриво Авангард Бор 10 л Ukravit Укравіт Україна,"Спірея японська Голдмунд PC15 C1,2 / H10-20",1648,50,"ID постачальника збігся, але назви різні"
,plantsclub,27,8142,8142,Добриво Неовіт Хієро / Neovit Hierro 1 л Bioera Іспанія,Виноград культурний Гранатовий NN GK,780,40,"ID постачальника збігся, але різні бренди"
,plantsclub,27,1039,1039,Гербіцид Ураган Форте 1 л Syngenta Сингента Швейцарія,Береза чорна C30 / o8-10,758,3312,"ID постачальника збігся, але назви різні"
,plantsclub,27,70-32,7032,Прищепна стрічка Maxifilm (1 шт) без перфорації 70 м х 32 мм Agroplast Італія,Рододендрон понтійскій Граціелла лілароуз C15 / H40-50,749,865,"ID постачальника збігся, але назви різні"
,plantsclub,27,3313,3313,Фунгіцид Ревус Топ 500 ЕС КС 100 мл Syngenta Сингента Швейцарія,"Магнолія Дафні C7,5 / H80-100",725,2165,"ID постачальника збігся, але назви різні"
,plantsclub,27,8012,8012,Добриво Солденсо Гель / Soldenso Gel 18-11-59+2%MgO+TE 1 кг Orange​​​​​​​ Іспанія,Липа широколиста Шпалера+Штамб C130 / Pa200,510,10598,"ID постачальника збігся, але назви різні"
,plantsclub,27,7100,7100,Добриво Блек Павер Бор / Black Power Bor 1 л SmartGrow Україна,Троянда плетиста Хендель DP G,398,60,"ID постачальника збігся, але різні бренди"
,plantsclub,27,4039,4039,Родентицид Антимиша 1 кг Хімагромаркетинг Україна,Ялина двоколірна C5 / H30-40,298,1140,"ID постачальника збігся, але назви різні"
,plantsclub,27,7773,7773,Добриво Ікар Інфра 1 л / Ikar Infra Литва,Туя західна (ий) Мірьям ® PC14 C3 / H20-30,2,130,"ID постачальника збігся, але назви різні"
,plantsclub,26.9,8072,8072,Добриво Осмокот / Osmocote High K 12-8-19 (5-6 М) 25 кг ICL Нідерланди,Тюльпан лілієквітний Вайт Тріумфатор 11/12,9356,10,"ID постачальника збігся, але назви різні"
,plantsclub,26.9,7153,7153,Стимулятор росту Райкат Ріст (Raykat Growth) 1 л Вітера Atlantica Agricola Іспанія,Троянда гібридний(а) Блек Меджік PC17 C2,1198,70,"ID постачальника збігся, але назви різні"
,plantsclub,26.9,7564,7564,Рідке добриво Мерістем Купрітем / Meristem Cupritem 1 л Іспанія,Тис ягідний (а) Шварцгрун Бонсай C80 / H140 / L80,1125,18000,"ID постачальника збігся, але назви різні"
,plantsclub,26.9,7964,7964,Добриво Текнокель Аміно Мікс / Tecnokel Amino Mix 1 л AgriTecno Іспанія,Туя складчата Віпкорд PC12 C5 / H20-30,593,140,"ID постачальника збігся, але назви різні"
,plantsclub,26.9,7819,7819,Біостимулятор-антистресант Новамін Н (Азот) Плюс / Novamine N Plus 100 г Bioera Іспанія,Туя західна (ий) Смарагд K17 G / H120-140,416,425,"ID постачальника збігся, але різні об'єми або розміри"
,plantsclub,26.9,2229,2229,Біологічний інсектоакарицид Дефендер / Defender 1 л SmartGrow Україна,Гортензія волотиста Лаймлайт C3 / H40-60,398,267,"ID постачальника збігся, але назви різні"
,plantsclub,26.9,2139,2139,Інсектицид Туріл 250 г Ukravit Укравіт Україна,"Гортензія великолисткова Меджікал Аллегретто ® 1gr PC22 C7,5",364,720,"ID постачальника збігся, але назви різні"
,plantsclub,26.9,7596,7596,Добриво GroGreen Gel Vegetativ / ГроГрін Гель Вегетатив NPK 27-27-27+3MgO+TE 200 г Lima Бельгія,Тис середній Бонсай Woodenbox 700 / H150 / L150,260,28802,"ID постачальника збігся, але різні бренди"
,plantsclub,26.8,1170,1170,Гербіцид Євро-Лайтнінг / Euro-Lightning 10 л Basf Басф Німеччина,Кампсіс укорінливий Флоріда C2 / H40-60,15498,170,"ID постачальника збігся, але назви різні"
,plantsclub,26.8,8069,8069,Добриво Осмокот / Osmocote S-Curved 16-8-12 (5-6 M) 25 кг ICL Нідерланди,Тюльпан бахромчастий Ханімун 11/12,8997,10,"ID постачальника збігся, але назви різні"
,plantsclub,26.8,3276,3276,Фунгіцид Акадія КС 5 л Adama Адама Ізраїль,Жимолость блискуча Майгрюн PC19 C5 / H30-40,7800,145,"ID постачальника збігся, але назви різні"
,plantsclub,26.8,2333,2333,Інсекто-акарицид Калінік КС 5 л Акваріус Україна,Гортензія волотиста Меджікел Везувіо PC21 C20 / H80,6300,492,"ID постачальника збігся, але назви різні"
,plantsclub,26.8,3351,3351,Біофунгіцид Серенада АСО 10 л Bayer Байер Німеччина,Магнолія Хані Туліп C80 / H175-200,5900,10764,"ID постачальника збігся, але назви різні"
,plantsclub,26.8,8014,8014,Добриво Фертіплант Універсал / Fertiplant Universal 20+20+20+ME 25 кг Planta Німеччина,Липа Шпалера PC18 C80 / o10-12,4250,6901,"ID постачальника збігся, але назви різні"
,plantsclub,26.8,2104,2104,Інсектицид Антихрущ КС 5 л Ukravit Укравіт Україна,Гортензія великолисткова Бела C2,3425,270,"ID постачальника збігся, але назви різні"
,plantsclub,26.8,1234,1234,Гербіцид Мотор 5 л Нертус Угорщина,Катальпа бігнонієвидна Нана Штамб C20 / o8-10 / Pa200,3302,2280,"ID постачальника збігся, але назви різні"
,plantsclub,26.8,7336,7336,Добриво Аміномакс Кальцій / Aminomax Ca 5 л Meristem Меристем Іспанія,Спірея японська Ентоні Ватерер K19 C80 / H80-100,3248,480,"ID постачальника збігся, але назви різні"
,plantsclub,26.8,3305,3305,Секатор з ковадлом Lowe 3305 Німеччина,Магнолія бруклинська Єллоу Бьорд C18 / H125-150,2650,3312,"ID постачальника збігся, але назви різні"
,plantsclub,26.8,2227,2227,Інсектицид Хлорпірівіт-Агро 5 л Ukravit Укравіт Україна,Гортензія волотиста Лаймлайт ® PC21 C5 / H70-80,2048,360,"ID постачальника збігся, але назви різні"
,plantsclub,26.8,8060,8060,Добриво Сульфат Калію / Nova SOP 0-0-50+43SO3 25 кг ICL Ізраїль,Тюльпан махровий пізній Айс Крім 11\12,1998,35,"ID постачальника збігся, але назви різні"
,plantsclub,26.8,3034,3034,Фунгіцид Ефатол 2.5 кг Хімагромаркетинг Україна,Ялівець середній Олд Голд K G / H60-80,1448,480,"ID постачальника збігся, але назви різні"
,plantsclub,26.8,2118,2118,Інсекто-акарицид Препарат 30 В 10 л,Гортензія великолисткова Ендлесс Саммер Роуз C5,1248,840,"ID постачальника збігся, але назви різні"
,plantsclub,26.8,7280,7280,Добриво Келькат Цинк / Kelkat Zinc 1 кг Вітера Atlantica Agricola Іспанія,Троянда поліантова Лілі Марлен DP PC18 C2,1049,85,"ID постачальника збігся, але різні бренди"
,plantsclub,26.8,7671,7671,Біостимулятор Крузеро (Crucero) 1 л Вітера Atlantica Agricola Іспанія,Туя (Платікладус) східна Елегантіссіма G / H80-100,970,560,"ID постачальника збігся, але назви різні"
,plantsclub,26.8,7335,7335,Добриво Аміномакс Кальцій / Aminomax Ca 1 л Meristem Мерістем Іспанія,Спірея японська Ентоні Ватерер K19 C60 / H80-100,780,580,"ID постачальника збігся, але назви різні"
,plantsclub,26.8,7823,7823,Біостимулятор Екісітімакс / Equisetomax 250 мл Bioera Іспанія,Туя західна (ий) Смарагд K19 C20 / H100-120,468,435,"ID постачальника збігся, але назви різні"
,plantsclub,26.7,2319,2319,Інсектицид Косейр 1 л Аdama Адама Ізраїль,Гортензія волотиста Меджикал Мунлайт ® PC21 C20 / H80,6748,492,"ID постачальника збігся, але назви різні"
,plantsclub,26.7,3155,3155,Фунгіцид Самшит КС 5 л Ukravit Укравіт Україна,Лілія ЛА-гібридна Кур'єр 12\14,6198,50,"ID постачальника збігся, але назви різні"
,plantsclub,26.7,7452,7452,Добриво GroGreen NPK 28-14-14+TE 25 кг Lima Бельгія,Тис ягідний (а) Куля C70 / L60,4233,3745,"ID постачальника збігся, але назви різні"
,plantsclub,26.7,7373,7373,Добриво Блек Павер Бор / Black Power Bor 10 л SmartGrow Україна,Спірея японська Голдмунд PC19 C5 / H20-25 / L40-45,3598,156,"ID постачальника збігся, але назви різні"
,plantsclub,26.7,3214,3214,Фунгіцид Мікротіол Спеціаль 25 кг UPL / ЮПЛ,Ліквідамбар (Амброве дерево) смолоносний C100 / o16-18,3298,10199,"ID постачальника збігся, але назви різні"
,plantsclub,26.7,9.104,9104,LOWE Original 9.104 Обхідний секатор Німеччина,"Добриво Ekote Control 25-05-09+3MgO (6 місяців) Deltacote, 25 кг",3190,3245,"ID постачальника збігся, але різні бренди"
,plantsclub,26.7,7288,7288,Добриво Хелатин БорПлюс 10 л Кіссон Україна,Троянда Сі Фоам DP PC19 C5 / H20-30,2014,144,"ID постачальника збігся, але назви різні"
,plantsclub,26.7,2332,2332,Біоінсектецид Нематем / Nematem 1 л Meristem Мерістем Іспанія,"Гортензія волотиста Меджікел Везувіо PC20 C7,5",1575,420,"ID постачальника збігся, але назви різні"
,plantsclub,26.7,7165,7165,Біостимулятор Фітомаре (Fitomare) 1 л Atlantica Agricola Вітера Іспанія,Троянда гібридний(а) Дабл Делайт SP G,1279,44,"ID постачальника збігся, але різні бренди"
,plantsclub,26.7,7803,7803,Біостимулятор Ікар Біго Рутс / Ikar Bigo Roots 1 л Литва,Туя західна (ий) Смарагд K C25 / H120-140,1022,1087,"ID постачальника збігся, але назви різні"
,plantsclub,26.7,9038,9038,Прилипач Силип Пар 1 л Дар Агро,Держак Bellota M901LR120SB.B для вил (1200мм),748,383,"ID постачальника збігся, але різні об'єми або розміри"
,plantsclub,26.7,7943,7943,Добриво Brandt Manni-Plex Ca / Брендт Менні-Плекс Кальцій 1 л США,Туя західна (ий) Тіні Тім PC20 C5 / H25-30 / L20-25,603,384,"ID постачальника збігся, але назви різні"
,plantsclub,26.7,8065,8065,Добриво Сайкін Преміум / Saikin Premium 8-5-40+2MgO+МЕ+ЕАV 2 кг Туреччина,Тюльпан бахромчастий Арія Кард 11\12,548,15,"ID постачальника збігся, але назви різні"
,plantsclub,26.7,7613,7613,Біостимулятор Амінокат 30% (Aminocat 30%) 250 мл Вітера Atlantica Agricola Іспанія,Тис середній Хіксіі Бонсай G / H120-140,399,12002,"ID постачальника збігся, але різні коди виробника"
,plantsclub,26.7,3998,3998,Фунгіцид Топсін-М 25 г SumiAgro Сумі Агро Японія,Ялина звичайна Віргата Глаука C130 / H200-250,45,8280,"ID постачальника збігся, але назви різні"
,plantsclub,26.6,7580,7580,Добриво Кристафос Cristaphos NPK 11-30-11+ 2% Fulvic acids+ Bacillus subtilis 12 кг Meristem Іспанія,"Тис ягідний (а) Топіар, Складна Фігура C130 / H200-250",4348,33120,"ID постачальника збігся, але різні коди виробника"
,plantsclub,26.5,3278,3278,Фунгіцид Зепан 330 КС 5 л Sumi Agro Сумі Агро Японія,Жимолость блискуча Майгрюн PC20 C3 / H10-15 / L20-25,8398,145,"ID постачальника збігся, але назви різні"
,plantsclub,26.5,5031,5031,Протруйник Максим 025 FS 5 л Syngenta Сингента Швейцарія,Сосна гнучка Пігмея C20 / H50,6760,2091,"ID постачальника збігся, але назви різні"
,plantsclub,26.5,7959,7959,Добриво 21 Пі-Джі Мікробленд / 21PG Microblend (+Mg) 5 кг L.Gobbi Італія,Туя складчата Форева Голді Спіраль C55 / H100-120,5315,6000,"ID постачальника збігся, але назви різні"
,plantsclub,26.5,3026,3026,Фунгіцид Сілліт 400 КС 5 л Arysta Аріста,Ялівець середній Олд Голд C2,4298,117,"ID постачальника збігся, але назви різні"
,plantsclub,26.5,2236,2236,Інсектицид Хлорпірівіт-Агро 10 л Ukravit Укравіт Україна,Гортензія волотиста Лаймлайт PC20 C3 / H60-65,3575,240,"ID постачальника збігся, але назви різні"
,plantsclub,26.5,3291,3291,Біофунгіцид Ізокур 5 л Агро-Захист Україна,Жимолость східна Войтек C2,1875,145,"ID постачальника збігся, але назви різні"
,plantsclub,26.5,8004,8004,Добриво Солденсо Гель / Soldenso Gel NPK 9-9-39+7%MgO+54%SO3+TE 5 кг Orange​​​​​​​ Іспанія,Липа широколиста Фастігіата Штамб K20 C180 / o18-20 / Pa150-175,1799,8280,"ID постачальника збігся, але назви різні"
,plantsclub,26.5,7196,7196,Біостимулятор Атланте (Atlante) 1 л Вітера Atlantica Agricola Іспанія,Троянда гібридний(а) Мільва SP G,1150,44,"ID постачальника збігся, але різні бренди"
,plantsclub,26.5,2076,2076,Інсектицид Люфокс 105 EC КЕ 500 мл (розлив) Syngenta Сингента Швейцарія,"Гібіскус сірійський Триколор Штамб C7,5 / Pa50",1125,942,"ID постачальника збігся, але назви різні"
,plantsclub,26.5,7316,7316,Добриво Кафом Калій-Магній / Kafom К-Mg 1 л Meristem Мерістем Іспанія,Сціадопітіс кільчастий C15 / H70-80,1125,4002,"ID постачальника збігся, але назви різні"
,plantsclub,26.5,2011,2011,Акарацид Омайт 1 л Arysta Аріста,"Гібіскус сірійський Дук де Брабант PC22 C7,5 / H80-100",898,260,"ID постачальника збігся, але назви різні"
,plantsclub,26.5,7806,7806,Укорінювач Савіавітал Різо / Saviavital Rhyzo 1 л Bioera Іспанія,Туя західна (ий) Смарагд K C45 / H140-160,824,1232,"ID постачальника збігся, але назви різні"
,plantsclub,26.5,7918,7918,Біостимулятор Ікар Біго Рутс / Ikar Bigo Roots 0.5 л Литва,Туя західна (ий) Смарагд Спіраль C35 / H150-175,642,3623,"ID постачальника збігся, але назви різні"
,plantsclub,26.5,7479,7479,Мікродобриво Оракул Колофермін Бору 1 л Долина Україна,Тис ягідний (а) Бонсай C60 / H100+,275,19083,"ID постачальника збігся, але назви різні"
,plantsclub,26.5,1276,1276,Гербіцид Цетодим 5 л Нертус Угорщина,Кедр гімалайський Пендула Woodenbox 300 / H175-200,,21528,"ID постачальника збігся, але назви різні"
,plantsclub,26.4,3252,3252,Фунгіцид Мелоді Компакт 6 кг Bayer Байєр Німеччина,Ліріодендрон (Тюльпанове дерево) тюльпановий Фастігіатум Штамб C45 / o10-12 / Pa180-200,9360,9605,"ID постачальника збігся, але назви різні"
,plantsclub,26.4,7801,7801,Регулятор росту Глобаріл / Globaryll 1 л Globagem N.V Бельгія,Туя західна (ий) Смарагд G / H200-220,5625,1250,"ID постачальника збігся, але назви різні"
,plantsclub,26.4,7090,7090,Добриво Опіфол Репродукция / Optifol Reproductive 3-10-40 25 кг Valagro Італія,Троянда плетиста Колор Б'юті SP G,4883,44,"ID постачальника збігся, але різні бренди"
,plantsclub,26.4,7303,7303,Добриво Eтаборо / Etaboro 5 л Meristem Мерістем Іспанія,Верба козяча Кільмарнок PC17 C10 / Pa120,2398,300,"ID постачальника збігся, але назви різні"
,plantsclub,26.4,7643,7643,Укорінювач Хризотоп Groen 0.25% 350 г Rhizopon B.V. Нідерланди,Тис середній Войтек K14 G / H20-30,2224,285,"ID постачальника збігся, але різні об'єми або розміри"
,plantsclub,26.4,7917,7917,Біостимулятор Ікар Револт / Ikar Revolt 0.5 л Литва,Туя західна (ий) Смарагд Спіраль C35 / H120-140,992,4347,"ID постачальника збігся, але назви різні"
,plantsclub,26.4,7157,7157,Добриво Келік Калій (Kelik Potassium) 1 л Вітера Atlantica Agricola Іспанія,Троянда гібридний(а) Казанова DP G,728,60,"ID постачальника збігся, але різні бренди"
,plantsclub,26.4,7362,7362,Мікробіологіче добриво Байкал-ЄМ 10 л Кіссон Україна,Спірея японська Голдфлейм PC19 C5 / H30-40,692,190,"ID постачальника збігся, але назви різні"
,plantsclub,26.4,7028,7028,Добриво Брексіл Нутрі / Brexil Nutre 1 кг Valagro Валагро Італія,Рододендрон Похіолас Дотер C3,585,245,"ID постачальника збігся, але назви різні"
,plantsclub,26.4,2246,2246,Інсекто-акарицид Акарамік КЕ 100 мл Sumi Agro Сумі Агро Японія,"Гортензія волотиста Лаймлайт Штамб C7,5 / Pa50",425,963,"ID постачальника збігся, але назви різні"
,plantsclub,26.4,3265,3265,Фунгіцид Мілдікат 25 КС 500 мл Sumi Agro Сумі Агро Японія,Жимолость Брауна Дропмо Скарлет C2,398,144,"ID постачальника збігся, але назви різні"
,plantsclub,26.3,7318,7318,Добриво Кафом Калій-Магній / Kafom К-Mg 5 л Meristem Мерістем Іспанія,"Сціадопітіс кільчастий C7,5 / H50-60",5375,2346,"ID постачальника збігся, але назви різні"
,plantsclub,26.3,3444,3444,Фугніцид Зугамін РК 5 л Green Express / Грін Експрес,Магнолія зіркова C10 / H70-80,3998,840,"ID постачальника збігся, але назви різні"
,plantsclub,26.3,1273,1273,Гербіцид Дефолт 1 л Bingo Україна,Кедр гімалайський Пендула Extra C65 / H200-250,1175,13440,"ID постачальника збігся, але різні бренди"
,plantsclub,26.3,7664,7664,Добриво BRANDT Reaction / Брендт Реакшн Фосфор ДС 12-58-0 1 кг Vitera Україна,Туя (Платікладус) східна Ауреа Нана PC18 C5,818,304,"ID постачальника збігся, але назви різні"
,plantsclub,26.3,160/27,16027,Ножиці Due Buoi (160/27) Італія,Молюскоцид (лімацид) Sumin Molufries 5 GB 500 г засіб від равликів і слимаків на 1250 м2,790,250,"ID постачальника збігся, але різні бренди"
,plantsclub,26.3,4003,4003,Родентицид Шторм 1 кг Basf Басф Німеччина,Ялина звичайна Віллс Цверг C2 / H20-25,650,746,"ID постачальника збігся, але назви різні"
,plantsclub,26.3,2349,2349,Інсектицид Kanemite / Канемайт 100 мл Agri Sciences Туреччина,Гортензія волотиста Пінк Даймонд PC21 C3,648,240,"ID постачальника збігся, але назви різні"
,plantsclub,26.3,7001,7001,Добриво Плантафол Plantafol 30+10+10 1 кг Syngenta (Valagro) Італія,Рододендрон гібридний Нова Зембла C15 / H40-50,325,865,"ID постачальника збігся, але назви різні"
,plantsclub,26.2,7680,7680,Добриво BRANDT Reaction / Брендт Реакшн Калій ДС 5-0-48+8S 10 кг Vitera Україна,"Туя західна (ий) Брабант PC18 C7,5",5818,420,"ID постачальника збігся, але назви різні"
,plantsclub,26.2,7025,7025,Добриво Мастер Master 3+11+38+4 25 кг Syngenta (Valagro) Італія,Рододендрон західна (ий) Джок Бридон C100 / H80-100,4675,6293,"ID постачальника збігся, але назви різні"
,plantsclub,26.2,9097,9097,Регулятор кислотності Аквастаб / AquaStab 10 л Кіссон Україна,"Добриво Ekote Agriculture 34-04-03 (3-4 місяці), 20 кг",2231,3296,"ID постачальника збігся, але різні об'єми або розміри"
,plantsclub,26.2,2027,2027,Інсектицид Денді 5 л Нуфарм Nufarm Австралія,Гібіскус сірійський Хамабо Штамб C3 / Pa50,1850,470,"ID постачальника збігся, але назви різні"
,plantsclub,26.2,7821,7821,Біостимулятор - антистресант Новамін Н (Азот) / Novamine N 1 л Bioera Іспанія,Туя західна (ий) Смарагд K18 G / H120-140,884,455,"ID постачальника збігся, але різні об'єми або розміри"
,plantsclub,26.2,7667,7667,Добриво BRANDT Reaction / Брендт Реакшн Калій ДС 5-0-48+8S 250 г Vitera Україна,Туя (Платікладус) східна Ауреа Нана PC21 C3 / H30-35,318,180,"ID постачальника збігся, але назви різні"
,plantsclub,26.1,7851,7851,Біостимулятор Ікар Біго Рутс / Ikar Bigo Roots 5 л Литва,Туя західна (ий) Смарагд K19 C60 / H120-140,5080,508,"ID постачальника збігся, але назви різні"
,plantsclub,26.1,4036,4036,Родентицид Раттер 10 л Enzim Biotech Agro / Ензим Біотек Агро Україна,Ялина двоколірна C3 / H25-40,4400,1325,"ID постачальника збігся, але назви різні"
,plantsclub,26.1,7794,7794,Добриво Ікар Інтенс Зерновий / Ikar Intense Grain 5 л Литва,"Туя західна (ий) Смарагд C7,5 / H100-120",2540,435,"ID постачальника збігся, але назви різні"
,plantsclub,26.1,7641,7641,Укорінювач Хризотек Beige 0.4% 350 г Rhizopon B.V. Нідерланди,Тис середній Хілліі PC21 C5 / H30-35,1882,384,"ID постачальника збігся, але назви різні"
,plantsclub,26.1,7287,7287,Добриво Хелатин МоноБор 10 л Кіссон Україна,Троянда Сі Фоам DP PC18 C2,1685,144,"ID постачальника збігся, але назви різні"
,plantsclub,26.1,7713,7713,Регулятор росту Ферті Ліф / Ferti Leaf 1 л Кіссон Україна,Туя західна (ий) Даніка PC20 C5 / H30 / L25,586,290,"ID постачальника збігся, але назви різні"
,plantsclub,26.1,7544,7544,Добриво Кеміра Грунт NPK 11-10.5-21.2 1 кг Yara Яра Норвегія,Тис ягідний (а) Піраміда G+C500 / H225+,225,22355,"ID постачальника збігся, але назви різні"
,plantsclub,26,1114,1114,Гербіцид Варяг 20 л Ukravit Укравіт Україна,Самшит вічнозенений Конус C110 / H90,7540,4200,"ID постачальника збігся, але назви різні"
,plantsclub,26,3025,3025,Фунгіцид Чемпіон ЗП 10 кг Nufarm Нуфарм Австралія мідьвмістний препарат,Ялівець середній Олд Голд C10,6250,479,"ID постачальника збігся, але назви різні"
,plantsclub,26,7425,7425,Добриво GroGreen Гель Мікро 5 кг (комплекс мікроелементів+гліцин+амінокислоти) Lima Бельгія,Бузок звичайний Мішель Бюхнер K16 G / H80-100,3800,205,"ID постачальника збігся, але різні об'єми або розміри"
,plantsclub,26,3211,3211,Фунгіцид Пергадо R 270 WG ВДГ 5 кг Syngenta Сингента Швейцарія,Лілія ОТ-гібридна Роберт Свансон 12\14,2979,50,"ID постачальника збігся, але назви різні"
,plantsclub,26,8133,8133,Добриво Технічні Зерива / Zeryva 10 л Украина,"Калина червона Компактум PC12 C7,5",2500,210,"ID постачальника збігся, але назви різні"
,plantsclub,26,7678,7678,Біопестицид-фунгіцид-інсектоакарацид Мікрокат Бол (Microcat Bal) 1 л Вітера Atlantica Agricola Іспанія,Туя західна (ий) Брабант PC18 C15,2252,508,"ID постачальника збігся, але назви різні"
,plantsclub,26,1097,1097,Гербіцид Трифлурекс 5 л Аdama Адама Ізраїль,Самшит вічнозенений Куля C25 / L50-55,2198,2405,"ID постачальника збігся, але назви різні"
,plantsclub,26,7000,7000,Добриво Мікро NP Micro NP 10 кг Valagro Валагро Італія,Рододендрон гібридний Могамбе C3,2175,245,"ID постачальника збігся, але назви різні"
,plantsclub,26,7774,7774,Добриво Ікар Хайго Колд / Ikar Higo Cold 1 л Литва,Туя західна (ий) Мірьям ® PC14 C5,1047,210,"ID постачальника збігся, але назви різні"
,plantsclub,26,3347,3347,Фунгіцид Чемпіон ВГ 1 кг (розсип) Nufarm Нуфарм Австралія мідьвмістний препарат,Магнолія Хані Туліп C12,648,1320,"ID постачальника збігся, але назви різні"
,plantsclub,26,7063,7063,Біостимулятор укорінювач Радіфарм Radifarm 100 мл Валагро Valagro Італія,Агрус Штамб K17 G / L40-60 / Pa60,298,305,"ID постачальника збігся, але різні об'єми або розміри"
,plantsclub,25.9,7419,7419,Добриво Grogreen Гель Стартер NPK 16-69-16+TE 5 кг Lima Бельгія,Бузок звичайний Красавіца Москви Штамб GK / Pa100,2790,455,"ID постачальника збігся, але різні бренди"
,plantsclub,25.9,7062,7062,Стимулятор росту Бенефіт ПЗ Benefit PZ 1 л Syngenta (Valagro) Італія,Агрус Хіннонмакі Рот Штамб C3 / H125-150 / Pa80,1675,525,"ID постачальника збігся, але назви різні"
,plantsclub,25.9,3030,3030,Фунгіцид Шавіт Ф 72 WG ВДГ 1 кг Adama Адама Ізраїль,Ялівець середній Олд Голд C5 / H30-40,858,240,"ID постачальника збігся, але назви різні"
,plantsclub,25.9,7961,7961,Біостимулятор-антистресант Текамін Макс / Tecamin Max 250 мл AgriTecno Іспанія,Туя складчата Корнік K14 G / H60-80,205,350,"ID постачальника збігся, але різні об'єми або розміри"
,plantsclub,25.9,8027,8027,Добриво МікроСтім Бор / MicroStim B 5 л Імекс Агро Україна,Тсуга канадська K C65 / H120-140,,1243,"ID постачальника збігся, але назви різні"
,plantsclub,25.8,7991,7991,Добриво Леда Гель Кальцй Плюс / Leda Gel Ca Plus 10 л Велика Британія,Липа широколиста C80 / o10-12,6925,4968,"ID постачальника збігся, але назви різні"
,plantsclub,25.8,7148,7148,Біостимулятор Амінокат 30% (Aminocat 30%) 5 л Вітера Atlantica Agricola Іспанія,Троянда гібридний(а) Бель Перль SP G,5847,44,"ID постачальника збігся, але різні бренди"
,plantsclub,25.8,7634,7634,Укорінювач Ризопон Powder AA 0.5% 500 г Rhizopon B.V. Нідерланди,Тис середній Хілліі C40 / H120-140,2700,4140,"ID постачальника збігся, але назви різні"
,plantsclub,25.8,7639,7639,Укорінювач Хризопон Rose 0.1% 350 г Rhizopon B.V. Нідерланди,Тис середній Хілліі PC20 C20 / H80-100,1882,1409,"ID постачальника збігся, але назви різні"
,plantsclub,25.8,3136,3136,Фунгіцид Магнікур Енерджі 840 SL в.р. 500 мл Bayer Байєр Німеччина,Бірючина звичайна GK / H100-125,1198,54,"ID постачальника збігся, але різні бренди"
,plantsclub,25.8,3312,3312,Фунгіцид Ридоміл Голд R 162 WG ВДГ 1 кг Syngenta Сингента Швейцарія,"Магнолія Дафні C7,5 / H80-100",898,2050,"ID постачальника збігся, але назви різні"
,plantsclub,25.8,7765,7765,Добриво Ікар Фосто (Фосфор) / Ikar Fosto 1 л Литва,Туя західна (ий) Литл Джаінт PC21 C12 / H40-45 / L30-35,875,456,"ID постачальника збігся, але назви різні"
,plantsclub,25.8,3266,3266,Фунгіцид Артемікс КС 500 мл SumiAgro Сумі Агро Японія,Жимолость Брауна Дропмо Скарлет C2 / H40-60,398,155,"ID постачальника збігся, але назви різні"
,plantsclub,25.8,7046,7046,Біостимулятор Віва Viva 100 мл Valagro Валагро Італія,Рододендрон якушиманський Снізі C3 / H20-30,125,300,"ID постачальника збігся, але назви різні"
,plantsclub,25.8,1-100,1100,Скоби металеві для садового тапенера (степлера) для підв'язки рослин,Самшит вічнозенений Куля G+C / L50-55,100,1805,"ID постачальника збігся, але назви різні"
,plantsclub,25.8,8044,8044,Біофунгіцид МікроЦел Плюс / MicoCell + 5 л Імекс Агро Україна,Тсуга канадська Пендула C107 / H200-225,,5190,"ID постачальника збігся, але назви різні"
,plantsclub,25.7,7154,7154,Стимулятор росту Райкат Ріст (Raykat Growth) 5 л Вітера Atlantica Agricola Іспанія,Троянда гібридний(а) Блаш SP G,5468,44,"ID постачальника збігся, але різні бренди"
,plantsclub,25.7,3242,3242,Фунгіцид Купроксат 10 л Nufarm Нуфарм Австралія,Ліріодендрон (Тюльпанове дерево) тюльпановий C35 / H200-300,3598,7452,"ID постачальника збігся, але назви різні"
,plantsclub,25.7,3153,3153,Фунгіцид Імпакт К 36.6% 5 л FMC ФМС США,Лілія ЛА-гібридна Бріндізі 14\16,4160,50,"ID постачальника збігся, але назви різні"
,plantsclub,25.7,7734,7734,Біостимулятор Текамін Брікс / Tecamin Brix 5 л AgriTecno Іспанія,Туя західна (ий) Голден Смарагд ® C12 / H40-60,4004,565,"ID постачальника збігся, але назви різні"
,plantsclub,25.7,7401,7401,Добриво GroGreen Гель Блу-С 5 кг (бор-10.5%+сірка-13.4%+ТE) Lima Бельгія,Бузок Мейєра Палібін Штамб C10 / Pa80,3796,2160,"ID постачальника збігся, але назви різні"
,plantsclub,25.7,5011,5011,Протруювач Тексіо Велум 500 мл Bayer Байєр Німеччина,Сосна густоквіткова Умбракуліфера K19 C60 / H100-120,1248,2584,"ID постачальника збігся, але назви різні"
,plantsclub,25.7,3683,3683,Фунгіцид Фалькон 250 мл (розлив) Bayer Байєр Німеччина,Нарцис Обдам 14\16,398,20,"ID постачальника збігся, але назви різні"
,plantsclub,25.7,7627,7627,Біостимулятор Крузеро (Crucero) 250 мл Вітера Atlantica Agricola Іспанія,Тис середній Хілліі Бонсай C130 / H200-225,352,35994,"ID постачальника збігся, але назви різні"
,plantsclub,25.7,7599,7599,Добриво GroGreen Файв Терра 12-44-12 + 6 CaO + 3 MgO + TE 200 г Lima Бельгія,Тис середній Гроєнланд Бонсай C65 / H120-140,245,33120,"ID постачальника збігся, але різні коди виробника"
,plantsclub,25.6,3676,3676,Фунгіцид Міравіс Дуо 200 КС 5 л Syngenta Сингента Швейцарія,Mанометр аналоговий MMM (top),9998,1000,"ID постачальника збігся, але різні бренди"
,plantsclub,25.6,3254,3254,Фунгіцид Колліс 1 л Basf Басф Німмеччина,Ліріодендрон (Тюльпанове дерево) тюльпановий Фастігіатум Woodenbox 2000 / H500-600,2348,66240,"ID постачальника збігся, але різні бренди"
,plantsclub,25.6,7816,7816,Укорінювач Вітамакс / Vitamax 1 л Bioera Іспанія,"Туя західна (ий) Смарагд K17 C27,5 / H100-120",1508,432,"ID постачальника збігся, але назви різні"
,plantsclub,25.6,1146,1146,Гербіцид Позитив Плюс 5 л Хімагромаркетинг Україна,Куничник короткочуба PC18 C3,1500,145,"ID постачальника збігся, але назви різні"
,plantsclub,25.6,7257,7257,Добриво Полісульфат Преміум / Polysulphate Premium 25 кг 0-0-13 ICL Fertilizers,Троянда мініатюрна Уайт Mini PC14 C3 / L40-60,1148,85,"ID постачальника збігся, але різні бренди"
,plantsclub,25.6,7359,7359,Добриво Плантатор 5+15+45 5 кг Кіссон Україна,Спірея японська Голдфлейм C3 / H20-30,1057,145,"ID постачальника збігся, але назви різні"
,plantsclub,25.6,3292,3292,Фунгіцид Карнеоль 1 л Adama Адама Ізраїль,"Жимолость східна Войтек PC19 C7,5 / H70-80 / L50-70",698,240,"ID постачальника збігся, але назви різні"
,plantsclub,25.6,4013,4013,Лімацид Molufries 5GB Молуфріс 1 кг Sumin Польща,Ялина звичайна Віллс Цверг K14 G / H50-60,398,710,"ID постачальника збігся, але різні об'єми або розміри"
,plantsclub,25.6,7379,7379,Добриво Огірок 1 л SmartGrow Україна,Спірея японська Литл Прінцес PC14 C3 / L20-30,298,90,"ID постачальника збігся, але назви різні"
,plantsclub,25.6,3454,3454,Біофунгіцид Viridin Триходермін 500 г Enzim Biotech Agro / Ензим Біотех Агро Україна,Магнолія зіркова Розеа Штамб C20 / o8-10 / Pa130,198,3840,"ID постачальника збігся, але назви різні"
,plantsclub,25.5,7744,7744,Біостимулятор-антистресант Текамін Макс / Tecamin Max 20 л AgriTecno Іспанія,Туя західна (ий) Голден Туффет PC11 C3,11440,110,"ID постачальника збігся, але назви різні"
,plantsclub,25.5,3177,3177,Фунгіцид Амістар Екстра 280 КС 5 л Syngenta Сингента Швейцарія,Лілія ОТ-гібридна Мацерата 14\16,6975,50,"ID постачальника збігся, але назви різні"
,plantsclub,25.5,7301,7301,Біостимулятор Стімакс Плюс / Stimax Plus 5 л Meristem Мерістем Іспанія,Малина звичайна Trio (Тріо) PC17 C12,6798,360,"ID постачальника збігся, але різні бренди"
,plantsclub,25.5,7684,7684,Добриво Гуміголд GumiGold 25 кг Кіссон Україна (Гумат калію),Туя західна (ий) Брабант PC21 C5 / H50-60,5998,290,"ID постачальника збігся, але назви різні"
,plantsclub,25.5,7563,7563,Добриво Мерістем Meristem NPK 14-15-16+2MgO+Mix 25 кг Іспанія,Тис ягідний (а) Шварцгрун Бонсай C80 / H120 / L80,3930,24840,"ID постачальника збігся, але назви різні"
,plantsclub,25.5,7805,7805,Регулятор росту Гіб Плюс / Gibb Plus 1 л Globagem NV Бельгія,Туя західна (ий) Смарагд K C45 / H120-140,3898,672,"ID постачальника збігся, але назви різні"
,plantsclub,25.5,7442,7442,Добриво GroGreen Файв Фруктус 18-9-36 + 6 CaO + 3 MgO + TE 5 кг Lima Бельгія,Тис ягідний (а) Куля C10 / L40,2022,1445,"ID постачальника збігся, але назви різні"
,plantsclub,25.5,2233,2233,Інсектицид K-Obiol / K-Обіоль 25 ЕС КЕ 1 л Bayer Байєр Німеччина,Гортензія волотиста Лаймлайт PC16 C5 / H40-60,1498,195,"ID постачальника збігся, але назви різні"
,plantsclub,25.5,7725,7725,Біостимулятор Текамін Брікс / Tecamin Brix 1 л AgriTecno Іспанія,Туя західна (ий) Глобоза Компакта K20 C155 / H100-120,832,1159,"ID постачальника збігся, але назви різні"
,plantsclub,25.5,3233,3233,Фунгіцид Купер 1 л Нертус Угорщина,Ліквідамбар (Амброве дерево) смолоносний Воплесдон C20 / H200-250,475,6000,"ID постачальника збігся, але назви різні"
,plantsclub,25.5,7836,7836,Добриво Неовіт Ферті-К (Калій) / Neovit Ferti-K 250 мл Bioera Іспанія,Туя західна (ий) Смарагд K19 C35 / H100-120,364,435,"ID постачальника збігся, але назви різні"
,plantsclub,25.5,7482,7482,Мікродобриво Оракул Колофермін Цинку 1 л Долина Україна,Тис ягідний (а) Бонсай S-форма C80 / H100-125,325,36000,"ID постачальника збігся, але назви різні"
,plantsclub,25.5,7601,7601,Добриво GroGreen Файв Фруктус 18-9-36 + 6 CaO + 3 MgO + TE 200 г Lima Бельгія,Тис середній Гроєнланд C30 / H80-100,233,2270,"ID постачальника збігся, але назви різні"
,plantsclub,25.4,9050,9050,Ад'ювант Ікар Перфект Стік / Ikar Perfect Stick 1 л Литва,Деталь №10 HT-B MAX,1873,236,"ID постачальника збігся, але різні бренди"
,plantsclub,25.4,1107,1107,Гербіцид Агент 5 л Ukravit Укравіт Україна,Самшит вічнозенений C180 / H120,1298,4416,"ID постачальника збігся, але назви різні"
,plantsclub,25.3,8016,8016,Добриво Кальційглюк / Calcigluc 20 л Bioera Іспанія,Липа Штамб C100 / o20-25 / Pa180-190,11800,16560,"ID постачальника збігся, але назви різні"
,plantsclub,25.3,7304,7304,Добриво Eтаборо / Etaboro 20 л Meristem Мерістем Іспанія,Верба козяча Кільмарнок Штамб K16 G / Pa120,8998,210,"ID постачальника збігся, але різні об'єми або розміри"
,plantsclub,25.3,3178,3178,Фунгіцид Аканто Плюс (Acanto Plus) 5 л Corteva Кортева США,Лілія OT-гібридна Міс Лілі 12\14,7989,50,"ID постачальника збігся, але назви різні"
,plantsclub,25.3,7456,7456,Добриво GroGreen NPK 14-7-28+5СаО+TE 25 кг Lima Бельгія,Тис ягідний (а) Куля G / H40-50,4685,2675,"ID постачальника збігся, але назви різні"
,plantsclub,25.3,3670,3670,Фунгіцид Феномен 5 кг Ukravit Укравіт Україна,Шовковиця білий(а) Пендула Штамб C45 / o10-12 / Pa200-220,3655,9600,"ID постачальника збігся, але назви різні"
,plantsclub,25.3,7313,7313,Добриво Кафом Кальцій / Kafom Ca 5 л Meristem Мерістем Іспанія,Верба Матсуда K16 G / H100-125,3625,145,"ID постачальника збігся, але різні об'єми або розміри"
,plantsclub,25.3,7127,7127,Добриво Авангард Комплекс Бобові 20 л Ukravit Укравіт Україна,"Троянда Фейрі Денс PC15 C1,5 / L20-30",3198,60,"ID постачальника збігся, але назви різні"
,plantsclub,25.3,4002,4002,Фумігант Джин 1 кг Alfa Smart Agro Альфа Смарт Агро Україна,Ялина звичайна Віллс Цверг C15 / H40-50,548,1987,"ID постачальника збігся, але назви різні"
,plantsclub,25.3,2226,2226,Інсектицид АЦ Люкс Ліквід 1 л Ukravit Укравіт Україна,Гортензія волотиста Лаймлайт ® PC21 C3 / H20-30,448,240,"ID постачальника збігся, але назви різні"
,plantsclub,25.3,3431,3431,Біофунгіцид Біонорма Триходерма 3 кг (розсип) BioNorma Україна,Магнолія Лебнера Вайлдкет G / H400-500,300,42000,"ID постачальника збігся, але назви різні"
,plantsclub,25.2,7114,7114,Регулятор росту AgriFlex Fulvix Агріфлекс Фульвікс 5 кг CityMax,Троянда плетиста Полька DP PC19 C4 / H20-30,3398,145,"ID постачальника збігся, але різні бренди"
,plantsclub,25.2,7409,7409,Добриво GroGreen Гроліф NPK 5-10-43 + TE + QPS45 1 кг Lima Бельгія,Бузок звичайний Чарльс Джолі Штамб GK / Pa100,425,455,"ID постачальника збігся, але різні бренди"
,plantsclub,25.2,7603,7603,Добриво GroGreen Гель Блу-С 200 г (бор-10.5%+сірка-13.4%+ТE) Lima Бельгія,Тис середній Гроєнланд PC21 C5 / H45-50,325,331,"ID постачальника збігся, але назви різні"
,plantsclub,25.2,7809,7809,Інокулянт Біорадіс Таблет / Bioradis Tablet 10 таблеток (розсип) Bioera Іспанія,Туя західна (ий) Смарагд K C65 / H120-140,175,508,"ID постачальника збігся, але назви різні"
,plantsclub,25,2290,2290,Інсектицид Кайрос 5 л DEFENDA Україна,Гортензія волотиста Меджікал Гімалайа PC20 C3 / H60-70,30498,240,"ID постачальника збігся, але назви різні"
,plantsclub,25,3201,3201,Фунгіцид Артіс Плюс 5 л Alfa Smart Agro Альфа Смарт Агро Україна,Лілія ОТ-гібридна Еудоксіа 12\14,3499,50,"ID постачальника збігся, але назви різні"
,plantsclub,25,9030,9030,Прилипач ад’ювант Інгрес 5 л Ukravit Укравіт Україна,Держак Bellota M3020SB.B для грабель віялових (1200мм),2848,248,"ID постачальника збігся, але різні об'єми або розміри"
,plantsclub,25,7629,7629,Укорінювач Хризоплюс Grey 0.8% 350 г Rhizopon B.V. Нідерланди,Тис середній Хілліі C15 / H50-60,2436,1680,"ID постачальника збігся, але назви різні"
,plantsclub,25,3090,3090,Фунгіцид Топ Ефект КС 5 л Ukravit Укравіт Україна,Модрина європейська Пулі Штамб C4 / Pa100,2262,470,"ID постачальника збігся, але назви різні"
,plantsclub,25,3673,3673,Фунгіцид Тройсет 5 кг Ukravit Укравіт Україна,Шовковиця білий(а) Платифіллос Штамб C60 / o14-16 / Pa220,2198,2770,"ID постачальника збігся, але назви різні"
,plantsclub,25,3231,3231,Фунгіцид Купер 5 л Нертус Угорщина,"Ліквідамбар (Амброве дерево) смолоносний Стелла PC21 C7,5 / H90-100",2025,994,"ID постачальника збігся, але назви різні"
,plantsclub,25,7285,7285,Добриво Келькат Бор / Kelkat Boron 5 кг Вітера Atlantica Agricola Іспанія,Троянда поліантова Румба DP PC19 C5 / H20-30,1961,144,"ID постачальника збігся, але різні бренди"
,plantsclub,25,2239,2239,Інсектицид Твікс 5 л Дефенда / Defenda,Гортензія волотиста Лаймлайт Штамб C10 / Pa100,1775,1134,"ID постачальника збігся, але назви різні"
,plantsclub,25,1156,1156,Гербіцид Формула 500 г Ukravit Укравіт Україна,"Верес звичайний C1,1 / H25-30",1728,40,"ID постачальника збігся, але назви різні"
,plantsclub,25,3429,3429,Фунгіцид Лікур 1 л Ukravit Укравіт Україна,Магнолія Лебнера Меррілл Woodenbox 300 / H200-250,1225,11879,"ID постачальника збігся, але різні бренди"
,plantsclub,25,8141,8141,Добриво Неовіт Флоркуахе / Neovit Florcuaje 1 л Bioera Іспанія,Виноград культурний Бонсай C25 / H40-50,1092,4140,"ID постачальника збігся, але назви різні"
,plantsclub,25,7828,7828,Добриво Фосфейр / Fosfair 1 л Bioera Іспанія,Туя західна (ий) Смарагд K19 C25 / H100-120,1040,359,"ID постачальника збігся, але назви різні"
,plantsclub,25,8157,8157,Добриво Савіавітал К / Saviavital K 1л Bioera Іспанія,"Вейгела квітуча Александра PC11 C7,5",884,160,"ID постачальника збігся, але назви різні"
,plantsclub,25,7035,7035,Добриво Брексіл Комбі Brexil Combi 1 кг Syngenta (Valagro) Італія,Рододендрон Рокет C20 / H60+,685,1819,"ID постачальника збігся, але назви різні"
,plantsclub,25,7377,7377,Добриво Хвойні 1 л SmartGrow Україна,Спірея японська Джапаніс Дварф PC19 C5 / H25-30,598,145,"ID постачальника збігся, але назви різні"
,plantsclub,25,4019,4019,Фумігант Фуміфос 1 кг Хімагромаркетинг Україна,Ялина звичайна Віллс Цверг K19 C60 / H120-160,546,1200,"ID постачальника збігся, але назви різні"
,plantsclub,25,7365,7365,Добриво Аміномакс Азот / Aminomax N 0.5 л Meristem Мерістем Іспанія,Спірея японська Голдфлейм PC21 C3 / H15-20,448,151,"ID постачальника збігся, але назви різні"
,plantsclub,25,7095,7095,Добриво Мультимікс MultiMix 10 кг Leili Лейлі,"Троянда плетиста Ексцельса Штамб C7,5 / Pa100",414,480,"ID постачальника збігся, але назви різні"
,plantsclub,25,2134,2134,Інсектицид Антигусінь КС 1 л Ukravit Укравіт Україна,Гортензія великолисткова Льойхтфоєр C5 / H30-40,360,325,"ID постачальника збігся, але назви різні"
,plantsclub,25,1112,1112,Гербіцид Гефест 1 л Нопосон,Самшит вічнозенений Конус C100 / H80-100,286,3600,"ID постачальника збігся, але назви різні"
,plantsclub,25,9103,9103,Регулятор кислотності Аквастаб / AquaStab 1 л Кіссон Україна,"Добриво Ekote Agriculture N+B 35-00-00+18SO3+0,4B (3 місяці), 20 кг",268,2684,"ID постачальника збігся, але різні об'єми або розміри"
,plantsclub,25,1099,1099,Гербіцид Трифлурекс 1 л Аdama Адама Ізраїль,Самшит вічнозенений Куля Extra Woodenbox 1000 / L100-120,,23460,"ID постачальника збігся, але різні бренди"
,plantsclub,24.8,7152,7152,Стимулятор росту Райкат Старт (Raykat Start) 5 л Вітера Atlantica Agricola Іспанія,Троянда гібридний(а) Блек Меджік G,6906,60,"ID постачальника збігся, але назви різні"
,plantsclub,24.8,7307,7307,Добриво ЦTA Стимулянт-4 (CTA Stymulant-4) 5 л Meristem Мерістем Іспанія,Верба цільнолиста Хакуро Нішікі PC17 C10 / Pa100,5948,300,"ID постачальника збігся, але назви різні"
,plantsclub,24.8,7032,7032,Добриво Брексіл Кальцій Brexil Ca 5 кг Syngenta (Valagro) Італія,Рододендрон понтійскій Граціелла лілароуз C15 / H40-50,3155,865,"ID постачальника збігся, але назви різні"
,plantsclub,24.8,7005,7005,Добриво Plantafol Плантафол 5+15+45 1 кг Syngenta (Valagro) Італія,"Рододендрон гібридний Нова Зембла PC21 C7,5 / H70-90",375,581,"ID постачальника збігся, але назви різні"
,plantsclub,24.7,7631,7631,Укорінювач Ризопон Powder AA 2 % 500 г Rhizopon B.V. Нідерланди,Тис середній Хілліі C15 / H60-80,6998,1243,"ID постачальника збігся, але назви різні"
,plantsclub,24.7,1278,1278,Десикант Мега Дикват 20 л Хімагромаркетинг Україна,Кедр гімалайський Пендула Woodenbox 600 / H300-400,5298,28797,"ID постачальника збігся, але назви різні"
,plantsclub,24.7,7505,7505,Добриво YaraTera Kristalon ЯраТера Кристалон 6-12-36 25 кг Норвегія,Тис ягідний (а) Куб 100*100 C150,4398,36000,"ID постачальника збігся, але назви різні"
,plantsclub,24.7,8146,8146,Добриво Фрукто / Frukto 5 л Bioera Іспанія,Виноград культурний Конкорд NN GK,4160,40,"ID постачальника збігся, але різні бренди"
,plantsclub,24.7,7630,7630,Укорінювач Ризопон Powder AA 2 % 100 г Rhizopon B.V. Нідерланди,Тис середній Хілліі C15 / H60-70,1510,1490,"ID постачальника збігся, але назви різні"
,plantsclub,24.7,7973,7973,Добриво Зерива / Zeryva Зернобобові 5 л Україна,Туя складчата Віпкорд Штамб K19 G / L30-40 / Pa60,1250,1205,"ID постачальника збігся, але різні об'єми або розміри"
,plantsclub,24.7,5027,5027,Протруйник Шедевр 500 мл ProtectON / ПротектОн Україна,Сосна гнучка Пігмея C10 / H40-45,832,2153,"ID постачальника збігся, але назви різні"
,plantsclub,24.7,2244,2244,Інсектицид Престо 1 л Дефенда / Defenda,"Гортензія волотиста Лаймлайт Штамб C7,5 / L80-100 / Pa100",750,1810,"ID постачальника збігся, але назви різні"
,plantsclub,24.7,4021,4021,Родентицид Антимиша 2 кг Хімагромаркетинг Україна,Ялина звичайна Віллс Цверг K20 C45 / H60-80,442,3000,"ID постачальника збігся, але назви різні"
,plantsclub,24.7,7605,7605,Добриво GroGreen Гель Про-Алгін 200 г Lima Бельгія,Тис середній Хіксіі Бонсай C180 / H180-200,394,49680,"ID постачальника збігся, але назви різні"
,plantsclub,24.7,3282,3282,Фунгіцид Манзат ВДГ 500 г Sumi Agro Сумі Агро Японія,Жимолость східна Балалайка C2,348,100,"ID постачальника збігся, але назви різні"
,plantsclub,24.7,9998,9998,Прилипач ад’ювант Інгрес 4 мл Ukravit Укравіт Україна,Клапанний бокс серії VBA17186,8,288,"ID постачальника збігся, але назви різні"
,plantsclub,24.6,7969,7969,Добриво Текнокель Аміно Молібден / Tecnokel Amino Mo 5 л AgriTecno Іспанія,Туя складчата Віпкорд Штамб C10 / L25-30 / Pa90,7248,2898,"ID постачальника збігся, але назви різні"
,plantsclub,24.6,7944,7944,Добриво Brandt Manni-Plex for Vegetables / Брендт Менні-Плекс для Овочевих 10 л США,Туя західна (ий) Тіні Тім PC21 C10 / H35-40 / L30,5264,435,"ID постачальника збігся, але назви різні"
,plantsclub,24.6,8061,8061,Добриво Сайкін Преміум / Saikin Premium 16-8-22+3MgO+МЕ+ЕАV 15 кг Туреччина,Тюльпан махровий пізній Оранж Прінцесс11\12,3098,10,"ID постачальника збігся, але назви різні"
,plantsclub,24.6,2083,2083,Біоінсектицид Актарофіт К1.8 1 л Enzim Biotech Agro / Ензим Біотех Агро Україна,Гібіскус сірійський Вудбрідж C4 / H40-60,1827,195,"ID постачальника збігся, але назви різні"
,plantsclub,24.6,7621,7621,Стимулятор росту Райкат Ріст (Raykat Growth) 250 мл Вітера Atlantica Agricola Іспанія,Тис середній Хіксіі C65 / H120-140,404,24840,"ID постачальника збігся, але назви різні"
,plantsclub,24.6,7711,7711,Добриво CaFIT 1 л Smart Grow Україна,Туя західна (ий) Даніка PC18 C5,228,215,"ID постачальника збігся, але назви різні"
,plantsclub,24.5,1103,1103,Гербіцид Гліфовіт Екстра 10 л Ukravit Укравіт Україна,"Самшит вічнозенений Куля PC19 C27,5 / H35-40 / L45",2648,1805,"ID постачальника збігся, але назви різні"
,plantsclub,24.5,3672,3672,Фунгіцид Феномен Прайм 5 кг Ukravit Укравіт Україна,Шовковиця білий(а) Пендула Штамб C80 / o14-16 / Pa200,2598,6955,"ID постачальника збігся, але назви різні"
,plantsclub,24.5,7284,7284,Добриво Келькат Бор / Kelkat Boron 1 кг Вітера Atlantica Agricola Іспанія,Троянда поліантова Румба DP PC18 C2,453,85,"ID постачальника збігся, але різні бренди"
,plantsclub,24.4,2343,2343,Інсектицид Kanemite / Канемайт 1л Agri Sciences Туреччина,Гортензія волотиста Фантом PC21 C3,5648,240,"ID постачальника збігся, але назви різні"
,plantsclub,24.4,2096,2096,Інсектоакарицид Антикліщ Макс 5 л Ukravit Укравіт Україна,Гортензія черешкова PC14 C3 / H30-40,4998,300,"ID постачальника збігся, але назви різні"
,plantsclub,24.4,2234,2234,Інсектоакарицид Інверт 1 л Adama Адама Ізраїль,Гортензія волотиста Лаймлайт PC17 C5,2125,300,"ID постачальника збігся, але назви різні"
,plantsclub,24.4,3018,3018,Фунгіцид Альєтт 1 кг Bayer Байєр Німеччина,Ялівець середній Мінт Джулеп PC20 C5 / H25-30 / L20-25,1048,300,"ID постачальника збігся, але назви різні"
,plantsclub,24.4,7587,7587,Добриво Мікрокат Цинк - Марганець ( Zinc-Manganese) 1 л Вітера Atlantica Agricola Іспанія,Тис ягідний (а) Потрійна Куля C130 / H200-250,831,17997,"ID постачальника збігся, але назви різні"
,plantsclub,24.3,7308,7308,Добриво ЦTA Стимулянт-4 (CTA Stymulant-4) 10 л Meristem Мерістем Іспанія,Верба цільнолиста Хакуро Нішікі Штамб C20 / Pa120,11748,245,"ID постачальника збігся, але назви різні"
,plantsclub,24.3,8038,8038,Добриво Brandt InVigo / Брендт ІнВіго 4 л США,Тсуга канадська K20 C65 / H100-120,6998,1987,"ID постачальника збігся, але назви різні"
,plantsclub,24.3,7045,7045,Добриво Феррілен Тріум Ferrilene Trium 5 кг Syngenta (Valagro) Італія,Рододендрон якушиманський Поларіс Штамб D20 / Pa70,4798,1735,"ID постачальника збігся, але назви різні"
,plantsclub,24.3,7962,7962,Добриво Текнокель Аміно Кальцій / Tecnokel Amino Ca 5 л AgriTecno Іспанія,"Туя складчата Корнік PC12 C7,5 / H40-50",2525,210,"ID постачальника збігся, але назви різні"
,plantsclub,24.3,7662,7662,Добриво BRANDT Reaction / Брендт Реакшн Калій ДС 5-0-48+8S 1 кг Vitera Україна,Туя (Платікладус) східна Ауреа Нана PC16 C3,762,105,"ID постачальника збігся, але назви різні"
,plantsclub,24.3,7305,7305,Добриво ЦTA Стимулянт-4 (CTA Stymulant-4) 0.5 л Meristem Мерістем Іспанія,Верба сіра вузьколиста Штамб C12 / Pa120,748,175,"ID постачальника збігся, але назви різні"
,plantsclub,24.3,9023,9023,Регулятор кислотності (рН-коректор) Айворі Плюс 5 л Ukravit Укравіт Україна,Дерев'яний контейнер 100см * 100см * 60см,698,2613.6,"ID постачальника збігся, але різні об'єми або розміри"
,plantsclub,24.2,7632,7632,Укорінювач Ризопон Powder AA 2% 10 кг Rhizopon B.V. Нідерланди,Тис середній Хілліі C20 / H120-140,105735,1440,"ID постачальника збігся, але назви різні"
,plantsclub,24.2,7808,7808,Інокулянт Біорадіс Сол / Bioradis Sol 1 кг Bioera Іспанія,Туя західна (ий) Смарагд K C65 / H100-120,9100,435,"ID постачальника збігся, але назви різні"
,plantsclub,24.2,3184,3184,Фунгіцид Банджо 1 л Adama Адама Ізраїль,Лілія тигрова Хайвата 12\14,3998,50,"ID постачальника збігся, але назви різні"
,plantsclub,24.2,3179,3179,Фунгіцид Бонафайт 5 кг Нертус Угорщина,Лілія OT-гібридна Нардо 14\16,2080,50,"ID постачальника збігся, але назви різні"
,plantsclub,24.2,7826,7826,Добриво Савіахумік С / Saviahumic S 1 кг Bioera Іспанія,Туя західна (ий) Смарагд K19 C20 / H160-180,1560,1087,"ID постачальника збігся, але назви різні"
,plantsclub,24.2,6057,6057,Фільтр (пара) 3М 6057 (ABE1),Сосна дрібноквіткова Темпельгоф C12 / H80-90,785,2981,"ID постачальника збігся, але назви різні"
,plantsclub,24.2,7839,7839,Добриво Неовіт Ферті-К (Калій) / Neovit Ferti-K 1 л Bioera Іспанія,Туя західна (ий) Смарагд K19 C35 / H140-160,780,1015,"ID постачальника збігся, але назви різні"
,plantsclub,24.2,7598,7598,Добриво GroGreen Gel / ГроГрін Гель P-K-S NPK 7-47-44+3.2CaO+13.7SO3+TE 200 г Lima Бельгія,Тис середній Денсіформіс PC21 C3 / H30-35,302,250,"ID постачальника збігся, але назви різні"
,plantsclub,24.1,3277,3277,Фунгіцид Рекванс Флекс 430 WG ВРГ 5 кг Syngenta Сингента Швейцарія,"Жимолость блискуча Майгрюн PC19 C7,5 / H30-40",12998,264,"ID постачальника збігся, але назви різні"
,plantsclub,24.1,15-911,15911,Парник складаний 195х143х143 см ПЕ плівка 4 полиці Neo Tools (15-911),рН-метр польовий Agrario ZD-06 з зондом для ґрунту і субстратів 2 в 1: рН-кислотність + вологість,4645,962,"ID постачальника збігся, але різні бренди"
,plantsclub,24.1,1115,1115,Гербіцид Лаплас 500 г Ukravit Укравіт Україна,Самшит вічнозенений Конус C180 / H100-120,1998,4830,"ID постачальника збігся, але назви різні"
,plantsclub,24.1,7676,7676,Біонематоцид Мікрокат Голд (Microcat Gold) 1 л Вітера Atlantica Agricola Іспанія,Туя західна (ий) Брабант K19 C45 / H180-200,1882,653,"ID постачальника збігся, але назви різні"
,plantsclub,24.1,8145,8145,Добриво Фрукто / Frukto 1 л Bioera Іспанія,Виноград культурний Кодрянка (столовий) NN GK,998,60,"ID постачальника збігся, але різні бренди"
,plantsclub,24.1,7668,7668,Добриво Кристафос Cristaphos NPK 11-30-11+ 2% Fulvic acids+ Bacillus subtilis 1 кг Meristem Іспанія,Туя (Платікладус) східна Ауреа Нана PC21 C5 / H30-35,448,324,"ID постачальника збігся, але назви різні"
,plantsclub,24,7427,7427,Добриво GroGreen Gel Ca-B-Sul (Кальцій-Бор-Сірка) 5 кг Lima Бельгія,Бузок звичайний Сенсейшн K15 G / H80-100,4173,335,"ID постачальника збігся, але різні об'єми або розміри"
,plantsclub,24,8148,8148,Добриво Неовіт Мікромікс / Neovit Micromix 5 л Bioerа Іспанія,Виноград культурний Кубань (столовий) NN GK,3900,80,"ID постачальника збігся, але різні бренди"
,plantsclub,24,3283,3283,Фунгіцид Церкоштеф 5 л Stefes / Штефес Ліхтенштейн,Жимолость східна Калінка C2,3498,120,"ID постачальника збігся, але назви різні"
,plantsclub,24,5028,5028,Протруйник Авіценна 1 л (розлив) Alfa Smart Agro Альфа Смарт Агро Україна,Сосна гнучка Пігмея C10 / H40-50,1525,1440,"ID постачальника збігся, але назви різні"
,plantsclub,24,7542,7542,Добриво Сульфат магнію / Magnesium Sulphate 25 кг Intersac Туреччина,Тис ягідний (а) Піраміда C60 / H160-180,625,4652,"ID постачальника збігся, але назви різні"
,plantsclub,24,1109,1109,Гербіцид Голд Стар 50 г Ukravit Укравіт Україна,Самшит вічнозенений C5 / H20-25,75,180,"ID постачальника збігся, але назви різні"
,plantsclub,23.9,8077,8077,Добриво Осмокот / Osmocote Exact Tablet 14-8-11 (5-6 М) 7.5 кг ICL Нідерланди,Тюльпан багатоквітковий Уоллфлауер 11/12,7022,15,"ID постачальника збігся, але назви різні"
,plantsclub,23.9,7509,7509,Добриво YaraTera Krista MAP ЯраТера Криста MAP Моноамоній фосфат 25 кг Норвегія,Тис ягідний (а) Циліндр+Конус C290 / H200-250,3698,36000,"ID постачальника збігся, але назви різні"
,plantsclub,23.9,1124,1124,Гербіцид Реглон Форте 200 SL РК 10 л Syngenta Сингента Швейцарія,Самшит вічнозенений GK / H20-25,3098,180,"ID постачальника збігся, але різні бренди"
,plantsclub,23.9,7413,7413,Добриво GroGreen Гель Вегетатив NPK 27-27-27+3MgO+TE 5 кг Lima Бельгія,Бузок звичайний Катерін Хавемаєр PC17 C10 / Pa80-100,2535,549,"ID постачальника збігся, але різні коди виробника"
,plantsclub,23.9,7415,7415,Добриво GroGreen Гель Фрут NPK 18-11-59+2MgO+TE 5 кг Lima Бельгія,Бузок звичайний Катерін Хавемаєр Штамб GK / Pa80,2418,455,"ID постачальника збігся, але різні бренди"
,plantsclub,23.9,7822,7822,Біостимулятор Екісітімакс / Equisetomax 1 л Bioera Іспанія,Туя західна (ий) Смарагд K18 G / H140-160,1300,665,"ID постачальника збігся, але різні об'єми або розміри"
,plantsclub,23.9,7155,7155,Стимулятор росту плодів Райкат Фінал (Raykat Final) 1 л Вітера Atlantica Agricola Іспанія,Троянда гібридний(а) C4,1218,85,"ID постачальника збігся, але назви різні"
,plantsclub,23.9,4018,4018,Фумігант Фостер 1 кг Best,Ялина звичайна Віллс Цверг K19 C45 / H100-120,800,1656,"ID постачальника збігся, але назви різні"
,plantsclub,23.9,7422,7422,Добриво GroGreen Гель Кальцифос NPK 9-64-0+11СаО+1MgO+В+Zn 1 кг Lima Бельгія,Бузок звичайний Мадам Лемуан Штамб GK / Pa100,767,455,"ID постачальника збігся, але різні бренди"
,plantsclub,23.9,7767,7767,Добриво Ікар Калісі (Калій-Фосфор-Кремній) / Ikar Kalisi 1 л Литва,Туя західна (ий) Мірьям ® C2 / H20-25,612,205,"ID постачальника збігся, але назви різні"
,plantsclub,23.8,7471,7471,Стимулятор урожайності Фрутліпс / Frutlips 5 л Україна,Тис ягідний (а) Бонсай C20 / H100-140,10175,19872,"ID постачальника збігся, але назви різні"
,plantsclub,23.8,7429,7429,Добриво GroGreen Гель Меджик 5 кг Lima Бельгія,Бузок звичайний Сенсейшн Штамб GK / Pa80,2561,455,"ID постачальника збігся, але різні бренди"
,plantsclub,23.8,7611,7611,Добриво Сульфат Калію Solucros 25 кг Tessenderlo kerley Бельгія,Тис середній Хіксіі Бонсай C80 / H120-140,2248,24840,"ID постачальника збігся, але назви різні"
,plantsclub,23.8,7622,7622,Біостимулятор Фітомаре (Fitomare) 250 мл Atlantica Agricola Вітера Іспанія,Тис середній Хіксіі G / H100-120,378,1620,"ID постачальника збігся, але назви різні"
,plantsclub,23.7,3684,3684,Фунгіцид Ширлан 500 SC КС 5 л Syngenta Сингента Швейцарія,Нарцис Репліт 14\16,22998,20,"ID постачальника збігся, але назви різні"
,plantsclub,23.7,7043,7043,Біостимулятор укорінювач Радіфарм Radifarm 10 л Syngenta (Valagro) Італія,Рододендрон якушиманський Персі Вісман C5 / H30-40,16175,1140,"ID постачальника збігся, але назви різні"
,plantsclub,23.7,8156,8156,Біостимулятор росту НеоФлора / NeoFlora 20 л Neova Фінляндія,Вейгела квітуча Александра C5 / H30-40,10567,125,"ID постачальника збігся, але назви різні"
,plantsclub,23.7,3074,3074,Фунгіцид Дітан М-45 80% 25 кг Dow AgroScienses США,Келерія голуба Куліо PC21 C3,6500,145,"ID постачальника збігся, але назви різні"
,plantsclub,23.7,9054,9054,Регулятор кислотності Ікар Корект / Ikar Korekt 5 л Литва,Дизайн саду і ділянки,2601,100,"ID постачальника збігся, але назви різні"
,plantsclub,23.7,7818,7818,Біостимулятор-антистресант Новамін Н (Азот) Плюс / Novamine N Plus 1 кг Bioera Іспанія,Туя західна (ий) Смарагд K17 G / H100-120,2444,332,"ID постачальника збігся, але різні об'єми або розміри"
,plantsclub,23.7,7981,7981,Біостимулятор росту НеоФлора / NeoFlora 1 л Neova Фінляндія,"Туйовик долотовидний PC14 C7,5 / H10-15",600,170,"ID постачальника збігся, але назви різні"
,plantsclub,23.7,4007,4007,Фумігант Токсігрейн (Токсифос) Toxigrain 560 ТВ 1 кг Деметра,Ялина звичайна Віллс Цверг C5 / H30-40,498,960,"ID постачальника збігся, але назви різні"
,plantsclub,23.7,2078,2078,Інсектицид Ампліго 150 ZC 100 мл Syngenta Сингента Швейцарія,Гібіскус сірійський Уайт Шифон ® C3,498,195,"ID постачальника збігся, але назви різні"
,plantsclub,23.7,3280,3280,Біофунгіцид Біодок / Biodoc 1 л SmartGrow Украина,Жимолость блискуча Майгрюн PC21 C5 / H20-25 / L40-50,274,300,"ID постачальника збігся, але назви різні"
,plantsclub,23.6,7514,7514,Добриво Агромастер Agromaster 6-13-24+9.5CaO+1.5MgO+14SO3 25 кг ICL Ізраїль,Тис ягідний (а) Девід Extra G / H100-120,1670,3360,"ID постачальника збігся, але різні бренди"
,plantsclub,23.6,7418,7418,Добриво Grogreen Гель Стартер NPK 16-69-16+TE 1 кг Lima Бельгія,Бузок звичайний Красавіца Москви PC17 C10 / Pa80-100,715,549,"ID постачальника збігся, але різні коди виробника"
,plantsclub,23.5,5056,5056,Протруйник Авіценна Плюс 5 л Alfa Smart Agro Альфа Смарт Агро Україна,Сосна корейська Шібамічі D6 / H30-40,6448,1284,"ID постачальника збігся, але назви різні"
,plantsclub,23.5,7835,7835,Добриво Кальційглюк / Calcigluc 5 л Bioera Іспанія,Туя західна (ий) Смарагд K19 C30 / H80-100,3120,508,"ID постачальника збігся, але назви різні"
,plantsclub,23.5,7980,7980,Регулятор росту НеоВіво / NeoVivo 1 л Neova Фінляндія,Туйовик долотовидний PC12 C5 / H10-15,755,170,"ID постачальника збігся, але назви різні"
,plantsclub,23.5,7837,7837,Добриво Неовіт фотоактив / Neovit Fotoactive 250 мл Bioera Іспанія,Туя західна (ий) Смарагд K19 C35 / H100-120,468,435,"ID постачальника збігся, але назви різні"
,plantsclub,23.5,7021,7021,Добриво Мастер Master 15+5+30 1 кг Valagro Валагро Італія,Рододендрон Прінцесс Анне C3,350,245,"ID постачальника збігся, але назви різні"
,plantsclub,23.5,4009,4009,Фумігант Токсіфос Toxiphos 560 ТАВ 300 г Деметра,"Ялина звичайна Віллс Цверг C7,5 / H40-50",275,1320,"ID постачальника збігся, але назви різні"
,plantsclub,23.4,8036,8036,Добриво Азуро / Azuro 19:19:19 25 кг ICL Бельгія,"Тсуга канадська K14 G+C27,5 / H80-100",3875,525,"ID постачальника збігся, але різні об'єми або розміри"
,plantsclub,23.4,1106,1106,Гербіцид Командир 5 л Ukravit Укравіт Україна,Самшит вічнозенений C100 / H125-150,2848,6210,"ID постачальника збігся, але назви різні"
,plantsclub,23.4,11.107,11107,Садовий секатор LOWE Original 11.107 Німеччина,Обрізка декоративних дерев та кущів рік за роком.,2490,220,"ID постачальника збігся, але назви різні"
,plantsclub,23.4,1173,1173,Гербіцид Штефам Новий 5 л Stefes / Штефес Ліхтенштейн,Кампсіс укорінливий Голдтрам C12 / o8-10 / Pa100,1875,1215,"ID постачальника збігся, але назви різні"
,plantsclub,23.4,7076,7076,Біостимулятор укорінювач Радіфарм Radifarm 1 л Syngenta (Valagro) Італія,Троянда Арка 180*200 C50,1748,10854,"ID постачальника збігся, але назви різні"
,plantsclub,23.4,2091,2091,Інсектицид Нупрід 200 500 мл Nufarm Нуфарм Австралія,Гіацинт Джипсі Кyін 15\16,500,25,"ID постачальника збігся, але різні бренди"
,plantsclub,23.4,3446,3446,Фунгіцид Вітоксид-Нітро 1 л Оrganiks-Group Україна,Магнолія зіркова C30 / H125-150,298,2225,"ID постачальника збігся, але назви різні"
,plantsclub,23.3,2287,2287,Інсектицид Галіл 5 л Аdama Адама Ізраїль,Гортензія волотиста Меджикал Фаєр ® PC21 C20 / H80,5998,492,"ID постачальника збігся, але назви різні"
,plantsclub,23.3,7297,7297,Біостимулятор Стімакс Флавер / Stimax Flower 5 л Meristem Мерістем Іспанія,Малина звичайна Хімбо-Топ BS GK,5448,20,"ID постачальника збігся, але різні бренди"
,plantsclub,23.3,8155,8155,Біостимулятор росту НеоФлора / NeoFlora 5 л Neova Фінляндія,Вейгела квітуча Александра C2,2820,174,"ID постачальника збігся, але назви різні"
,plantsclub,23.3,8147,8147,Біостимулятор Лесітімакс / Lecitimax 1 л Bioera Іспанія,Виноград культурний Красень NN GK,1820,50,"ID постачальника збігся, але різні бренди"
,plantsclub,23.3,7434,7434,Добриво GroGreen Гель Про-Форте 1 кг Lima Бельгія,Бузок звичайний Штамб K20 C45 / Pa80-100,1170,1330,"ID постачальника збігся, але назви різні"
,plantsclub,23.3,7834,7834,Добриво Кальційглюк / Calcigluc 1 л Bioera Іспанія,Туя західна (ий) Смарагд K19 C30 / H100-120,728,359,"ID постачальника збігся, але назви різні"
,plantsclub,23.3,7618,7618,Добриво Мікрокат Кальцій-Бор (Microcat Са-В) 250 мл Vitera Вітера Atlantica Agricola Іспания,Тис середній Хіксіі C15 / H80-100,294,1409,"ID постачальника збігся, але назви різні"
,plantsclub,23.3,3112,3112,Фунгіцид Гаубсин Форте 1 л Enzim Biotech Agro / Ензим Біотех Агро Україна,Лаванда вузьколиста Дварф Блю P9,156,40,"ID постачальника збігся, але назви різні"
,plantsclub,23.2,1193,1193,Гербіцид Клодекс Про 5 л Агрохімічні технології Україна,Граб звичайний Бонсай Extra C400 / H350-400,2548,69150,"ID постачальника збігся, але назви різні"
,plantsclub,23.2,7007,7007,Добриво Plantafol Плантафол 10+54+10 5 кг Syngenta (Valagro) Італія,Рододендрон гібридний Пінк Леді C5 / H30-40,2225,746,"ID постачальника збігся, але назви різні"
,plantsclub,23.2,1071,1071,Гербіцид Олімп 5 л Вассма-Кемікал,Береза звичайна Доренбос C20 / H200-250,1550,5400,"ID постачальника збігся, але назви різні"
,plantsclub,23.2,7832,7832,Добриво Неовіт Мікромікс / Neovit Micromix 1 л Bioerа Іспанія,Туя західна (ий) Смарагд K19 C25 / H60-80,885,363,"ID постачальника збігся, але назви різні"
,plantsclub,23.2,7484,7484,Мікродобриво Оракул Колофермін Заліза 1 л Долина Україна,Тис ягідний (а) Бонсай S-форма C80 / H200-225,298,99360,"ID постачальника збігся, але назви різні"
,plantsclub,23.1,8071,8071,Добриво Осмокот / Osmocote S-Curved 16+8+12 (8-9 M) 25 кг ICL Нідерланди,Тюльпан лілієквітний Прітті Вумен 11/12,9205,10,"ID постачальника збігся, але назви різні"
,plantsclub,23.1,7295,7295,Біостимулятор для обробки насіння Стімакс Сідс / Stimax Seeds 5 л Meristem Мерістем Іспанія,Розмарин лікарська Штамб C3 / Pa50,5398,425,"ID постачальника збігся, але назви різні"
,plantsclub,23.1,7530,7530,Добриво Нітрат калію Multi-K GG 13.5-0-46.2 25 кг Хайфа / Haifa Ізраїль,Тис ягідний (а) Мультиштамб C230 / H180-200,2298,23999,"ID постачальника збігся, але різні коди виробника"
,plantsclub,23.1,8034,8034,Добриво ТекноГель Аміно / TecnoGel Amino Development 8-4-28 1 л AgriTecno Іспанія,Тсуга канадська K G / H180-200,498,1500,"ID постачальника збігся, але назви різні"
,plantsclub,23.1,7908,7908,Добриво Леда / Leda NPK 14-5-28 +2.5MgO+4CaO+TE+GS + Amino 1 кг Нідерланди,Туя західна (ий) Смарагд Пон-Пон C55 / H120-130,198,5796,"ID постачальника збігся, але назви різні"
,plantsclub,23,3255,3255,Фунгіцид Абакус 10 л Basf Басф Німеччина,Ліріодендрон (Тюльпанове дерево) тюльпановий Фастігіатум Woodenbox 500 / H450-500 / o20-25,6198,10199,"ID постачальника збігся, але різні бренди"
,plantsclub,23,7428,7428,Добриво GroGreen Гель Меджик 1 кг Lima Бельгія,Бузок звичайний Сенсейшн PC17 C10 / Pa80-100,676,549,"ID постачальника збігся, але назви різні"
,plantsclub,22.9,7907,7907,Добриво Леда / Leda NPK 14-5-28 +2.5MgO+4CaO+TE+GS + Amino 25 кг Нідерланди,Туя західна (ий) Смарагд Пон-Пон C35 / H100-150,4447,6601,"ID постачальника збігся, але назви різні"
,plantsclub,22.9,8033,8033,Добриво ТекноГель Аміно / TecnoGel Amino Development 8-4-28 10 л AgriTecno Іспанія,Тсуга канадська K G / H160-180,4108,1125.59,"ID постачальника збігся, але назви різні"
,plantsclub,22.9,9809,9809,Чохол шкіряний Lowe (9809) Льове Німеччина,"Зрошувач звичайний Daye, DY3011",2090,45,"ID постачальника збігся, але різні бренди"
,plantsclub,22.8,6.107,6107,LOWE Original 6.107 Cекатор з ковадлом Німеччина,Сосна румелійська PC21 C3 / H20-25,2950,415,"ID постачальника збігся, але назви різні"
,plantsclub,22.7,8068,8068,Добриво GroGreen Гель Блек Меджик 5 л Lima Бельгія,Тюльпан бахромчастий Кріспі Голд 11\12,5300,10,"ID постачальника збігся, але назви різні"
,plantsclub,22.7,7030,7030,Добриво Брексіл Мікс Brexil Mix 5 кг Valagro Валагро Італія,Рододендрон понтійскій Гольдфліммер C3,2800,315,"ID постачальника збігся, але назви різні"
,plantsclub,22.7,7410,7410,Добриво GroGreen Гроліф NPK 0-40-40 + TE + QPS45 5 кг Lima Бельгія,Бузок звичайний K20 C55 / Pa80,2153,666,"ID постачальника збігся, але назви різні"
,plantsclub,22.5,7813,7813,Добриво Неовіт Кальціо / Neovit Calcio 1 л Bioera Іспанія,Туя західна (ий) Смарагд K G / H140-160,884,768,"ID постачальника збігся, але назви різні"
,plantsclub,22.5,8017,8017,Добриво Неовіт Боро / Neovit Boro 1 л Bioera Іспанія,Липа Штамб C180 / o20-25 / Pa180-190,878,16560,"ID постачальника збігся, але назви різні"
,plantsclub,22.5,7374,7374,Добриво Ferrum (Fe) 1 л SmartGrow Україна,Спірея японська Голдмунд PC21 C3,425,192,"ID постачальника збігся, але назви різні"
,plantsclub,22.4,8075,8075,Добриво Осмокот / Osmocote High K 12-8-19 (8-9 М) ICL 25 кг Нідерланди,Тюльпан багатоквітковий Торонто11/12,9529,10,"ID постачальника збігся, але назви різні"
,plantsclub,22.4,7315,7315,Добриво Вуксал БІО Аскофол WUXAL Bio Ascofol 10 л Unifer Уніфер Німеччина,Сціадопітіс кільчастий C12 / H100-120,5000,2707,"ID постачальника збігся, але назви різні"
,plantsclub,22.4,7423,7423,Добриво GroGreen Гель Кальцифос NPK 9-64-0+11СаО+1MgO+В+Zn 5 кг Lima Бельгія,Бузок звичайний Мадам Лемуан Штамб GK / Pa80,2990,455,"ID постачальника збігся, але різні бренди"
,plantsclub,22.4,7317,7317,Добриво Новалон Фоліар Novalon Foliar 10-45-15+0.5 MgO+МE 10 кг Terra Tarsa Туреччина,"Сціадопітіс кільчастий C7,5 / H40-50",2750,1740,"ID постачальника збігся, але назви різні"
,plantsclub,22.4,7306,7306,Добриво ЦTA Стимулянт-4 (CTA Stymulant-4) 1 л Meristem Мерістем Іспанія,Верба швейцарська Штамб C3 / Pa60,1298,305,"ID постачальника збігся, але назви різні"
,plantsclub,22.4,7628,7628,Біопестицид-фунгіцид Мікрокат Тен (Microcat Ten) 250 мл Вітера Atlantica Agricola Іспанія,Тис середній Хілліі C10 / H60-80,1048,1215,"ID постачальника збігся, але назви різні"
,plantsclub,22.4,7626,7626,Добриво Сульфат магнію / Magnesium Sulphate МКМ 25 кг Maltas Туреччина,Тис середній Хілліі Бонсай C130 / H180-200,625,49680,"ID постачальника збігся, але назви різні"
,plantsclub,22.2,8083,8083,Добриво Осмокот / Osmocote Micromax Premium TE (3-4М) 25 кг ICL Нідерланди,Тюльпан тріумф Вайт Дрім 11/12,9009,10,"ID постачальника збігся, але назви різні"
,plantsclub,22.2,9043,9043,Регулятор кислотності Носферату Регул - Еко (NospHeratu Regul – Eco) 5 л Вітера Atlantica Іспанія,Держак Fiskars QuikFit 136012 малий,2328,138,"ID постачальника збігся, але різні бренди"
,plantsclub,22.2,7838,7838,Добриво Неовіт Фотоактив / Neovit Fotoactive 1 л Bioera Іспанія,Туя західна (ий) Смарагд K19 C35 / H120-140,1456,420,"ID постачальника збігся, але назви різні"
,plantsclub,22.2,7776,7776,Добриво Ікар Біго Лівз З (Зимовий) / Ikar Bigo Leaves W 1 л Литва,Туя західна (ий) Мірьям ® PC18 C3,960,218,"ID постачальника збігся, але назви різні"
,plantsclub,22.2,7714,7714,Регулятор росту Ферті Рут / Ferti Root 1 л Кіссон Україна,Туя західна (ий) Даніка PC21 C3 / L20-30,810,196,"ID постачальника збігся, але назви різні"
,plantsclub,22.2,7486,7486,Мікродобрива Оракул Колофермін Магнію 1 л Долина Україна,Тис ягідний (а) C80 / H125-150,275,3960,"ID постачальника збігся, але назви різні"
,plantsclub,22.2,1153,1153,Гербіцид Гренадер Максі ВГ 500 г Агрохімічні технології Україна,Калла Ред Алерт 14+,,50,"ID постачальника збігся, але назви різні"
,plantsclub,22.1,7507,7507,Добриво YaraTera Krista MAG ЯраТера Кріста МАГ Нітрат магнію 25 кг Польща,Тис ягідний (а) Куб 100*100*50 C130,1398,9936,"ID постачальника збігся, але назви різні"
,plantsclub,22,8081,8081,Добриво Осмокот / Osmocote Topdress 22-5-6 (4-5 М) 25 кг ICL Нідерланди,Тюльпан тріумф Роналдо 11/12,6641,10,"ID постачальника збігся, але назви різні"
,plantsclub,22,7283,7283,Добриво Келькат Мікс ЕДТА / Kelkat Mix EDTA 5 кг Вітера Atlantica Agricola Іспанія,Троянда поліантова Румба DP G,4666,60,"ID постачальника збігся, але різні бренди"
,plantsclub,22,7768,7768,Біостимулятор Крузеро (Crucero) 5 л Вітера Atlantica Agricola Іспанія,Туя західна (ий) Мірьям ® C4,4364,315,"ID постачальника збігся, але назви різні"
,plantsclub,22,7778,7778,Добриво Фосто (Фосфор) / Fosto 5 л Ikar Литва,Туя західна (ий) Мірьям ® PC19 C5 / H15-20 / L20-25,3948,384,"ID постачальника збігся, але назви різні"
,plantsclub,22,8018,8018,Добриво Неовіт Боро / Neovit Boro 5 л Bioera Іспанія,Липа Штамб G+C100 / o20-25 / Pa180-190,3898,11505,"ID постачальника збігся, але назви різні"
,plantsclub,22,7790,7790,Добриво Ікар Менделєніум / Ikar Mendelenium 5 л Литва,Туя західна (ий) Смарагд C2 / H30-40,3489,151,"ID постачальника збігся, але назви різні"
,plantsclub,22,7430,7430,Добриво GroGreen Гель Блек Меджик 1 кг Lima Бельгія,Бузок звичайний Штамб C45 / Pa120,1014,666,"ID постачальника збігся, але назви різні"
,plantsclub,22,7775,7775,Добриво Ікар Біго Лівз В (Весняний) / Ikar Bigo Leaves S 1 л Литва,Туя західна (ий) Мірьям ® PC17 C3,954,130,"ID постачальника збігся, але назви різні"
,plantsclub,21.9,2230,2230,Інсектицид Престо КС 5 л Дефенда / Defenda,"Гортензія волотиста Лаймлайт C7,5",3498,275,"ID постачальника збігся, але назви різні"
,plantsclub,21.9,1149,1149,Гербіцид Геліос Максі 10 кг Агрохімічні Технології Україна,Калла Моцарт 14+,3248,60,"ID постачальника збігся, але назви різні"
,plantsclub,21.7,7640,7640,Укорінювач Хризопон Rose 0.1% 10 кг Rhizopon B.V. Нідерланди,Тис середній Хілліі PC C3,23585,276,"ID постачальника збігся, але різні бренди"
,plantsclub,21.7,7291,7291,Добриво Вігортем-С / Vigortem-S 0.5 кг Meristem Мерістем Іспанія,"Троянда Сі Фоам PC15 C1,2 / L30-40",930,60,"ID постачальника збігся, але назви різні"
,plantsclub,21.7,7814,7814,Добриво Неовіт Кальціо / Neovit Calcio 250 мл Bioera Іспанія,Туя західна (ий) Смарагд K G / H160-180,380,900,"ID постачальника збігся, але назви різні"
,plantsclub,21.5,9042,9042,Піногасник Супресор 1 л Укравіт Ukravit Україна,"Держак Bellota М952 SB для грабель1200 мм, d=28 мм (Беллота)",548,248,"ID постачальника збігся, але різні об'єми або розміри"
,plantsclub,21.4,7963,7963,Добриво Текнокель Аміно Кальцій / Tecnokel Amino Ca 1 л AgriTecno Іспанія,"Туя складчата Віпкорд D7,5 / H30-50",578,655,"ID постачальника збігся, але назви різні"
,plantsclub,21.2,4024,4024,Лімацид Слімекс Плюс / Slimex Plus 3 кг Overa Pest Solution Польща,Ялина звичайна Вінгліз Віпінг C20 / H80-100,825,4200,"ID постачальника збігся, але назви різні"
,plantsclub,21.2,7606,7606,Добриво GroGreen Гель Брасіка NPK 9-9-39+6.6MgO+54SO3+TE 200 г Lima Бельгія,Тис середній Хіксіі Бонсай C180 / H200-250,250,57960,"ID постачальника збігся, але назви різні"
,plantsclub,21.1,7002,7002,Добриво Мастер Маster 18+18+18+3 25 кг Syngenta (Valagro) Італія,Рододендрон гібридний Нова Зембла C3,4875,300,"ID постачальника збігся, але назви різні"
,plantsclub,21.1,7685,7685,Добриво Сульфат калію / Potassium Sulphate (SOLU K 52) 25 кг Salinen Austria AG Австрія,Туя західна (ий) Брабант PC22 C15,1948,540,"ID постачальника збігся, але назви різні"
,plantsclub,21.1,3137,3137,Фунгіцид Мерпан Платинум 1 кг Adama Адама Ізраїль,Бірючина звичайна GK / H80-100,698,50,"ID постачальника збігся, але різні бренди"
,plantsclub,20.9,3279,3279,Фунгіцид Процеб ВДГ 10 кг Sumi Agro Сумі Агро Японія,Жимолость блискуча Майгрюн PC21 C3,4798,174,"ID постачальника збігся, але назви різні"
,plantsclub,20.9,1102,1102,Гербіцид Пендіган 1 л Adama Адама Ізраїль,"Самшит вічнозенений Куля PC19 C27,5 / H35-40 / L40",598,1560,"ID постачальника збігся, але назви різні"
,plantsclub,20.8,3295,3295,Фунгіцид Чемпіон ВГ 10 кг Nufarm Нуфарм Австралія мідьвмістний препарат,Жимолость східна Зойка C2,6448,145,"ID постачальника збігся, але назви різні"
,plantsclub,20.8,7300,7300,Біостимулятор Стімакс Плюс / Stimax Plus 1 л Meristem Мерістем Іспанія,Малина звичайна Зюгана BS GK,1425,20,"ID постачальника збігся, але різні бренди"
,plantsclub,20.8,9102,9102,Прилипач Дует-Ефект 10 л Кіссон Україна,"Добриво Ekote Agriculture Hi N 26-05-11+3MgO (3 місяці), 25 кг",773,3193,"ID постачальника збігся, але різні об'єми або розміри"
,plantsclub,20.6,7298,7298,Біостимулятор Стімакс Фрут / Stimax Fruit 1 л Meristem Мерістем Іспанія,Малина звичайна Полька BS GK,1425,20,"ID постачальника збігся, але різні бренди"
,plantsclub,20.5,7077,7077,Біостимулятор росту Мегафол Megafol 10 л Syngenta (Valagro) Італія,Троянда Арка C80 / H175-200,6598,10867,"ID постачальника збігся, але назви різні"
,plantsclub,20.5,1105,1105,Гербіцид Датоніт Голд 5 л Ukravit Укравіт Україна,Самшит вічнозенений C10 / H20-25,2600,414,"ID постачальника збігся, але назви різні"
,plantsclub,20.5,7411,7411,Добриво GroGreen Гроліф NPK 0-40-40 + TE + QPS45 1 кг Lima Бельгія,Бузок звичайний K20 C65 / Pa80,487,552,"ID постачальника збігся, але назви різні"
,plantsclub,20.3,7417,7417,Добриво GroGreen Гель P-K-S NPK 7-47-44+3.2CaO+13.7SO3+TE 5 кг Lima Бельгія,Бузок звичайний Красавіца Москви K16 G / H80-100,3835,205,"ID постачальника збігся, але різні об'єми або розміри"
,plantsclub,20.3,7421,7421,Добриво GroGreen Гель Брасіка NPK 9-9-39+6.6MgO+54SO3+TE 5 кг Lima Бельгія,Бузок звичайний Мадам Лемуан PC17 C10 / Pa80-100,2327,549,"ID постачальника збігся, але назви різні"
,plantsclub,20.2,7027,7027,Добриво Брексіл Мульти Brexil Multi 1 кг Syngenta (Valagro) Італія,Рододендрон західна (ий) Джок Бридон C80 / H80-100,685,6293,"ID постачальника збігся, але назви різні"
,plantsclub,20.2,2221,2221,Інсектицид МуравНЕТ 300 г Overa Pest Solution Польща,"Гортензія волотиста Ільвобо Бобо ® C7,5",298,366,"ID постачальника збігся, але назви різні"
,plantsclub,20,1123,1123,Гербіцид Міладар Дуо 5 л Ukravit Укравіт Україна,"Самшит вічнозенений G+C7,5 / H50-75",3248,190,"ID постачальника збігся, але назви різні"
,plantsclub,20,1-1000,11000,Садова замазка Lac Balsam / Лак Бальзам 1 кг Frunol Delicia GmbH Німеччина,Ножиці ARS 330HN-P для рукоділля рожеві,1098,595,"ID постачальника збігся, але різні бренди"
,plantsclub,20,7416,7416,Добриво GroGreen Гель P-K-S NPK 7-47-44+3.2CaO+13.7SO3+TE 1 кг Lima Бельгія,Бузок звичайний Красавіца Москви K15 C20 / H80-100,936,460,"ID постачальника збігся, але різні коди виробника"
,plantsclub,19.8,4028,4028,Лімацид Слімекс Плюс / Slimex Plus 25 кг Overa Pest Solution Польща,Ялина двоколірна C10 / H30-40,5748,2318,"ID постачальника збігся, але назви різні"
,plantsclub,19.8,4008,4008,Лімацид Слімекс Плюс / Slimex Plus 5 кг Overa Pest Solution Польща,"Ялина звичайна Віллс Цверг C7,5 / H30-40",1350,1325,"ID постачальника збігся, але назви різні"
,plantsclub,19.6,8029,8029,Стимулятор росту Ізабіон 1 л ( розлив) Syngenta Сингента Швейцарія,Тсуга канадська K C65 / H180-200,998,2318,"ID постачальника збігся, але назви різні"
,plantsclub,19.4,9100,9100,Прилипач Магніт 10 л Кіссон Україна,"Добриво Ekote Agriculture Coated N 42-00-00 (5-6 місяців), 20 кг",1872,3499,"ID постачальника збігся, але різні об'єми або розміри"
,plantsclub,19.2,1108,1108,Гербіцид Міладар 5 л Ukravit Укравіт Україна,Самшит вічнозенений C180 / H130,1325,4830,"ID постачальника збігся, але назви різні"
,plantsclub,18.2,7412,7412,Добриво GroGreen Гель Вегетатив NPK 27-27-27+3MgO+TE 1 кг Lima Бельгія,Бузок звичайний K20 C80 / H140-160,680,1246,"ID постачальника збігся, але різні коди виробника"
,plantsclub,17.6,9101,9101,Ад’ювант Сілівіт 1 л Кіссон Україна,"Добриво Ekote Agriculture Coated N 43-00-00 (3-4 місяці), 20 кг",732,3346,"ID постачальника збігся, але різні об'єми або розміри"
,plantsclub,14.7,7079,7079,Біостимулятор Віва Viva 10 л Syngenta (Valagro) Італія,Троянда C2 / H20-30,5225,203,"ID постачальника збігся, але назви різні"
